<?xml version="1.0" encoding="UTF-8"?>
<!DOCTYPE mapper PUBLIC "-//mybatis.org//DTD Mapper 3.0//EN" "http://mybatis.org/dtd/mybatis-3-mapper.dtd">

<mapper namespace="Naver지수MapperXml">

    <insert id="merge">
    INSERT INTO 
        STOCK_NAVER.NAVER지수(
         일자
        ,순번
        ,국가명
        ,지수코드
        ,지수명
        ,현재가
        ,전일대비
        ,등락률
        ,방향
    ) VALUES (
         #{일자}
        ,#{순번}
        ,#{국가명}
        ,#{지수코드}
        ,#{지수명}
        ,#{현재가}
        ,#{전일대비}
        ,#{등락률}
        ,#{방향}
    ) ON DUPLICATE KEY UPDATE 
    <trim prefixOverrides=","> 
        , 지수명= #{지수명}
        , 현재가= #{현재가}
        , 전일대비= #{전일대비}
        , 등락률= #{등락률}
        , 방향= #{방향}
        , update_date= #{update_date}
    </trim>
    </insert>

	<insert id="bulk_insert">
	INSERT INTO 
        STOCK_NAVER.NAVER지수 (
         일자
        ,순번
        ,국가명
        ,지수코드
        ,지수명
        ,현재가
        ,전일대비
        ,등락률
        ,방향
        )
         VALUES
		<foreach collection="list" item="item" separator=",">
			(
                 #{item.일자}
                ,#{item.순번}
                ,#{item.국가명}
                ,#{item.지수코드}
                ,#{item.지수명}
                ,#{item.현재가}
                ,#{item.전일대비}
                ,#{item.등락률}
                ,#{item.방향}
			)
	 	</foreach>
	</insert>
	
    <insert id="insert">
    INSERT INTO 
        STOCK_NAVER.NAVER지수 (
         일자
        ,순번
        ,국가명
        ,지수코드
        ,지수명
        ,현재가
        ,전일대비
        ,등락률
        ,방향
        )
         VALUES 
        (
         #{일자}
        ,#{순번}
        ,#{국가명}
        ,#{지수코드}
        ,#{지수명}
        ,#{현재가}
        ,#{전일대비}
        ,#{등락률}
        ,#{방향}
        )
    </insert>

    <update id="update">
    UPDATE 
        STOCK_NAVER.NAVER지수 T
         SET 
         <trim prefixOverrides=",">
            <if test="_지수명 != null and _지수명 != ''">, 지수명= #{_지수명} </if>
            <if test="_현재가 != null and _현재가 != ''">, 현재가= #{_현재가} </if>
            <if test="_전일대비 != null and _전일대비 != ''">, 전일대비= #{_전일대비} </if>
            <if test="_등락률 != null and _등락률 != ''">, 등락률= #{_등락률} </if>
            <if test="_방향 != null and _방향 != ''">, 방향= #{_방향} </if>
            <if test="_update_date != null and _update_date != ''">, update_date= #{_update_date} </if>
        </trim>
        <include refid="where-list"/>
    </update>

	<delete id="delete">
    DELETE FROM 
        STOCK_NAVER.NAVER지수 T
        <include refid="where-list"/>
    </delete>
    
	<sql id="where-list">
    <trim prefix="WHERE" prefixOverrides="AND">
        <if test="일자 != null and 일자 != ''">
            AND T.일자 = #{일자}
        </if>
        <if test="순번 != null and 순번 != ''">
            AND T.순번 = #{순번}
        </if>
        <if test="국가명 != null and 국가명 != ''">
            AND T.국가명 = #{국가명}
        </if>
        <if test="지수코드 != null and 지수코드 != ''">
            AND T.지수코드 = #{지수코드}
        </if>
        <if test="지수명 != null and 지수명 != ''">
            AND T.지수명 = #{지수명}
        </if>
        <if test="현재가 != null and 현재가 != ''">
            AND T.현재가 = #{현재가}
        </if>
        <if test="전일대비 != null and 전일대비 != ''">
            AND T.전일대비 = #{전일대비}
        </if>
        <if test="등락률 != null and 등락률 != ''">
            AND T.등락률 = #{등락률}
        </if>
        <if test="방향 != null and 방향 != ''">
            AND T.방향 = #{방향}
        </if>
    </trim>
	</sql>

    <select id="select_count">
    SELECT COUNT(*) AS count FROM STOCK_NAVER.NAVER지수 T
    <include refid="where-list"/>
    </select>

	<select id="select_list">
    SELECT 
         T.일자
        ,T.순번
        ,T.국가명
        ,T.지수코드
        ,T.지수명
        ,T.현재가
        ,T.전일대비
        ,T.등락률
        ,T.방향
        ,DATE_FORMAT(T.insert_date,'%Y-%m-%d %H:%i:%s') AS insert_date
        ,DATE_FORMAT(T.update_date,'%Y-%m-%d %H:%i:%s') AS update_date
    FROM STOCK_NAVER.NAVER지수 T
    <include refid="where-list"/>
	<choose>
		<when test="order_by != null and order_by != ''">
			${order_by}
		</when>
		<otherwise>
		</otherwise>
	</choose>
	<if test="limit != null and limit != ''">
		limit ${limit}
	</if>
	</select>

</mapper>
