<?xml version="1.0" encoding="UTF-8"?>
<!DOCTYPE mapper PUBLIC "-//mybatis.org//DTD Mapper 3.0//EN" "http://mybatis.org/dtd/mybatis-3-mapper.dtd">

<mapper namespace="CalendarMapperXml">

    <insert id="merge">
    INSERT INTO 
        STOCK.CALENDAR(
         id
        ,nation
        ,year
        ,month
        ,day
        ,quarter
        ,week
        ,day_name
        ,month_name
        ,operating_flag
        ,holiday_flag
        ,weekend_flag
        ,event
        ,trade_history
    ) VALUES (
         #{id}
        ,#{nation}
        ,#{year}
        ,#{month}
        ,#{day}
        ,#{quarter}
        ,#{week}
        ,#{day_name}
        ,#{month_name}
        ,#{operating_flag}
        ,#{holiday_flag}
        ,#{weekend_flag}
        ,#{event}
        ,#{trade_history}
    ) ON DUPLICATE KEY UPDATE 
    <trim prefixOverrides=","> 
        , year= #{year}
        , month= #{month}
        , day= #{day}
        , quarter= #{quarter}
        , week= #{week}
        , day_name= #{day_name}
        , month_name= #{month_name}
        , operating_flag= #{operating_flag}
        , holiday_flag= #{holiday_flag}
        , weekend_flag= #{weekend_flag}
        , event= #{event}
        , trade_history= #{trade_history}
    </trim>
    </insert>

	<insert id="bulk_insert">
	INSERT INTO 
        STOCK.CALENDAR (
         id
        ,nation
        ,year
        ,month
        ,day
        ,quarter
        ,week
        ,day_name
        ,month_name
        ,operating_flag
        ,holiday_flag
        ,weekend_flag
        ,event
        ,trade_history
        )
         VALUES
		<foreach collection="list" item="item" separator=",">
			(
                 #{item.id}
                ,#{item.nation}
                ,#{item.year}
                ,#{item.month}
                ,#{item.day}
                ,#{item.quarter}
                ,#{item.week}
                ,#{item.day_name}
                ,#{item.month_name}
                ,#{item.operating_flag}
                ,#{item.holiday_flag}
                ,#{item.weekend_flag}
                ,#{item.event}
                ,#{item.trade_history}
			)
	 	</foreach>
	</insert>
	
    <insert id="insert">
    INSERT INTO 
        STOCK.CALENDAR (
         id
        ,nation
        ,year
        ,month
        ,day
        ,quarter
        ,week
        ,day_name
        ,month_name
        ,operating_flag
        ,holiday_flag
        ,weekend_flag
        ,event
        ,trade_history
        )
         VALUES 
        (
         #{id}
        ,#{nation}
        ,#{year}
        ,#{month}
        ,#{day}
        ,#{quarter}
        ,#{week}
        ,#{day_name}
        ,#{month_name}
        ,#{operating_flag}
        ,#{holiday_flag}
        ,#{weekend_flag}
        ,#{event}
        ,#{trade_history}
        )
    </insert>

    <update id="update">
    UPDATE 
        STOCK.CALENDAR T
         SET 
         <trim prefixOverrides=",">
            <if test="_year != null and _year != ''">, year= #{_year} </if>
            <if test="_month != null and _month != ''">, month= #{_month} </if>
            <if test="_day != null and _day != ''">, day= #{_day} </if>
            <if test="_quarter != null and _quarter != ''">, quarter= #{_quarter} </if>
            <if test="_week != null and _week != ''">, week= #{_week} </if>
            <if test="_day_name != null and _day_name != ''">, day_name= #{_day_name} </if>
            <if test="_month_name != null and _month_name != ''">, month_name= #{_month_name} </if>
            <if test="_operating_flag != null and _operating_flag != ''">, operating_flag= #{_operating_flag} </if>
            <if test="_holiday_flag != null and _holiday_flag != ''">, holiday_flag= #{_holiday_flag} </if>
            <if test="_weekend_flag != null and _weekend_flag != ''">, weekend_flag= #{_weekend_flag} </if>
            <if test="_event != null and _event != ''">, event= #{_event} </if>
            <if test="_trade_history != null and _trade_history != ''">, trade_history= #{_trade_history} </if>
        </trim>
        <include refid="where-list"/>
    </update>

	<delete id="delete">
    DELETE FROM 
        STOCK.CALENDAR T
        <include refid="where-list"/>
    </delete>
    
	<sql id="where-list">
    <trim prefix="WHERE" prefixOverrides="AND">
        <if test="id != null and id != ''">
            AND T.id = #{id}
        </if>
        <if test="nation != null and nation != ''">
            AND T.nation = #{nation}
        </if>
        <if test="year != null and year != ''">
            AND T.year = #{year}
        </if>
        <if test="month != null and month != ''">
            AND T.month = #{month}
        </if>
        <if test="day != null and day != ''">
            AND T.day = #{day}
        </if>
        <if test="quarter != null and quarter != ''">
            AND T.quarter = #{quarter}
        </if>
        <if test="week != null and week != ''">
            AND T.week = #{week}
        </if>
        <if test="day_name != null and day_name != ''">
            AND T.day_name = #{day_name}
        </if>
        <if test="month_name != null and month_name != ''">
            AND T.month_name = #{month_name}
        </if>
        <if test="operating_flag != null and operating_flag != ''">
            AND T.operating_flag = #{operating_flag}
        </if>
        <if test="holiday_flag != null and holiday_flag != ''">
            AND T.holiday_flag = #{holiday_flag}
        </if>
        <if test="weekend_flag != null and weekend_flag != ''">
            AND T.weekend_flag = #{weekend_flag}
        </if>
        <if test="event != null and event != ''">
            AND T.event = #{event}
        </if>
        <if test="trade_history != null and trade_history != ''">
            AND T.trade_history = #{trade_history}
        </if>
    </trim>
	</sql>

    <select id="select_count">
    SELECT COUNT(*) AS count FROM STOCK.CALENDAR T
    <include refid="where-list"/>
    </select>

	<select id="select_list">
    SELECT 
         T.id
        ,T.nation
        ,T.year
        ,T.month
        ,T.day
        ,T.quarter
        ,T.week
        ,T.day_name
        ,T.month_name
        ,T.operating_flag
        ,T.holiday_flag
        ,T.weekend_flag
        ,T.event
        ,T.trade_history
    FROM STOCK.CALENDAR T
    <include refid="where-list"/>
	<choose>
		<when test="order_by != null and order_by != ''">
			${order_by}
		</when>
		<otherwise>
		</otherwise>
	</choose>
	<if test="limit != null and limit != ''">
		limit ${limit}
	</if>
	</select>

</mapper>
