<?xml version="1.0" encoding="UTF-8"?>
<!DOCTYPE mapper PUBLIC "-//mybatis.org//DTD Mapper 3.0//EN" "http://mybatis.org/dtd/mybatis-3-mapper.dtd">

<mapper namespace="kr.innovationpark.sample.sampleDAO">
	<!-- visit site -->
	<select id="selectList" parameterType="HashMap" resultType="HashMap">
		SELECT 
	 COUNTRY_ID      AS countryId			/* PK */ 
	,COUNTRY_NAME    AS countryName			/* Country name */ 
	,REGION_ID       AS regionId			/* Region ID . Foreign key to region_id column in the departments table. */ 
FROM COUNTRIES
WHERE 1=1 
AND COUNTRY_ID = [:countryId] 

	</select>

	<insert id="insert" parameterType="HashMap" useGeneratedKeys="true"
		keyProperty="HashMap">
		INSERT /* javaSampleSql.xml, insert */
INTO COUNTRIES (
	 COUNTRY_ID			                       /* PK */ 
	,COUNTRY_NAME			                     /* Country name */ 
	,REGION_ID			                        /* Region ID . Foreign key to region_id column in the departments table. */ 
) VALUES (
	 [:countryId]
	,[:countryName]
	,[:regionId]
)
	</insert>

	<update id="update" parameterType="HashMap">
		UPDATE  /* javaSampleSql.xml, update */
	COUNTRIES SET
	 [:COUNTRY_ID = countryId,]			       /* PK */ 
	,[:COUNTRY_NAME = countryName,]			   /* Country name */ 
	,[:REGION_ID = regionId,]			         /* Region ID . Foreign key to region_id column in the departments table. */ 
WHERE 1=1 
AND COUNTRY_ID = [:countryId] 

	</update>

	<delete id="delete" parameterType="HashMap">
		DELETE  /* javaSampleSql.xml, delete */
FROM COUNTRIES
 WHERE 1=1 
AND COUNTRY_ID = [:countryId] 

	</delete>
</mapper>
