<?xml version="1.0" encoding="UTF-8"?>
<!DOCTYPE mapper PUBLIC "-//mybatis.org//DTD Mapper 3.0//EN" "http://mybatis.org/dtd/mybatis-3-mapper.dtd">

<mapper namespace="kr.innovationpark.sample.sampleDAO">
	<!-- visit site -->
	<select id="selectList" parameterType="HashMap" resultType="HashMap">
		SELECT 
	 COUNTRY_ID      AS countryId			/* PK */ 
	,COUNTRY_NAME    AS countryName			/* Country name */ 
	,REGION_ID       AS regionId			/* Region ID . Foreign key to region_id column in the departments table. */ 
FROM COUNTRIES
WHERE 1=1 

	</select>

	<insert id="insert" parameterType="HashMap" useGeneratedKeys="true"
		keyProperty="HashMap">
		INSERT /* daoSampleDAOMapper.xml, insert */
INTO COUNTRIES (
	 COUNTRY_ID			                       /* PK */ 
	,COUNTRY_NAME			                     /* Country name */ 
	,REGION_ID			                        /* Region ID . Foreign key to region_id column in the departments table. */ 
) VALUES (
	 #{countryId}
	,#{countryName}
	,#{regionId}
)
	</insert>

	<update id="update" parameterType="HashMap">
		UPDATE  /* daoSampleDAOMapper.xml, update */
	COUNTRIES SET
	 COUNTRY_ID = #{countryId}			        /* PK */ 
	,COUNTRY_NAME = #{countryName}			    /* Country name */ 
	,REGION_ID = #{regionId}			          /* Region ID . Foreign key to region_id column in the departments table. */ 
WHERE 1=1 

	</update>

	<delete id="delete" parameterType="HashMap">
		DELETE  /* daoSampleDAOMapper.xml, delete */
FROM COUNTRIES
 WHERE 1=1 

	</delete>
</mapper>

<!-- <resultMap type="blogBoardMVO" id="blogBoardMap"> <result column="BLOG_BRD_IDX" 
	property="blogBrdIdx"/> <result column="MBR_IDX" property="mbrIdx"/> <result 
	column="BLOG_MNU_IDX" property="blogMnuIdx"/> <result column="MNU_NM" property="mnuNm"/> 
	<result column="TITL" property="titl"/> <result column="BODY" property="body"/> 
	<result column="FILE_PATH" property="filePath"/> <result column="OPEN_YN" 
	property="openYn"/> <result column="PUB_YN" property="pubYn"/> <result column="CRE_DTTM" 
	property="creDttm"/> <result column="MOD_DTTM" property="modDttm"/> <result 
	column="CMMT_CNT" property="cmmtCnt"/> <result column="BLOG" property="blog"/> 
	<result column="OZTN_IMG_PATH" property="oztnImgPath"/> <collection column="{filePath=FILE_PATH}" 
	notNullColumn="FILE_PATH" property="file" javaType="fileDTO" ofType="fileDTO" 
	select="kr.innovationpark.file.fileDAO.selectFileList"/> </resultMap> -->
