<?xml version="1.0" encoding="UTF-8"?>
<!DOCTYPE mapper PUBLIC "-//mybatis.org//DTD Mapper 3.0//EN" "http://mybatis.org/dtd/mybatis-3-mapper.dtd">

<mapper namespace="com.hyundaicard.cse.app.login.mapper.LoginMapper">

	<sql id="searchField">
		LOGIN_ID	 as userId
		FROM TS_MEMBER_INFO
	</sql>

	<sql id="userInfo">
		MEMBER_ID_SQ 	as memberIdSq,
		LOGIN_ID			as userId,
		CUSTOMER_NO 	    as customerNo,
		UUID 			as uuid,
		HCC_AUTH_YN		as hccAuthYN
		FROM TS_MEMBER_INFO
		<where>
			LOGIN_ID = #{userId}
			AND
			USE_YN = 'Y'
		</where>
	</sql>
	
	<!-- LoginMapper.xml, getUserIdList - 리스트 -->
	<select id="getUserIdList" resultType="UserEntity">
		SELECT 
			<include refid="com.hyundaicard.cse.app.login.mapper.LoginMapper.searchField"/>
	</select>
	
	<select id="getUserInfo" parameterType="UserEntity" resultType="UserEntity">
		SELECT 
			<include refid="com.hyundaicard.cse.app.login.mapper.LoginMapper.userInfo"/>
	</select>
	
	<select id="tempGetUserInfo" parameterType="UserEntity" resultType="UserEntity">
		SELECT 
			MEMBER_ID_SQ 	as memberIdSq,
			LOGIN_ID			as userId,
			MEMBER_ID_SQ 	as customerNo,
			UUID 			as uuid,
			HCC_AUTH_YN		as hccAuthYN
			FROM TS_MEMBER_INFO
			WHERE
				LOGIN_ID = #{userId}
				AND
				USE_YN = 'Y'
	</select>
	
	<update id="updateUserUuid" parameterType="UserEntity">		  
		UPDATE TS_MEMBER_INFO 
		SET
			UUID = #{uuid},
			UPDATE_DT = NOW()
		WHERE 
			LOGIN_ID = #{userId} 
	</update>
	
	<update id="updateLastLoginDate" parameterType="UserEntity">		  
		UPDATE TS_MEMBER_INFO 
		SET			
			LAST_LOGIN_DT = NOW()
		WHERE 
			LOGIN_ID = #{userId} 
	</update>
	
	<insert id="updateAutoLoginInfo" parameterType="AutoLoginEntity">
		INSERT  
			INTO TS_AUTO_LOGIN_AUTH_INFO (
				LOGIN_ID,
				UUID,
				LOGIN_AUTH_TOKEN,
				HC1,
				HC2,
				INSERT_DT,
				UPDATE_DT 
				) 
			VALUES( 
				#{loginId},
				#{uuid},
				#{loginAuthToken},
				#{hc1},
				#{hc2},
				NOW(),
				NOW()
				  )
		ON DUPLICATE KEY UPDATE
		UPDATE_DT = NOW(),
		LOGIN_AUTH_TOKEN = #{loginAuthToken},
		HC1 = #{hc1},
		HC2 = #{hc2}
	</insert>
	
	<select id="getAutoLoginInfo" parameterType="AutoLoginEntity" resultType="AutoLoginEntity">
		SELECT 
			T0.*
		FROM(
			SELECT
				A.LOGIN_ID as loginId,
				A.UUID as uuid,
				A.LOGIN_AUTH_TOKEN as loginAuthToken,
				A.HC1 as hc1,
				A.HC2 as hc2,
				B.MEMBER_ID_SQ as memberIdSq,
				B.CUSTOMER_NO as customerNo,
				B.HCC_AUTH_YN as hccAuthYN
			FROM 
				TS_AUTO_LOGIN_AUTH_INFO A
				LEFT JOIN TS_MEMBER_INFO B ON A.LOGIN_ID = B.LOGIN_ID
			WHERE A.UUID = #{uuid}
			AND	  A.LOGIN_AUTH_TOKEN = #{loginAuthToken}
		)T0	
	</select>
	
</mapper>