<?xml version="1.0" encoding="UTF-8"?>
<!DOCTYPE mapper PUBLIC "-//mybatis.org//DTD Mapper 3.0//EN" "http://mybatis.org/dtd/mybatis-3-mapper.dtd">

<mapper namespace="매수매도판단결과000020MapperXml">

    <insert id="merge">
    INSERT INTO 
        STOCK_TRANS_매수매도판단결과.매수매도판단결과_000020(
         일자
        ,매수매도종류
        ,전략
        ,ohlc
        ,key
        ,결과
    ) VALUES (
         #{일자}
        ,#{매수매도종류}
        ,#{전략}
        ,#{ohlc}
        ,#{key}
        ,#{결과}
    ) ON DUPLICATE KEY UPDATE 
    <trim prefixOverrides=","> 
        , 결과= #{결과}
        , update_date= #{update_date}
    </trim>
    </insert>

	<insert id="bulk_insert">
	INSERT INTO 
        STOCK_TRANS_매수매도판단결과.매수매도판단결과_000020 (
         일자
        ,매수매도종류
        ,전략
        ,ohlc
        ,key
        ,결과
        )
         VALUES
		<foreach collection="list" item="item" separator=",">
			(
                 #{item.일자}
                ,#{item.매수매도종류}
                ,#{item.전략}
                ,#{item.ohlc}
                ,#{item.key}
                ,#{item.결과}
			)
	 	</foreach>
	</insert>
	
    <insert id="insert">
    INSERT INTO 
        STOCK_TRANS_매수매도판단결과.매수매도판단결과_000020 (
         일자
        ,매수매도종류
        ,전략
        ,ohlc
        ,key
        ,결과
        )
         VALUES 
        (
         #{일자}
        ,#{매수매도종류}
        ,#{전략}
        ,#{ohlc}
        ,#{key}
        ,#{결과}
        )
    </insert>

    <update id="update">
    UPDATE 
        STOCK_TRANS_매수매도판단결과.매수매도판단결과_000020 T
         SET 
         <trim prefixOverrides=",">
            <if test="_결과 != null and _결과 != ''">, 결과= #{_결과} </if>
            <if test="_update_date != null and _update_date != ''">, update_date= #{_update_date} </if>
        </trim>
        <include refid="where-list"/>
    </update>

	<delete id="delete">
    DELETE FROM 
        STOCK_TRANS_매수매도판단결과.매수매도판단결과_000020 T
        <include refid="where-list"/>
    </delete>
    
	<sql id="where-list">
    <trim prefix="WHERE" prefixOverrides="AND">
        <if test="일자 != null and 일자 != ''">
            AND T.일자 = #{일자}
        </if>
        <if test="매수매도종류 != null and 매수매도종류 != ''">
            AND T.매수매도종류 = #{매수매도종류}
        </if>
        <if test="전략 != null and 전략 != ''">
            AND T.전략 = #{전략}
        </if>
        <if test="ohlc != null and ohlc != ''">
            AND T.ohlc = #{ohlc}
        </if>
        <if test="key != null and key != ''">
            AND T.key = #{key}
        </if>
        <if test="결과 != null and 결과 != ''">
            AND T.결과 = #{결과}
        </if>
    </trim>
	</sql>

    <select id="select_count">
    SELECT COUNT(*) AS count FROM STOCK_TRANS_매수매도판단결과.매수매도판단결과_000020 T
    <include refid="where-list"/>
    </select>

	<select id="select_list">
    SELECT 
         T.일자
        ,T.매수매도종류
        ,T.전략
        ,T.ohlc
        ,T.key
        ,T.결과
        ,DATE_FORMAT(T.insert_date,'%Y-%m-%d %H:%i:%s') AS insert_date
        ,DATE_FORMAT(T.update_date,'%Y-%m-%d %H:%i:%s') AS update_date
    FROM STOCK_TRANS_매수매도판단결과.매수매도판단결과_000020 T
    <include refid="where-list"/>
	<choose>
		<when test="order_by != null and order_by != ''">
			${order_by}
		</when>
		<otherwise>
		</otherwise>
	</choose>
	<if test="limit != null and limit != ''">
		limit #{limit}
	</if>
	</select>

</mapper>
