<?xml version="1.0" encoding="UTF-8"?>
<!DOCTYPE mapper PUBLIC "-//mybatis.org//DTD Mapper 3.0//EN" "http://mybatis.org/dtd/mybatis-3-mapper.dtd">

<mapper namespace="idstrust.lsp.#group#.#group1#.mapper.#camelTableFirstUpperName#Mapper">

    <sql id="where-list">
#where#
    </sql>

    <select id="selectList#camelTableFirstUpperName#" parameterType="paramMap" resultType="egovMap">
    /* #camelTableFirstUpperName#Mapper.selectList#camelTableFirstUpperName# */
    <if test="page != null"><include refid="idstrust.lsp.config.common.mapper.CommonMapper.pre-paginated-frag" /></if>
#select#
	<if test="page != null"><include refid="idstrust.lsp.config.common.mapper.CommonMapper.post-paginated-frag" /></if>
    </select>

    <select id="select#camelTableFirstUpperName#" parameterType="paramMap" resultType="egovMap">
    /* #camelTableFirstUpperName#Mapper.select#camelTableFirstUpperName# */
#infoSelect#
    </select>

    <insert id="insert#camelTableFirstUpperName#" useGeneratedKeys="true" keyProperty="#camelTableName#Pk" parameterType="#camelTableName#VO">
    /* #camelTableFirstUpperName#Mapper.insert#camelTableFirstUpperName# */
#insert#
    </insert>

    <update id="update#camelTableFirstUpperName#" parameterType="#camelTableName#VO">
    /* #camelTableFirstUpperName#Mapper.update#camelTableFirstUpperName# */
#update#
    </update>

    <delete id="delete#camelTableFirstUpperName#" parameterType="#camelTableName#VO">
    /* #camelTableFirstUpperName#Mapper.delete#camelTableFirstUpperName# */
#delete#
    </delete>

    <insert id="insert#camelTableFirstUpperName#" useGeneratedKeys="true" keyProperty="#camelTableName#Pk" parameterType="#camelTableName#VO">
    /* #camelTableFirstUpperName#Mapper.insert#camelTableFirstUpperName# */
#merge#
    </insert>


</mapper>
