<?xml version="1.0" encoding="UTF-8"?>
<!DOCTYPE mapper PUBLIC "-//mybatis.org//DTD Mapper 3.0//EN" "http://mybatis.org/dtd/mybatis-3-mapper.dtd">

<mapper namespace="키움업종지수KospiMapperXml">

    <insert id="merge">
    INSERT INTO 
        STOCK_KIWOOM_키움업종.키움업종지수_KOSPI(
         일자
        ,서버시간
        ,종목코드
        ,종목명
        ,체결시간
        ,현재가
        ,전일대비
        ,등락율
        ,거래량
        ,누적거래량
        ,누적거래대금
        ,시가
        ,고가
        ,저가
        ,전일대비기호
        ,전일거래량대비_계약_주
    ) VALUES (
         #{일자}
        ,#{서버시간}
        ,#{종목코드}
        ,#{종목명}
        ,#{체결시간}
        ,#{현재가}
        ,#{전일대비}
        ,#{등락율}
        ,#{거래량}
        ,#{누적거래량}
        ,#{누적거래대금}
        ,#{시가}
        ,#{고가}
        ,#{저가}
        ,#{전일대비기호}
        ,#{전일거래량대비_계약_주}
    ) ON DUPLICATE KEY UPDATE 
    <trim prefixOverrides=","> 
        , 일자= #{일자}
        , 서버시간= #{서버시간}
        , 종목코드= #{종목코드}
        , 종목명= #{종목명}
        , 체결시간= #{체결시간}
        , 현재가= #{현재가}
        , 전일대비= #{전일대비}
        , 등락율= #{등락율}
        , 거래량= #{거래량}
        , 누적거래량= #{누적거래량}
        , 누적거래대금= #{누적거래대금}
        , 시가= #{시가}
        , 고가= #{고가}
        , 저가= #{저가}
        , 전일대비기호= #{전일대비기호}
        , 전일거래량대비_계약_주= #{전일거래량대비_계약_주}
        , update_date= #{update_date}
    </trim>
    </insert>

	<insert id="bulk_insert">
	INSERT INTO 
        STOCK_KIWOOM_키움업종.키움업종지수_KOSPI (
         일자
        ,서버시간
        ,종목코드
        ,종목명
        ,체결시간
        ,현재가
        ,전일대비
        ,등락율
        ,거래량
        ,누적거래량
        ,누적거래대금
        ,시가
        ,고가
        ,저가
        ,전일대비기호
        ,전일거래량대비_계약_주
        )
         VALUES
		<foreach collection="list" item="item" separator=",">
			(
                 #{item.일자}
                ,#{item.서버시간}
                ,#{item.종목코드}
                ,#{item.종목명}
                ,#{item.체결시간}
                ,#{item.현재가}
                ,#{item.전일대비}
                ,#{item.등락율}
                ,#{item.거래량}
                ,#{item.누적거래량}
                ,#{item.누적거래대금}
                ,#{item.시가}
                ,#{item.고가}
                ,#{item.저가}
                ,#{item.전일대비기호}
                ,#{item.전일거래량대비_계약_주}
			)
	 	</foreach>
	</insert>
	
    <insert id="insert">
    INSERT INTO 
        STOCK_KIWOOM_키움업종.키움업종지수_KOSPI (
         일자
        ,서버시간
        ,종목코드
        ,종목명
        ,체결시간
        ,현재가
        ,전일대비
        ,등락율
        ,거래량
        ,누적거래량
        ,누적거래대금
        ,시가
        ,고가
        ,저가
        ,전일대비기호
        ,전일거래량대비_계약_주
        )
         VALUES 
        (
         #{일자}
        ,#{서버시간}
        ,#{종목코드}
        ,#{종목명}
        ,#{체결시간}
        ,#{현재가}
        ,#{전일대비}
        ,#{등락율}
        ,#{거래량}
        ,#{누적거래량}
        ,#{누적거래대금}
        ,#{시가}
        ,#{고가}
        ,#{저가}
        ,#{전일대비기호}
        ,#{전일거래량대비_계약_주}
        )
    </insert>

    <update id="update">
    UPDATE 
        STOCK_KIWOOM_키움업종.키움업종지수_KOSPI T
         SET 
         <trim prefixOverrides=",">
            <if test="_일자 != null and _일자 != ''">, 일자= #{_일자} </if>
            <if test="_서버시간 != null and _서버시간 != ''">, 서버시간= #{_서버시간} </if>
            <if test="_종목코드 != null and _종목코드 != ''">, 종목코드= #{_종목코드} </if>
            <if test="_종목명 != null and _종목명 != ''">, 종목명= #{_종목명} </if>
            <if test="_체결시간 != null and _체결시간 != ''">, 체결시간= #{_체결시간} </if>
            <if test="_현재가 != null and _현재가 != ''">, 현재가= #{_현재가} </if>
            <if test="_전일대비 != null and _전일대비 != ''">, 전일대비= #{_전일대비} </if>
            <if test="_등락율 != null and _등락율 != ''">, 등락율= #{_등락율} </if>
            <if test="_거래량 != null and _거래량 != ''">, 거래량= #{_거래량} </if>
            <if test="_누적거래량 != null and _누적거래량 != ''">, 누적거래량= #{_누적거래량} </if>
            <if test="_누적거래대금 != null and _누적거래대금 != ''">, 누적거래대금= #{_누적거래대금} </if>
            <if test="_시가 != null and _시가 != ''">, 시가= #{_시가} </if>
            <if test="_고가 != null and _고가 != ''">, 고가= #{_고가} </if>
            <if test="_저가 != null and _저가 != ''">, 저가= #{_저가} </if>
            <if test="_전일대비기호 != null and _전일대비기호 != ''">, 전일대비기호= #{_전일대비기호} </if>
            <if test="_전일거래량대비_계약_주 != null and _전일거래량대비_계약_주 != ''">, 전일거래량대비_계약_주= #{_전일거래량대비_계약_주} </if>
            <if test="_update_date != null and _update_date != ''">, update_date= #{_update_date} </if>
        </trim>
        <include refid="where-list"/>
    </update>

	<delete id="delete">
    DELETE FROM 
        STOCK_KIWOOM_키움업종.키움업종지수_KOSPI T
        <include refid="where-list"/>
    </delete>
    
	<sql id="where-list">
    <trim prefix="WHERE" prefixOverrides="AND">
        <if test="일자 != null and 일자 != ''">
            AND T.일자 = #{일자}
        </if>
        <if test="서버시간 != null and 서버시간 != ''">
            AND T.서버시간 = #{서버시간}
        </if>
        <if test="종목코드 != null and 종목코드 != ''">
            AND T.종목코드 = #{종목코드}
        </if>
        <if test="종목명 != null and 종목명 != ''">
            AND T.종목명 = #{종목명}
        </if>
        <if test="체결시간 != null and 체결시간 != ''">
            AND T.체결시간 = #{체결시간}
        </if>
        <if test="현재가 != null and 현재가 != ''">
            AND T.현재가 = #{현재가}
        </if>
        <if test="전일대비 != null and 전일대비 != ''">
            AND T.전일대비 = #{전일대비}
        </if>
        <if test="등락율 != null and 등락율 != ''">
            AND T.등락율 = #{등락율}
        </if>
        <if test="거래량 != null and 거래량 != ''">
            AND T.거래량 = #{거래량}
        </if>
        <if test="누적거래량 != null and 누적거래량 != ''">
            AND T.누적거래량 = #{누적거래량}
        </if>
        <if test="누적거래대금 != null and 누적거래대금 != ''">
            AND T.누적거래대금 = #{누적거래대금}
        </if>
        <if test="시가 != null and 시가 != ''">
            AND T.시가 = #{시가}
        </if>
        <if test="고가 != null and 고가 != ''">
            AND T.고가 = #{고가}
        </if>
        <if test="저가 != null and 저가 != ''">
            AND T.저가 = #{저가}
        </if>
        <if test="전일대비기호 != null and 전일대비기호 != ''">
            AND T.전일대비기호 = #{전일대비기호}
        </if>
        <if test="전일거래량대비_계약_주 != null and 전일거래량대비_계약_주 != ''">
            AND T.전일거래량대비_계약_주 = #{전일거래량대비_계약_주}
        </if>
    </trim>
	</sql>

    <select id="select_count">
    SELECT COUNT(*) AS count FROM STOCK_KIWOOM_키움업종.키움업종지수_KOSPI T
    <include refid="where-list"/>
    </select>

	<select id="select_list">
    SELECT 
         T.일자
        ,T.서버시간
        ,T.종목코드
        ,T.종목명
        ,T.체결시간
        ,T.현재가
        ,T.전일대비
        ,T.등락율
        ,T.거래량
        ,T.누적거래량
        ,T.누적거래대금
        ,T.시가
        ,T.고가
        ,T.저가
        ,T.전일대비기호
        ,T.전일거래량대비_계약_주
        ,DATE_FORMAT(T.insert_date,'%Y-%m-%d %H:%i:%s') AS insert_date
        ,DATE_FORMAT(T.update_date,'%Y-%m-%d %H:%i:%s') AS update_date
    FROM STOCK_KIWOOM_키움업종.키움업종지수_KOSPI T
    <include refid="where-list"/>
	<choose>
		<when test="order_by != null and order_by != ''">
			${order_by}
		</when>
		<otherwise>
		</otherwise>
	</choose>
	<if test="limit != null and limit != ''">
		limit #{limit}
	</if>
	</select>

</mapper>
