<?xml version="1.0" encoding="UTF-8"?>
<!DOCTYPE mapper PUBLIC "-//mybatis.org//DTD Mapper 3.0//EN" "http://mybatis.org/dtd/mybatis-3-mapper.dtd">
<mapper namespace="web.townsi.com.work.mapper.postgresql.SettingMapper">

<select id="selectTableComment" parameterType="hashMap" resultType="java.lang.String">
select
	obj_description(c.oid) as TABLE_COMMENT
from
	pg_catalog.pg_class c
inner join pg_catalog.pg_namespace n on
	c.relnamespace = n.oid
where
	1 = 1
	and c.relkind = 'r'
	and nspname = #{tableSchema}
	and relname = #{tableName}     
</select>


<select id="selectTableAutoIncrement" parameterType="hashMap" resultType="int">
SELECT
	COUNT(*)
FROM
	`information_schema`.`COLUMNS`
WHERE 1=1
and TABLE_SCHEMA = #{tableSchema}
AND   TABLE_NAME   = #{tableName}
and `EXTRA` = 'auto_increment'
</select>


<select id="selectTableList" parameterType="hashMap" resultType="hashMap" flushCache="true">
	SELECT
		*
	FROM INFORMATION_SCHEMA.TABLES
	WHERE TABLE_SCHEMA = #{tableSchema}
	<choose>
		<when test='task.equals("order1")'>
	   		AND TABLE_NAME like 'OWSA100%'
		</when>
		<when test='task.equals("order2")'>
	   		AND TABLE_NAME like 'OWLO00%'
		</when>
		<when test='task.equals("SALES")'>
			AND TABLE_NAME LIKE 'OWSA00%'
			AND TABLE_NAME not LIKE '%_OLD'
			order by TABLE_NAME    			
	</when>
	</choose>

</select>

<select id="selectTableInfo" parameterType="hashMap" resultType="hashMap" flushCache="true">
with T2 as (
	select
		ps.relname as table_name,
		pa.attname as column_name,
		pd.description as column_comment
	from
		pg_stat_all_tables ps,
		pg_description pd,
		pg_attribute pa
	where
		pd.objsubid != 0
		and ps.relid = pd.objoid
		and pd.objoid = pa.attrelid
		and pd.objsubid = pa.attnum
		and ps.schemaname = #{tableSchema}
		and ps.relname = #{tableName}
	order by
		ps.relname,
		pd.objsubid
), T3 as (
	select kcu.table_schema,
	       kcu.table_name,
	       tco.constraint_name,
	       kcu.ordinal_position as position,
	       kcu.column_name as key_column
	from information_schema.table_constraints tco
	join information_schema.key_column_usage kcu 
	     on kcu.constraint_name = tco.constraint_name
	     and kcu.constraint_schema = tco.constraint_schema
	     and kcu.constraint_name = tco.constraint_name
	where tco.constraint_type = 'PRIMARY KEY'
	and kcu.table_schema  = #{tableSchema}
	and kcu.table_name  = #{tableName}
	order by kcu.table_schema,
	         kcu.table_name,
	         position
)
	SELECT
		A.*
		,concat('private ',A.w_type) AS mem_vari
			from (
				select
						T1.ordinal_position as ordinal_position,
						T2.column_comment as column_comment,
						T2.column_comment as comments,
						T1.column_name as column_name,
						T1.column_name as set_get_column_name,
						T1.column_name as set_get_column_name,
						T1.column_name AS camel_column_name,
						T1.data_type as column_type,
						T1.is_nullable as is_nullable,
						T1.data_type as data_type
						,(case
							when T1.data_type = 'bigint' then 'long'
							when T1.data_type ilike 'int%' then 'integer'
							when T1.data_type = 'float%' then 'float'
							when T1.data_type = 'long%' then 'long'
							when T1.data_type = 'tinyint' then 'integer'
							when T1.data_type = 'decimal' then 'integer'
							when T1.data_type = 'smallint' then 'integer'
							when T1.data_type = 'datetime' then 'date'
							when T1.data_type = 'varchar' then 'string'
							when T1.data_type = 'mediumtext' then 'string'
						else 'string' end) as w_type
						,(case when T3.key_column is not null then 'pk' end ) as pk
					from
						information_schema.columns T1
							left outer join T2 T2 on
								(T1.column_name = T2.column_name)
							left outer join T3 T3 on
								(T1.column_name = T3.key_column)							
					where 1=1
								and T1.table_schema = #{tableSchema}
								and T1.table_name = #{tableName}
			) A
			ORDER by A.ordinal_position
</select>

<select id="selectSqlInfo" parameterType="hashMap" resultType="hashMap">
${fromSql}
</select>

</mapper>
