<?xml version="1.0" encoding="UTF-8"?>
<!DOCTYPE mapper PUBLIC "-//mybatis.org//DTD Mapper 3.0//EN" "http://mybatis.org/dtd/mybatis-3-mapper.dtd">
<mapper namespace="web.townsi.com.work.mapper.tibero.SettingMapperTibero_back">


<select id="selectTableComment" parameterType="hashMap" resultType="java.lang.String">
	SELECT
		COMMENTS AS table_comment
	FROM
		ALL_TAB_COMMENTS
	WHERE TABLE_NAME = #{tableName}
		AND TABLE_TYPE = 'TABLE'
		AND OWNER = #{tableSchema}
</select>


<select id="selectTableList" parameterType="hashMap" resultType="camelHashMap" flushCache="true">
SELECT
    T.OWNER AS OWNER_TIBERO01
    ,T.OBJECT_NAME AS OBJECT_NAME_TIBERO01
    ,T.SUBOBJECT_NAME
    ,T.OBJECT_ID
    ,T.CREATED
    ,T.LAST_DDL_TIME
    ,T.LAST_DDL_TIME
    ,'TIBERO' AS DB_TIBERO01
FROM
    ALL_OBJECTS T
WHERE
    OBJECT_TYPE = 'TABLE'
    AND OWNER = #{owner}
    AND OBJECT_NAME NOT IN ('delete_S2_CHKITEM_BACKUP', 'delete_S2_CHKFORM_BACKUP', 'd_S2_CHKFORM_ITEM_MAP_BACKUP')
    <if test="tableNm != null and tableNm != ''">
		AND T.OBJECT_NAME = #{tableNm}
    </if>
</select>

<select id="selectTableInfo" parameterType="hashMap" resultType="camelHashMap" flushCache="true">
	WITH T_CON AS(
		SELECT
			UCC.COLUMN_NAME,
			UCC.CONSTRAINT_NAME,
			US.CONSTRAINT_TYPE,
			SEARCH_CONDITION
		FROM
			ALL_CONS_COLUMNS UCC,
			ALL_CONSTRAINTS US
		WHERE
			1 = 1
			AND UCC.CONSTRAINT_NAME = US.CONSTRAINT_NAME
			AND UCC.OWNER = #{tableSchema}
			AND UCC.TABLE_NAME = #{tableName}
	) SELECT
		*
	FROM
		(
			SELECT
				COLUMN_ID  AS "ordinal_position",
				'private ' || DECODE( DATA_TYPE, 'NUMBER', (CASE WHEN DATA_SCALE != 0 THEN 'Double' ELSE 'Long' END), 'DATE', 'Date', 'String' ) || ' ' || LOWER( SUBSTR( REPLACE( INITCAP(ATC.COLUMN_NAME), '_' ), 1, 1 ))|| SUBSTR( REPLACE( INITCAP(ATC.COLUMN_NAME), '_' ), 2 )|| ';' AS "mem_vari",
				ACC.COMMENTS AS "column_comment",
				DECODE( LENGTH(COMMENTS), NULL, '', COMMENTS ) AS "comments",
				ATC.COLUMN_NAME AS "column_name",
				/* 컬럼명 */
				UPPER( SUBSTR( REPLACE( INITCAP(ATC.COLUMN_NAME), '_' ), 1, 1 ))|| SUBSTR( REPLACE( INITCAP(ATC.COLUMN_NAME), '_' ), 2 ) AS "set_get_column_name",
				/* 컬럼명 */
				LOWER( SUBSTR( REPLACE( INITCAP(ATC.COLUMN_NAME), '_' ), 1, 1 ))|| SUBSTR( REPLACE( INITCAP(ATC.COLUMN_NAME), '_' ), 2 ) AS "camel_column_name",
				DATA_TYPE AS "column_type",
				DATA_TYPE AS "data_type",
				DATA_LENGTH AS "data_length",
				DATA_PRECISION AS "data_precision",
				DATA_SCALE AS "data_scale",
				/* 데이터타입 */
				DECODE( DATA_TYPE, 'NUMBER', (CASE WHEN DATA_SCALE != 0 THEN 'Double' ELSE 'Long' END), 'DATE', 'Date', 'String' ) AS "w_type",
				(
				SELECT
					DECODE(T_CON.CONSTRAINT_TYPE, 'P', 'PK', 'R', 'FK', 'C', 'CK', 'UK', 'UK')
				FROM
					T_CON
				WHERE
					1 = 1
					AND T_CON.CONSTRAINT_TYPE = 'P'
					AND T_CON.COLUMN_NAME = ATC.COLUMN_NAME ) AS "pk"
			FROM
				ALL_TAB_COLUMNS ATC,
				ALL_COL_COMMENTS ACC
			WHERE
				1 = 1
				AND ATC.OWNER = ACC.OWNER
				AND ATC.TABLE_NAME = ACC.TABLE_NAME
				AND ATC.COLUMN_NAME = ACC.COLUMN_NAME
				AND ATC.TABLE_NAME = #{tableName}
				AND ATC.OWNER = #{tableSchema}
		) A
	ORDER BY
		A."ordinal_position"
</select>

<select id="selectSqlInfo" parameterType="hashMap" resultType="camelHashMap">
${fromSql}
</select>

</mapper>
