<?xml version="1.0" encoding="UTF-8"?>
<!DOCTYPE mapper PUBLIC "-//mybatis.org//DTD Mapper 3.0//EN" "http://mybatis.org/dtd/mybatis-3-mapper.dtd">

<mapper namespace="com.hyundaicard.cse.app.mypage.mapper.FaqMapper">

	<!-- getFaqList -->
	<select id="getFaqList" parameterType="FaqEntity" resultType="FaqEntity">
		<include refid="Common.PagingStart" />
    	SELECT 
			FAQ_SQ as faqNo,
			FAQ_NM as title,
			FAQ_DS as content,
			CATEGORY_CD as categoryCode
		FROM
			TS_FAQ_INFO
		WHERE
			DISPLAY_YN = 'Y'
		GROUP BY FAQ_SQ
		ORDER BY 	CATEGORY_CD ASC,		ORDER_NO ASC
		<include refid="Common.PagingEnd" />
	</select>
	
	<update id="updateHitCount" parameterType="String">		  
		UPDATE TS_FAQ_INFO 
		SET
			HIT_CNT = (SELECT * FROM(SELECT MAX(HIT_CNT) + 1 AS incrementHit FROM TS_FAQ_INFO WHERE FAQ_SQ = #{seqNo}) AS T)  
		WHERE 
			FAQ_SQ = #{seqNo} 
	</update>
	
	<select id="getCount" parameterType="FaqEntity" resultType="Integer">
		SELECT 	COUNT(1) AS count
	
		FROM 	TS_FAQ_INFO
		
		WHERE	DISPLAY_YN = 'Y'
	</select>
	
	<select id="getCatCode" parameterType="FaqEntity" resultType="CodeEntity">
		SELECT 
			CODE_CD AS code,
			CODE_NM AS codeNm
		FROM   TA_CODE_INFO
		WHERE  CDGRP_CD = 'TS204'
		ORDER  BY ORDER_NO ASC
	</select>
	
</mapper>