<?xml version="1.0" encoding="UTF-8"?>
<!DOCTYPE mapper PUBLIC "-//mybatis.org//DTD Mapper 3.0//EN" "http://mybatis.org/dtd/mybatis-3-mapper.dtd">

<mapper namespace="com.hyundaicard.cse.app.mypage.mapper.NoticeMapper">

	<select id="getCntInitNotice" parameterType="NoticeEntity" resultType="Integer">
	SELECT COUNT(1) AS count
	FROM TS_NOTICE_INFO
	WHERE NOTICE_CD NOT IN ('300')
	AND INSERT_DT BETWEEN (
		SELECT PAGE_VISIT_DTM FROM TS_VISIT_PAGE_LOG_INFO
		WHERE UUID = #{uuid}
		AND PAGE_CD = '20'
		ORDER BY PAGE_VISIT_DTM DESC
		LIMIT 1 ) AND GET_KST_NOW()
	</select>

	<!-- getNoticeList -->
	<select id="getNoticeList" parameterType="NoticeEntity" resultType="NoticeEntity">
		<include refid="Common.PagingStart" />
    		SELECT
			NOTICE_SQ AS noticeSq,
			NOTICE_CD AS noticeCd,
			NOTICE_NM AS noticeNm,
			NOTICE_MAIN_IMG AS noticeMainImg,
			HIT_CNT AS hitCnt,
			DATE_FORMAT(DISPLAY_STR_DT, '%Y.%m.%d') AS displayStrDt,
			DATE_FORMAT(DISPLAY_END_DT, '%Y.%m.%d') AS displayEndDt,
			DATE_FORMAT(INSERT_DT, '%Y.%m.%d') AS insertDt,
			IF ( INSERT_DT > (
				SELECT PAGE_VISIT_DTM FROM TS_VISIT_PAGE_LOG_INFO
				WHERE MEMBER_ID_SQ= #{memberIdSq}
				AND UUID = #{uuid}
				AND PAGE_CD = '20'
				ORDER BY PAGE_VISIT_DTM DESC
				LIMIT 1 ),'Y','N') AS newYn
		FROM
			TS_NOTICE_INFO
		WHERE
			DISPLAY_YN = 'Y'
		AND NOTICE_CD NOT IN ('300')
		AND DATE_FORMAT(GET_KST_NOW(), '%Y%m%d%H%i%S') BETWEEN DISPLAY_STR_DT AND DISPLAY_END_DT
		ORDER BY NOTICE_SQ DESC
		<include refid="Common.PagingEnd" />
	</select>
	
	<update id="updateHitCount" parameterType="NoticeEntity">		  
		UPDATE TS_NOTICE_INFO 
		SET
			HIT_CNT = (SELECT * FROM(SELECT MAX(HIT_CNT) + 1 AS incrementHit FROM TS_NOTICE_INFO WHERE NOTICE_SQ = #{noticeSq}) AS T)  
		WHERE 
			NOTICE_SQ = #{noticeSq}
	</update>
	
	<!-- getNoticeDetail -->
	<select id="getNoticeDetail" parameterType="NoticeEntity" resultType="NoticeEntity">
    	    SELECT 
			NOTICE_SQ as noticeSq,
			NOTICE_CD AS noticeCd,
			NOTICE_NM AS noticeNm,
			NOTICE_DS AS noticeDS,
			NOTICE_DESC_IMG AS noticeDescImg,
			USE_BUTTON_YN AS useButtonYn,
			BUTTON_TEXT AS buttonText,
			BUTTON_LINK_URL AS buttonLinkUrl,
			HIT_CNT AS hitCnt,
			DATE_FORMAT(DISPLAY_STR_DT, '%Y.%m.%d') AS displayStrDt,
			DATE_FORMAT(DISPLAY_END_DT, '%Y.%m.%d') AS displayEndDt,
			DATE_FORMAT(INSERT_DT, '%Y.%m.%d') AS insertDt
		FROM
			TS_NOTICE_INFO
		WHERE
			NOTICE_SQ = #{noticeSq}
	</select>
	
	<select id="getCount" parameterType="NoticeEntity" resultType="Integer">
	SELECT 	COUNT(1) AS count
	
	FROM 	TS_NOTICE_INFO
	
	WHERE 	DISPLAY_YN = 'Y'
	AND 		DATE_FORMAT(GET_KST_NOW(), '%Y%m%d%H%i%S') BETWEEN DISPLAY_STR_DT AND DISPLAY_END_DT
	</select>
	
	<select id="getPopupNotice" parameterType="PopupNoticeEntity" resultType="PopupNoticeEntity">
		SELECT 
			NOTICE_SQ          AS noticeSq,
			POPUP_MAIN_IMG_AND AS popupMainImgAnd, 
			POPUP_MAIN_IMG_IOS AS popupMainImgIos,
			POPUP_LINK_URL     AS popupLinkUrl
		FROM TS_NOTICE_INFO
		WHERE NOTICE_SQ = #{noticeSq}
		LIMIT 1
	</select>
	
	<select id="getPopupSkip" parameterType="PopupNoticeEntity" resultType="Integer">
		SELECT
			IF(NOTICE_SQ IS NULL OR NOTICE_SQ = '', 0, NOTICE_SQ) AS noticeSq
		FROM TS_NOTICE_POPUP_SKIP_INFO
		WHERE NOTICE_SQ = #{noticeSq}
	    AND UUID = #{uuid}
		
	</select>
	<select id="getPopupNoticeSq" resultType="Integer">
		SELECT  NOTICE_SQ
		FROM    TS_NOTICE_INFO
		WHERE   POPUP_YN = 'Y'
		AND     DISPLAY_YN = 'Y'
		AND     NOTICE_CD NOT IN ('300')
		AND     DATE_FORMAT(GET_KST_NOW(), '%Y%m%d%H%i%S') BETWEEN DISPLAY_STR_DT AND DISPLAY_END_DT
		ORDER BY NOTICE_SQ DESC
		LIMIT 1
	</select>
	
	<insert id="setPopupSkip" parameterType="PopupNoticeEntity">
		INSERT INTO 
		TS_NOTICE_POPUP_SKIP_INFO(
		UUID, NOTICE_SQ, INSERT_DT, INSERT_ID
		)
		VALUES (
		#{uuid}, #{noticeSq}, now(), ' '
		)
	</insert>
</mapper>