<?xml version="1.0" encoding="UTF-8"?>
<!DOCTYPE mapper PUBLIC "-//mybatis.org//DTD Mapper 3.0//EN" "http://mybatis.org/dtd/mybatis-3-mapper.dtd">

<mapper namespace="com.hyundaicard.cse.app.mypage.mapper.SaleInfoMapper">

	<sql id="memberChk">
		<where>
			<trim prefixOverrides="AND|OR">
			    <if test="@org.apache.commons.lang.StringUtils@isNotEmpty(memberIdSq)">
					AND MEMBER_ID_SQ = #{memberIdSq}
				</if>
			    <if test="@org.apache.commons.lang.StringUtils@isNotEmpty(uuid)">
					AND UUID = #{uuid}
				</if>
			</trim>
		</where>
	</sql>
	
	<select id="getCntInitSaleInfo" parameterType="SaleInfoEntity" resultType="Integer">
	SELECT COUNT(1) AS count
	FROM TS_SITE_SALE_INFO
	WHERE USE_YN = 'Y'
	AND INSERT_DT BETWEEN (
		SELECT PAGE_VISIT_DTM
		FROM TS_VISIT_PAGE_LOG_INFO
		WHERE UUID = #{uuid}
		AND PAGE_CD = '30'
		ORDER BY PAGE_VISIT_DTM DESC
		LIMIT 1 ) AND GET_KST_NOW()
	</select>

	<!-- getNoticeList -->
	<select id="getSaleInfoList" parameterType="SaleInfoEntity" resultType="SaleInfoEntity">
		<include refid="Common.PagingStart" />
	    SELECT 
	    		 SALE_SQ            AS saleSq,
	    		 SITE_KEY           AS siteKey,
	    		 (SELECT S.ENG_NM FROM TS_SITE_MASTER S WHERE S.SITE_KEY=siteKey) AS saleSiteNm,
	    		 SALE_PERCENT       AS salePercent,
	    		 SALE_NM            AS saleNm,
	    		 SALE_DS            AS saleDs,
	    		 SALE_LANDING_URL   AS saleLandingUrl,
	    		 DATE_FORMAT(DISPLAY_STR_DT, '%Y.%m.%d')     AS displayStrDt,
	    		 DATE_FORMAT(DISPLAY_END_DT, '%Y.%m.%d')     AS displayEndDt,
	    		 IF ( INSERT_DT > (
				SELECT PAGE_VISIT_DTM FROM TS_VISIT_PAGE_LOG_INFO
				WHERE MEMBER_ID_SQ= #{memberIdSq}
				AND UUID = #{uuid}
				AND PAGE_CD = '20'
				ORDER BY PAGE_VISIT_DTM DESC
				LIMIT 1 ),'Y','N') AS newYn
	    
		FROM TS_SITE_SALE_INFO
		
		WHERE SITE_KEY IN ( 
			SELECT SITE_KEY
			FROM TS_FAV_SITE_CAT_INFO
			<include refid="com.hyundaicard.cse.app.mypage.mapper.SaleInfoMapper.memberChk"/>
		)
		AND USE_YN = 'Y'
		
		ORDER BY SALE_SQ DESC
		<include refid="Common.PagingEnd" />
	</select>
	
	<select id="getCount" parameterType="SaleInfoEntity" resultType="Integer">
	SELECT 	COUNT(1) AS count
	
	FROM 	TS_SITE_SALE_INFO
	
	WHERE SITE_KEY IN ( 
			SELECT SITE_KEY
			FROM TS_FAV_SITE_CAT_INFO
			<include refid="com.hyundaicard.cse.app.mypage.mapper.SaleInfoMapper.memberChk"/>
		)
	AND USE_YN = 'Y'
	</select>
	
	<select id="getCountLikeSite" parameterType="SaleInfoEntity" resultType="Integer">
		SELECT COUNT(1) AS count
		
		FROM TS_FAV_SITE_CAT_INFO
		<include refid="com.hyundaicard.cse.app.mypage.mapper.SaleInfoMapper.memberChk"/>
	</select>
	
	
	<select id="getAllList" parameterType="SaleInfoEntity" resultType="SaleInfoEntity">
	    SELECT 
	    		 SALE_SQ            AS saleSq,
	    		 SITE_KEY           AS siteKey,
	    		 SALE_PERCENT       AS salePercent,
	    		 SALE_NM            AS saleNm,
	    		 SALE_DS            AS saleDs,
	    		 SALE_LANDING_URL   AS saleLandingUrl,
	    		 DISPLAY_STR_DT     AS displayStrDt,
	    		 DISPLAY_END_DT     AS displayEndDt
		FROM TS_SITE_SALE_INFO
		WHERE USE_YN = 'Y'
			AND DATE_FORMAT(GET_KST_NOW(), '%Y%m%d') BETWEEN DISPLAY_STR_DT AND DISPLAY_END_DT
		<if test="@org.apache.commons.lang.StringUtils@isNotEmpty(siteKeys)">
			AND SITE_KEY IN ${siteKeys}
		</if>
	</select>
	
</mapper>