<?xml version="1.0" encoding="UTF-8"?>
<!DOCTYPE properties SYSTEM "http://java.sun.com/dtd/properties.dtd">
<!-- 
 Copyright NSHC
 All rights reserved.

 This software is the confidential and proprietary information of NSHC
  ("Confidential Information").
 -->
<properties>
	<entry key="SAVE_DIR">/home/ubuntu/app-protect/apk/</entry>	<!-- absolute path -->
	
	<entry key="DB_JNDI"></entry>
	<entry key="DB_DRIVER_CLASS">com.mysql.jdbc.Driver</entry> 
	<entry key="DB_URL">jdbc:mysql://172.19.32.205:3306/csedb?characterEncoding=UTF-8</entry>
	<entry key="DB_USER">myadm</entry>
	<entry key="DB_PWD">myadm@#$%2345p</entry> 
	
	<entry key="DB_MAXCONN">20</entry>
	<entry key="DB_TIMEOUT">10</entry>
	   
	<entry key="LIMIT_RANGE_YN">Y</entry>
	
	<!-- 1.11.0 added properties -->
	<entry key="LIC_FILE_PATH">/home/ubuntu/app-protect/license/newdev_hyundaicardcse_2017091101AP_20181111.lic</entry>
	
	<!-- 1.11.1 added properties -->
	<entry key="DB_SCHEMA"></entry>			<!-- optional (nothing, when not used) -->
	<entry key="INSERT_NRMLT_YN">Y</entry>	<!-- default : Y -->
	<entry key="DEBUG_YN">Y</entry>			<!-- default : Y -->
    
    <!--System Pattern -->
    
	<!-- 1.6.2 -->
	<entry key="PROC_PATTERN">F:/etc/profile.d/terminal.sh</entry>
	<entry key="FILE_PATTERN">F:/etc/profile.d/terminal.sh,F:/etc/pam.d/sudo,F:/etc/pam.d/passwd,F:/etc/pam.d/sshd,F:/etc/pam.d/su,F:/private/var/tmp/cydia.log</entry>
	<entry key="DIR_ALL_PATTERN">D:/Applications</entry>
	<entry key="DIR_PATTERN">D:/private/var/lib,D:/private/var/log,D:/System/Library,D:/private/var/cache,D:/private/etc,D:/usr/lib,D:/var/log,D:/etc</entry>
	<entry key="DIR_VERIFY_PATTERN">/Applications/Cydia.app,/private/var/lib/cydia,/private/var/lib/apt,/private/var/lib/dpkg,/usr/lib/apt,/usr/lib/dpkg,/var/log/apt,/etc/apt,/etc/dpkg,/private/var/log/apt,/private/var/cache/apt,/private/etc/apt,/private/etc/dpkg</entry>
	<entry key="PROC_VERIFY_PATTERN">sbsettingsd</entry>
	<entry key="DEVICE_PATTERN">iPhone1,1;iPhone1,2;iPhone2,1;iPhone3,1;iPhone3,3;iPod1,1;iPod2,1;iPod3,1;iPod4,1;iPad1,1;iPad2,1;iPad2,2;iPad2,3;iPhone1,1;i386;x86_64</entry>

	<!-- 1.7 ~ 1.11.0 -->
	<entry key="IOS_PATTERN">F:/System/Library/LaunchDaemons/com.saurik.Cydia.Startup.plist,F:/private/var/tmp/cydia.log,D:/Applications/Cydia.app,D:/private/var/lib/cydia,F:/etc/profile.d/terminal.sh,F:/etc/pam.d/sudo,F:/etc/pam.d/passwd,F:/etc/pam.d/sshd,F:/etc/pam.d/su</entry>
	<entry key="ANDROID_PATTERN">SP:ro.kernel.qemu:0,F:/system/xbin/spapa_su,PK:com.noshufou.android.su,PK:eu.chainfire.supersu,F:/sbin/su,F:/system/bin/su,F:/system/sbin/su,F:/system/xbin/su,F:/data/data/com.noshufou.android.su,F:/system/app/Superuser.apk,PK:com.tegrak.lagfix,F:/system/xbin/.tmpsu,SP:ro.secure:1</entry>
	
</properties>
