<?xml version="1.0" encoding="UTF-8"?>
<!DOCTYPE properties SYSTEM "http://java.sun.com/dtd/properties.dtd">
<!-- 
	Copyright NSHC
	All rights reserved.
	
	This software is the confidential and proprietary information of NSHC
	("Confidential Information").
 -->
<properties>
	<!-- 1.11.1 ~ -->
	<entry key="PATTERN_RELEASE_DATE">2017-07-13</entry>
	<entry key="PATTERN_VERSION">1.11.1.0</entry> <!-- apserver_version.ap_pattern_version -->
	<entry key="IOS_PATTERN">F:/System/Library/LaunchDaemons/com.saurik.Cydia.Startup.plist,F:/private/var/tmp/cydia.log,D:/Applications/Cydia.app,D:/private/var/lib/cydia,F:/etc/profile.d/terminal.sh,F:/etc/pam.d/sudo,F:/etc/pam.d/passwd,F:/etc/pam.d/sshd,F:/etc/pam.d/su</entry>
	<entry key="ANDROID_PATTERN">SP:ro.kernel.qemu:0,F:/system/xbin/spapa_su,PK:com.noshufou.android.su,PK:eu.chainfire.supersu,F:/sbin/su,F:/system/bin/su,F:/system/sbin/su,F:/system/xbin/su,F:/data/data/com.noshufou.android.su,F:/system/app/Superuser.apk,PK:com.tegrak.lagfix,F:/system/xbin/.tmpsu,SP:ro.secure:1,F:/magisk/.core/bin/su,F:/sbin_orig/su,D:/dev/magisk/mirror/system</entry>
</properties>