<?xml version="1.0" encoding="UTF-8"?>
<!DOCTYPE mapper PUBLIC "-//mybatis.org//DTD Mapper 3.0//EN" "http://mybatis.org/dtd/mybatis-3-mapper.dtd">

<mapper namespace="실현손익MapperXml">

    <insert id="merge">
    INSERT INTO 
        STOCK_TRANS.실현손익(
         일자
        ,실현종류
        ,user_id
        ,buy_watch_id
        ,종목코드
        ,종목명
        ,시장구분
        ,전략
        ,수익률
        ,수익금액
        ,체결량
        ,매도체결금액
        ,매수체결금액
        ,체결금액
        ,당일매매수수료
        ,당일매매세금
    ) VALUES (
         #{일자}
        ,#{실현종류}
        ,#{user_id}
        ,#{buy_watch_id}
        ,#{종목코드}
        ,#{종목명}
        ,#{시장구분}
        ,#{전략}
        ,#{수익률}
        ,#{수익금액}
        ,#{체결량}
        ,#{매도체결금액}
        ,#{매수체결금액}
        ,#{체결금액}
        ,#{당일매매수수료}
        ,#{당일매매세금}
    ) ON DUPLICATE KEY UPDATE 
    <trim prefixOverrides=","> 
        , 종목명= #{종목명}
        , 시장구분= #{시장구분}
        , 전략= #{전략}
        , 수익률= #{수익률}
        , 수익금액= #{수익금액}
        , 체결량= #{체결량}
        , 매도체결금액= #{매도체결금액}
        , 매수체결금액= #{매수체결금액}
        , 체결금액= #{체결금액}
        , 당일매매수수료= #{당일매매수수료}
        , 당일매매세금= #{당일매매세금}
        , update_date= #{update_date}
    </trim>
    </insert>

	<insert id="bulk_insert">
	INSERT INTO 
        STOCK_TRANS.실현손익 (
         일자
        ,실현종류
        ,user_id
        ,buy_watch_id
        ,종목코드
        ,종목명
        ,시장구분
        ,전략
        ,수익률
        ,수익금액
        ,체결량
        ,매도체결금액
        ,매수체결금액
        ,체결금액
        ,당일매매수수료
        ,당일매매세금
        )
         VALUES
		<foreach collection="list" item="item" separator=",">
			(
                 #{item.일자}
                ,#{item.실현종류}
                ,#{item.user_id}
                ,#{item.buy_watch_id}
                ,#{item.종목코드}
                ,#{item.종목명}
                ,#{item.시장구분}
                ,#{item.전략}
                ,#{item.수익률}
                ,#{item.수익금액}
                ,#{item.체결량}
                ,#{item.매도체결금액}
                ,#{item.매수체결금액}
                ,#{item.체결금액}
                ,#{item.당일매매수수료}
                ,#{item.당일매매세금}
			)
	 	</foreach>
	</insert>
	
    <insert id="insert">
    INSERT INTO 
        STOCK_TRANS.실현손익 (
         일자
        ,실현종류
        ,user_id
        ,buy_watch_id
        ,종목코드
        ,종목명
        ,시장구분
        ,전략
        ,수익률
        ,수익금액
        ,체결량
        ,매도체결금액
        ,매수체결금액
        ,체결금액
        ,당일매매수수료
        ,당일매매세금
        )
         VALUES 
        (
         #{일자}
        ,#{실현종류}
        ,#{user_id}
        ,#{buy_watch_id}
        ,#{종목코드}
        ,#{종목명}
        ,#{시장구분}
        ,#{전략}
        ,#{수익률}
        ,#{수익금액}
        ,#{체결량}
        ,#{매도체결금액}
        ,#{매수체결금액}
        ,#{체결금액}
        ,#{당일매매수수료}
        ,#{당일매매세금}
        )
    </insert>

    <update id="update">
    UPDATE 
        STOCK_TRANS.실현손익 T
         SET 
         <trim prefixOverrides=",">
            <if test="_종목명 != null and _종목명 != ''">, 종목명= #{_종목명} </if>
            <if test="_시장구분 != null and _시장구분 != ''">, 시장구분= #{_시장구분} </if>
            <if test="_전략 != null and _전략 != ''">, 전략= #{_전략} </if>
            <if test="_수익률 != null and _수익률 != ''">, 수익률= #{_수익률} </if>
            <if test="_수익금액 != null and _수익금액 != ''">, 수익금액= #{_수익금액} </if>
            <if test="_체결량 != null and _체결량 != ''">, 체결량= #{_체결량} </if>
            <if test="_매도체결금액 != null and _매도체결금액 != ''">, 매도체결금액= #{_매도체결금액} </if>
            <if test="_매수체결금액 != null and _매수체결금액 != ''">, 매수체결금액= #{_매수체결금액} </if>
            <if test="_체결금액 != null and _체결금액 != ''">, 체결금액= #{_체결금액} </if>
            <if test="_당일매매수수료 != null and _당일매매수수료 != ''">, 당일매매수수료= #{_당일매매수수료} </if>
            <if test="_당일매매세금 != null and _당일매매세금 != ''">, 당일매매세금= #{_당일매매세금} </if>
            <if test="_update_date != null and _update_date != ''">, update_date= #{_update_date} </if>
        </trim>
        <include refid="where-list"/>
    </update>

	<delete id="delete">
    DELETE FROM 
        STOCK_TRANS.실현손익 T
        <include refid="where-list"/>
    </delete>
    
	<sql id="where-list">
    <trim prefix="WHERE" prefixOverrides="AND">
        <if test="일자 != null and 일자 != ''">
            AND T.일자 = #{일자}
        </if>
        <if test="실현종류 != null and 실현종류 != ''">
            AND T.실현종류 = #{실현종류}
        </if>
        <if test="user_id != null and user_id != ''">
            AND T.user_id = #{user_id}
        </if>
        <if test="buy_watch_id != null and buy_watch_id != ''">
            AND T.buy_watch_id = #{buy_watch_id}
        </if>
        <if test="종목코드 != null and 종목코드 != ''">
            AND T.종목코드 = #{종목코드}
        </if>
        <if test="종목명 != null and 종목명 != ''">
            AND T.종목명 = #{종목명}
        </if>
        <if test="시장구분 != null and 시장구분 != ''">
            AND T.시장구분 = #{시장구분}
        </if>
        <if test="전략 != null and 전략 != ''">
            AND T.전략 = #{전략}
        </if>
        <if test="수익률 != null and 수익률 != ''">
            AND T.수익률 = #{수익률}
        </if>
        <if test="수익금액 != null and 수익금액 != ''">
            AND T.수익금액 = #{수익금액}
        </if>
        <if test="체결량 != null and 체결량 != ''">
            AND T.체결량 = #{체결량}
        </if>
        <if test="매도체결금액 != null and 매도체결금액 != ''">
            AND T.매도체결금액 = #{매도체결금액}
        </if>
        <if test="매수체결금액 != null and 매수체결금액 != ''">
            AND T.매수체결금액 = #{매수체결금액}
        </if>
        <if test="체결금액 != null and 체결금액 != ''">
            AND T.체결금액 = #{체결금액}
        </if>
        <if test="당일매매수수료 != null and 당일매매수수료 != ''">
            AND T.당일매매수수료 = #{당일매매수수료}
        </if>
        <if test="당일매매세금 != null and 당일매매세금 != ''">
            AND T.당일매매세금 = #{당일매매세금}
        </if>
    </trim>
	</sql>

    <select id="select_count">
    SELECT COUNT(*) AS count FROM STOCK_TRANS.실현손익 T
    <include refid="where-list"/>
    </select>

	<select id="select_list">
    SELECT 
         T.일자
        ,T.실현종류
        ,T.user_id
        ,T.buy_watch_id
        ,T.종목코드
        ,T.종목명
        ,T.시장구분
        ,T.전략
        ,T.수익률
        ,T.수익금액
        ,T.체결량
        ,T.매도체결금액
        ,T.매수체결금액
        ,T.체결금액
        ,T.당일매매수수료
        ,T.당일매매세금
        ,DATE_FORMAT(T.insert_date,'%Y-%m-%d %H:%i:%s') AS insert_date
        ,DATE_FORMAT(T.update_date,'%Y-%m-%d %H:%i:%s') AS update_date
    FROM STOCK_TRANS.실현손익 T
    <include refid="where-list"/>
	<choose>
		<when test="order_by != null and order_by != ''">
			${order_by}
		</when>
		<otherwise>
		</otherwise>
	</choose>
	<if test="limit != null and limit != ''">
		limit #{limit}
	</if>
	</select>

</mapper>
