<?xml version="1.0" encoding="UTF-8"?>
<!DOCTYPE mapper PUBLIC "-//mybatis.org//DTD Mapper 3.0//EN" "http://mybatis.org/dtd/mybatis-3-mapper.dtd">
<mapper namespace="com.townsi.setting.settingDAO">
	<!-- 혁신활동목록 -->
	<select id="selectList" parameterType="hashMap" resultType="hashMap">
	</select>

	<insert id="insert" parameterType="hashMap" useGeneratedKeys="true"
		keyProperty="hashMap">
	</insert>

	<update id="update" parameterType="hashMap">
	</update>

	<delete id="delete" parameterType="hashMap">
	</delete>
</mapper>
