<?xml version="1.0" encoding="UTF-8"?>
<!DOCTYPE mapper PUBLIC "-//mybatis.org//DTD Mapper 3.0//EN" "http://mybatis.org/dtd/mybatis-3-mapper.dtd">

<mapper namespace="com.hyundaicard.cse.app.visit.page.mapper.VisitPageMapper">

	<sql id="field">
	 A.VISIT_PAGE_SQ AS visitPageSq			/* 페이지 접속 순번 */ 
	,A.MEMBER_ID_SQ  AS memberIdSq			/* 회원아이디 일련번호 */ 
	,A.UUID          AS uuid			/* 비회원 단말 식별값 */ 
	,A.PAGE_CD       AS pageCd			/* 페이지코드 */ 
	,A.PAGE_VISIT_DTM AS pageVisitDtm			/* 페이지접속일시 */ 
	,A.INSERT_DT     AS insertDt			/* 등록일시 */ 

	</sql>

	<sql id="fragment">
		FROM TS_VISIT_PAGE_LOG_INFO A
		<!-- 
		<where>
			<trim prefixOverrides="AND|OR">
				<if test="@org.apache.commons.lang.StringUtils@isNotEmpty(cdgrpCd)">
					AND C.CDGRP_CD = #{cdgrpCd}
				</if>
				<if test="@org.apache.commons.lang.StringUtils@isNotEmpty(sampleCd)">
					AND C.CODE_CD = #{sampleCd}
				</if>
				<if test="@org.apache.commons.lang.StringUtils@isNotEmpty(sampleNm)">
					AND C.CODE_NM LIKE '%' || #{sampleNm} || '%'
				</if>
				<if test="@org.apache.commons.lang.StringUtils@isNotEmpty(useYn)">
					AND C.USE_YN = #{useYn}
				</if>
			</trim>
		</where>
		 -->
	</sql>

    <select id="get" parameterType="VisitPageEntity" resultType="VisitPageEntity">
        SELECT  /* VisitPageMapper.xml, get */
			<include refid="com.hyundaicard.cse.app.visit.page.mapper.VisitPageMapper.field"/>
			<include refid="com.hyundaicard.cse.app.visit.page.mapper.VisitPageMapper.fragment"/>
	</select>

    <select id="getList" parameterType="VisitPageEntity" resultType="VisitPageEntity">
        <include refid="Common.PagingStart" />
	        SELECT  /* VisitPageMapper.xml, getList */
				<include refid="com.hyundaicard.cse.app.visit.page.mapper.VisitPageMapper.field"/>
				<include refid="com.hyundaicard.cse.app.visit.page.mapper.VisitPageMapper.fragment"/>
			ORDER BY 1
        <include refid="Common.PagingEnd" />
	</select>

    <select id="getAllList" parameterType="VisitPageEntity" resultType="VisitPageEntity">
        SELECT  /* VisitPageMapper.xml, getAllList */
			<include refid="com.hyundaicard.cse.app.visit.page.mapper.VisitPageMapper.field"/>
			<include refid="com.hyundaicard.cse.app.visit.page.mapper.VisitPageMapper.fragment"/>
		ORDER BY 1
	</select>

	<select id="count" parameterType="VisitPageEntity" resultType="Integer">
        SELECT  /* VisitPageMapper.xml, count*/
                COUNT(1) AS CNT
		  <include refid="com.hyundaicard.cse.app.visit.page.mapper.VisitPageMapper.fragment"/>
	</select>
	
	<insert id="insert" parameterType="VisitPageEntity" useGeneratedKeys="true" keyProperty="visitPageSq">
INSERT /* VisitPageMapper.xml, insert */
INTO TS_VISIT_PAGE_LOG_INFO (
	 VISIT_PAGE_SQ			                    /* 페이지 접속 순번 */ 
	,MEMBER_ID_SQ			                     /* 회원아이디 일련번호 */ 
	,UUID			                             /* 비회원 단말 식별값 */ 
	,PAGE_CD			                          /* 페이지코드 */ 
	,PAGE_VISIT_DTM			                   /* 페이지접속일시 */ 
	,INSERT_DT			                        /* 등록일시 */ 
) VALUES (
	 #{visitPageSq}
	,#{memberIdSq}
	,#{uuid}
	,#{pageCd}
	,#{pageVisitDtm}
	,NOW()
)
	</insert>

	<update id="update" parameterType="VisitPageEntity">		  
UPDATE  /* VisitPageMapper.xml, update */
	TS_VISIT_PAGE_LOG_INFO SET
	 VISIT_PAGE_SQ = #{visitPageSq}			   /* 페이지 접속 순번 */ 
	,MEMBER_ID_SQ = #{memberIdSq}			     /* 회원아이디 일련번호 */ 
	,UUID = #{uuid}			                   /* 비회원 단말 식별값 */ 
	,PAGE_CD = #{pageCd}			              /* 페이지코드 */ 
	,PAGE_VISIT_DTM = #{pageVisitDtm}			 /* 페이지접속일시 */ 
	,INSERT_DT = NOW()			                /* 등록일시 */ 
WHERE 1=1 
AND VISIT_PAGE_SQ = #{visitPageSq} 
 
	</update>
	
	<delete id="delete" parameterType="VisitPageEntity">
DELETE  /* VisitPageMapper.xml, delete */
FROM TS_VISIT_PAGE_LOG_INFO
 WHERE 1=1 
AND VISIT_PAGE_SQ = #{visitPageSq} 
 
	</delete>

    <!-- 사용가능코드 전체목록 -->
	<select id="getListTotal" resultType="VisitPageEntity">
SELECT 
	 VISIT_PAGE_SQ   AS visitPageSq			/* 페이지 접속 순번 */ 
	,MEMBER_ID_SQ    AS memberIdSq			/* 회원아이디 일련번호 */ 
	,UUID            AS uuid			/* 비회원 단말 식별값 */ 
	,PAGE_CD         AS pageCd			/* 페이지코드 */ 
	,PAGE_VISIT_DTM  AS pageVisitDtm			/* 페이지접속일시 */ 
	,INSERT_DT       AS insertDt			/* 등록일시 */ 
FROM TS_VISIT_PAGE_LOG_INFO
WHERE 1=1 
AND VISIT_PAGE_SQ = #{visitPageSq} 

	</select>
	
	<!-- Program List -->
<!-- 
<resultMap type="type" id="Map">
<result column="visitPageSq"            property="visitPageSq"/>
<result column="memberIdSq"             property="memberIdSq"/>
<result column="uuid"                   property="uuid"/>
<result column="pageCd"                 property="pageCd"/>
<result column="pageVisitDtm"           property="pageVisitDtm"/>
<result column="insertDt"               property="insertDt"/>
</resultMap>	
 -->
</mapper>
