<?xml version="1.0" encoding="UTF-8"?>
<!DOCTYPE mapper PUBLIC "-//mybatis.org//DTD Mapper 3.0//EN" "http://mybatis.org/dtd/mybatis-3-mapper.dtd">

<mapper namespace="조건검색식MapperXml">

    <insert id="merge">
    INSERT INTO 
        STOCK.조건검색식(
         일자
        ,id
        ,name
        ,타입
        ,종목코드
    ) VALUES (
         #{일자}
        ,#{id}
        ,#{name}
        ,#{타입}
        ,#{종목코드}
    ) ON DUPLICATE KEY UPDATE 
    <trim prefixOverrides=","> 
        , update_date= #{update_date}
    </trim>
    </insert>

	<insert id="bulk_insert">
	INSERT INTO 
        STOCK.조건검색식 (
         일자
        ,id
        ,name
        ,타입
        ,종목코드
        )
         VALUES
		<foreach collection="list" item="item" separator=",">
			(
                 #{item.일자}
                ,#{item.id}
                ,#{item.name}
                ,#{item.타입}
                ,#{item.종목코드}
			)
	 	</foreach>
	</insert>
	
    <insert id="insert">
    INSERT INTO 
        STOCK.조건검색식 (
         일자
        ,id
        ,name
        ,타입
        ,종목코드
        )
         VALUES 
        (
         #{일자}
        ,#{id}
        ,#{name}
        ,#{타입}
        ,#{종목코드}
        )
    </insert>

    <update id="update">
    UPDATE 
        STOCK.조건검색식 T
         SET 
         <trim prefixOverrides=",">
            <if test="_update_date != null and _update_date != ''">, update_date= #{_update_date} </if>
        </trim>
        <include refid="where-list"/>
    </update>

	<delete id="delete">
    DELETE FROM 
        STOCK.조건검색식 T
        <include refid="where-list"/>
    </delete>
    
	<sql id="where-list">
    <trim prefix="WHERE" prefixOverrides="AND">
        <if test="일자 != null and 일자 != ''">
            AND T.일자 = #{일자}
        </if>
        <if test="id != null and id != ''">
            AND T.id = #{id}
        </if>
        <if test="name != null and name != ''">
            AND T.name = #{name}
        </if>
        <if test="타입 != null and 타입 != ''">
            AND T.타입 = #{타입}
        </if>
        <if test="종목코드 != null and 종목코드 != ''">
            AND T.종목코드 = #{종목코드}
        </if>
    </trim>
	</sql>

    <select id="select_count">
    SELECT COUNT(*) AS count FROM STOCK.조건검색식 T
    <include refid="where-list"/>
    </select>

	<select id="select_list">
    SELECT 
         T.일자
        ,T.id
        ,T.name
        ,T.타입
        ,T.종목코드
        ,DATE_FORMAT(T.insert_date,'%Y-%m-%d %H:%i:%s') AS insert_date
        ,DATE_FORMAT(T.update_date,'%Y-%m-%d %H:%i:%s') AS update_date
    FROM STOCK.조건검색식 T
    <include refid="where-list"/>
	<choose>
		<when test="order_by != null and order_by != ''">
			${order_by}
		</when>
		<otherwise>
		</otherwise>
	</choose>
	<if test="limit != null and limit != ''">
		limit #{limit}
	</if>
	</select>

</mapper>
