<?xml version="1.0" encoding="UTF-8"?>
<!DOCTYPE configuration PUBLIC "-//mybatis.org//DTD Config 3.0//EN" "http://mybatis.org/dtd/mybatis-3-config.dtd">
<configuration>

	<settings>
		<setting name="cacheEnabled" value="true" />

		<!-- mybatis cglib hard coding 문제로 일단 false로 설정 -->
		<setting name="lazyLoadingEnabled" value="false" />

		<setting name="multipleResultSetsEnabled" value="true" />
		<setting name="useColumnLabel" value="true" />
		<setting name="useGeneratedKeys" value="false" />
		<setting name="autoMappingBehavior" value="PARTIAL" />
		<setting name="defaultExecutorType" value="SIMPLE" />
		<setting name="defaultStatementTimeout" value="25" />
		<setting name="safeRowBoundsEnabled" value="false" />
		<setting name="mapUnderscoreToCamelCase" value="false" />
		<setting name="localCacheScope" value="SESSION" />
		<setting name="jdbcTypeForNull" value="VARCHAR" />
		<setting name="lazyLoadTriggerMethods" value="equals,clone,hashCode,toString" />
	</settings>

	<typeAliases>
		<package name="com.hyundaicard.cse.app.sample.entity" />
		<package name="com.hyundaicard.cse.app.main.entity" />
		<package name="com.hyundaicard.cse.app.login.entity" />
		<package name="com.hyundaicard.cse.app.search.entity" />
		<package name="com.hyundaicard.cse.app.like.entity" />
		<package name="com.hyundaicard.cse.app.bookmark.entity" />
		<package name="com.hyundaicard.cse.app.init.entity" />
		<package name="com.hyundaicard.cse.app.filter.entity" />
		<package name="com.hyundaicard.cse.app.mypage.entity" />
		<package name="com.hyundaicard.cse.app.terms.entity" />
		<package name="com.hyundaicard.cse.app.visit.entity" />
		<package name="com.hyundaicard.cse.app.question.entity" />
		<package name="com.hyundaicard.cse.app.dictionary.entity" />
		<package name="com.hyundaicard.cse.app.auth.entity" />
		<package name="com.hyundaicard.cse.app.share.entity" />
		<package name="com.hyundaicard.cse.app.log.entity" />
	</typeAliases>
</configuration>