<?xml version="1.0" encoding="UTF-8"?>
<feature
      id="AnyEditTools"
      label="AnyEditTools"
      version="2.7.1.201709201439"
      provider-name="Andrey Loskutov"
      plugin="de.loskutov.anyedit.AnyEditTools">

   <description url="http://andrei.gmxhome.de/anyedit/index.html">
      Adds useful context menu actions to text files and editors - Open file, type under
      cursor, Convert tabs to spaces, case, html, base64, unicode, Compare/Replace with
      clipboard or external files etc. AnyEdit can remove trailing whitespace and/or
      convert tabs-spaces on save and contributes Import/Export working sets wizards.
   </description>

   <copyright url="http://andrei.gmxhome.de/anyedit/copyright.html">
      Copyright (c)2002 - 2015 by Andrey Loskutov &lt;Loskutov@gmx.de&gt;.
All rights reserved.
   </copyright>

   <license url="http://www.eclipse.org/legal/epl-v10.html">
      Copyright (c) 2002 - 2015 Andrey Loskutov, licensed under the Eclipse Public License 1.0.
   </license>

   <url>
      <update label="Andrey Loskutov plugins site" url="http://andrei.gmxhome.de/eclipse/"/>
      <discovery label="Andrey Loskutov plugins site" url="http://andrei.gmxhome.de/eclipse/"/>
      <discovery label="Zip Editor" url="http://zipeditor.sourceforge.net/update/"/>
      <discovery label="FindBugs" url="http://findbugs.cs.umd.edu/eclipse/"/>
      <discovery label="Eclemma Java Code Coverage" url="http://update.eclemma.org/"/>
      <discovery label="Subversive" url="http://download.eclipse.org/technology/subversive/3.0/update-site/"/>
      <discovery label="EGit" url="http://download.eclipse.org/egit/updates/"/>
   </url>

   <requires>
      <import plugin="org.eclipse.core.runtime" version="3.8.0" match="greaterOrEqual"/>
      <import plugin="org.eclipse.core.filesystem"/>
      <import plugin="org.eclipse.ui"/>
      <import plugin="org.eclipse.ui.ide"/>
      <import plugin="org.eclipse.ui.editors"/>
      <import plugin="org.eclipse.ui.console"/>
      <import plugin="org.eclipse.ui.forms"/>
      <import plugin="org.eclipse.ui.workbench.texteditor"/>
      <import plugin="org.eclipse.debug.ui"/>
      <import plugin="org.eclipse.jface.text"/>
      <import plugin="org.eclipse.compare"/>
      <import plugin="org.eclipse.core.net"/>
      <import plugin="org.eclipse.core.expressions"/>
      <import plugin="org.eclipse.ui.workbench" version="3.8.0" match="greaterOrEqual"/>
   </requires>

   <plugin
         id="de.loskutov.anyedit.AnyEditTools"
         download-size="400"
         install-size="400"
         version="2.7.1.201709201439"
         unpack="false"/>

</feature>
