<?xml version="1.0" encoding="UTF-8"?>
<!DOCTYPE mapper PUBLIC "-//mybatis.org//DTD Mapper 3.0//EN" "http://mybatis.org/dtd/mybatis-3-mapper.dtd">

<mapper namespace="키움업종등락KosdaqMapperXml">

    <insert id="merge">
    INSERT INTO 
        STOCK_KIWOOM_키움업종.키움업종등락_KOSDAQ(
         일자
        ,서버시간
        ,체결시간
        ,상승종목수
        ,상한종목수
        ,보합종목수
        ,하락종목수
        ,하한종목수
        ,누적거래량
        ,누적거래대금
        ,현재가
        ,전일대비
        ,등락율
        ,거래형성종목수
        ,거래형성비율
        ,전일대비기호
        ,종목코드
        ,종목명
    ) VALUES (
         #{일자}
        ,#{서버시간}
        ,#{체결시간}
        ,#{상승종목수}
        ,#{상한종목수}
        ,#{보합종목수}
        ,#{하락종목수}
        ,#{하한종목수}
        ,#{누적거래량}
        ,#{누적거래대금}
        ,#{현재가}
        ,#{전일대비}
        ,#{등락율}
        ,#{거래형성종목수}
        ,#{거래형성비율}
        ,#{전일대비기호}
        ,#{종목코드}
        ,#{종목명}
    ) ON DUPLICATE KEY UPDATE 
    <trim prefixOverrides=","> 
        , 일자= #{일자}
        , 서버시간= #{서버시간}
        , 체결시간= #{체결시간}
        , 상승종목수= #{상승종목수}
        , 상한종목수= #{상한종목수}
        , 보합종목수= #{보합종목수}
        , 하락종목수= #{하락종목수}
        , 하한종목수= #{하한종목수}
        , 누적거래량= #{누적거래량}
        , 누적거래대금= #{누적거래대금}
        , 현재가= #{현재가}
        , 전일대비= #{전일대비}
        , 등락율= #{등락율}
        , 거래형성종목수= #{거래형성종목수}
        , 거래형성비율= #{거래형성비율}
        , 전일대비기호= #{전일대비기호}
        , 종목명= #{종목명}
        , update_date= #{update_date}
    </trim>
    </insert>

	<insert id="bulk_insert">
	INSERT INTO 
        STOCK_KIWOOM_키움업종.키움업종등락_KOSDAQ (
         일자
        ,서버시간
        ,체결시간
        ,상승종목수
        ,상한종목수
        ,보합종목수
        ,하락종목수
        ,하한종목수
        ,누적거래량
        ,누적거래대금
        ,현재가
        ,전일대비
        ,등락율
        ,거래형성종목수
        ,거래형성비율
        ,전일대비기호
        ,종목코드
        ,종목명
        )
         VALUES
		<foreach collection="list" item="item" separator=",">
			(
                 #{item.일자}
                ,#{item.서버시간}
                ,#{item.체결시간}
                ,#{item.상승종목수}
                ,#{item.상한종목수}
                ,#{item.보합종목수}
                ,#{item.하락종목수}
                ,#{item.하한종목수}
                ,#{item.누적거래량}
                ,#{item.누적거래대금}
                ,#{item.현재가}
                ,#{item.전일대비}
                ,#{item.등락율}
                ,#{item.거래형성종목수}
                ,#{item.거래형성비율}
                ,#{item.전일대비기호}
                ,#{item.종목코드}
                ,#{item.종목명}
			)
	 	</foreach>
	</insert>
	
    <insert id="insert">
    INSERT INTO 
        STOCK_KIWOOM_키움업종.키움업종등락_KOSDAQ (
         일자
        ,서버시간
        ,체결시간
        ,상승종목수
        ,상한종목수
        ,보합종목수
        ,하락종목수
        ,하한종목수
        ,누적거래량
        ,누적거래대금
        ,현재가
        ,전일대비
        ,등락율
        ,거래형성종목수
        ,거래형성비율
        ,전일대비기호
        ,종목코드
        ,종목명
        )
         VALUES 
        (
         #{일자}
        ,#{서버시간}
        ,#{체결시간}
        ,#{상승종목수}
        ,#{상한종목수}
        ,#{보합종목수}
        ,#{하락종목수}
        ,#{하한종목수}
        ,#{누적거래량}
        ,#{누적거래대금}
        ,#{현재가}
        ,#{전일대비}
        ,#{등락율}
        ,#{거래형성종목수}
        ,#{거래형성비율}
        ,#{전일대비기호}
        ,#{종목코드}
        ,#{종목명}
        )
    </insert>

    <update id="update">
    UPDATE 
        STOCK_KIWOOM_키움업종.키움업종등락_KOSDAQ T
         SET 
         <trim prefixOverrides=",">
            <if test="_일자 != null and _일자 != ''">, 일자= #{_일자} </if>
            <if test="_서버시간 != null and _서버시간 != ''">, 서버시간= #{_서버시간} </if>
            <if test="_체결시간 != null and _체결시간 != ''">, 체결시간= #{_체결시간} </if>
            <if test="_상승종목수 != null and _상승종목수 != ''">, 상승종목수= #{_상승종목수} </if>
            <if test="_상한종목수 != null and _상한종목수 != ''">, 상한종목수= #{_상한종목수} </if>
            <if test="_보합종목수 != null and _보합종목수 != ''">, 보합종목수= #{_보합종목수} </if>
            <if test="_하락종목수 != null and _하락종목수 != ''">, 하락종목수= #{_하락종목수} </if>
            <if test="_하한종목수 != null and _하한종목수 != ''">, 하한종목수= #{_하한종목수} </if>
            <if test="_누적거래량 != null and _누적거래량 != ''">, 누적거래량= #{_누적거래량} </if>
            <if test="_누적거래대금 != null and _누적거래대금 != ''">, 누적거래대금= #{_누적거래대금} </if>
            <if test="_현재가 != null and _현재가 != ''">, 현재가= #{_현재가} </if>
            <if test="_전일대비 != null and _전일대비 != ''">, 전일대비= #{_전일대비} </if>
            <if test="_등락율 != null and _등락율 != ''">, 등락율= #{_등락율} </if>
            <if test="_거래형성종목수 != null and _거래형성종목수 != ''">, 거래형성종목수= #{_거래형성종목수} </if>
            <if test="_거래형성비율 != null and _거래형성비율 != ''">, 거래형성비율= #{_거래형성비율} </if>
            <if test="_전일대비기호 != null and _전일대비기호 != ''">, 전일대비기호= #{_전일대비기호} </if>
            <if test="_종목명 != null and _종목명 != ''">, 종목명= #{_종목명} </if>
            <if test="_update_date != null and _update_date != ''">, update_date= #{_update_date} </if>
        </trim>
        <include refid="where-list"/>
    </update>

	<delete id="delete">
    DELETE FROM 
        STOCK_KIWOOM_키움업종.키움업종등락_KOSDAQ T
        <include refid="where-list"/>
    </delete>
    
	<sql id="where-list">
    <trim prefix="WHERE" prefixOverrides="AND">
        <if test="일자 != null and 일자 != ''">
            AND T.일자 = #{일자}
        </if>
        <if test="서버시간 != null and 서버시간 != ''">
            AND T.서버시간 = #{서버시간}
        </if>
        <if test="체결시간 != null and 체결시간 != ''">
            AND T.체결시간 = #{체결시간}
        </if>
        <if test="상승종목수 != null and 상승종목수 != ''">
            AND T.상승종목수 = #{상승종목수}
        </if>
        <if test="상한종목수 != null and 상한종목수 != ''">
            AND T.상한종목수 = #{상한종목수}
        </if>
        <if test="보합종목수 != null and 보합종목수 != ''">
            AND T.보합종목수 = #{보합종목수}
        </if>
        <if test="하락종목수 != null and 하락종목수 != ''">
            AND T.하락종목수 = #{하락종목수}
        </if>
        <if test="하한종목수 != null and 하한종목수 != ''">
            AND T.하한종목수 = #{하한종목수}
        </if>
        <if test="누적거래량 != null and 누적거래량 != ''">
            AND T.누적거래량 = #{누적거래량}
        </if>
        <if test="누적거래대금 != null and 누적거래대금 != ''">
            AND T.누적거래대금 = #{누적거래대금}
        </if>
        <if test="현재가 != null and 현재가 != ''">
            AND T.현재가 = #{현재가}
        </if>
        <if test="전일대비 != null and 전일대비 != ''">
            AND T.전일대비 = #{전일대비}
        </if>
        <if test="등락율 != null and 등락율 != ''">
            AND T.등락율 = #{등락율}
        </if>
        <if test="거래형성종목수 != null and 거래형성종목수 != ''">
            AND T.거래형성종목수 = #{거래형성종목수}
        </if>
        <if test="거래형성비율 != null and 거래형성비율 != ''">
            AND T.거래형성비율 = #{거래형성비율}
        </if>
        <if test="전일대비기호 != null and 전일대비기호 != ''">
            AND T.전일대비기호 = #{전일대비기호}
        </if>
        <if test="종목코드 != null and 종목코드 != ''">
            AND T.종목코드 = #{종목코드}
        </if>
        <if test="종목명 != null and 종목명 != ''">
            AND T.종목명 = #{종목명}
        </if>
    </trim>
	</sql>

    <select id="select_count">
    SELECT COUNT(*) AS count FROM STOCK_KIWOOM_키움업종.키움업종등락_KOSDAQ T
    <include refid="where-list"/>
    </select>

	<select id="select_list">
    SELECT 
         T.일자
        ,T.서버시간
        ,T.체결시간
        ,T.상승종목수
        ,T.상한종목수
        ,T.보합종목수
        ,T.하락종목수
        ,T.하한종목수
        ,T.누적거래량
        ,T.누적거래대금
        ,T.현재가
        ,T.전일대비
        ,T.등락율
        ,T.거래형성종목수
        ,T.거래형성비율
        ,T.전일대비기호
        ,T.종목코드
        ,T.종목명
        ,DATE_FORMAT(T.insert_date,'%Y-%m-%d %H:%i:%s') AS insert_date
        ,DATE_FORMAT(T.update_date,'%Y-%m-%d %H:%i:%s') AS update_date
    FROM STOCK_KIWOOM_키움업종.키움업종등락_KOSDAQ T
    <include refid="where-list"/>
	<choose>
		<when test="order_by != null and order_by != ''">
			${order_by}
		</when>
		<otherwise>
		</otherwise>
	</choose>
	<if test="limit != null and limit != ''">
		limit #{limit}
	</if>
	</select>

</mapper>
