<?xml version="1.0" encoding="UTF-8"?>
<!DOCTYPE mapper PUBLIC "-//mybatis.org//DTD Mapper 3.0//EN" "http://mybatis.org/dtd/mybatis-3-mapper.dtd">
<mapper namespace="com.skt.poc.biz.component.#group#.mapper.#camelTableFirstUpperName#Mapper">

<sql id="where-list">
#where#
</sql>

<select id="total" parameterType="#pType#" resultType="Integer">
#selectCount#
</select>

<select id="list#camelTableFirstUpperName#" parameterType="#pType#" resultType="#pType#">
/* ====== com.skt.poc.biz.component.#group#.mapper.#camelTableFirstUpperName#Mapper.list#camelTableFirstUpperName# ====== */
#select#
</select>

<select id="info#camelTableFirstUpperName#" parameterType="#pType#" resultType="#pType#">
/* ====== com.skt.poc.biz.component.#group#.mapper.#camelTableFirstUpperName#Mapper.info#camelTableFirstUpperName# ====== */
#infoSelect#
</select>

<insert id="sav#camelTableFirstUpperName#" parameterType="#pType#">
/* ====== com.skt.poc.biz.component.#group#.mapper.#camelTableFirstUpperName#Mapper.sav#camelTableFirstUpperName# ====== */
#merge#
</insert>

<insert id="reg#camelTableFirstUpperName#" parameterType="#pType#">
/* ====== com.skt.poc.biz.component.#group#.mapper.#camelTableFirstUpperName#Mapper.reg#camelTableFirstUpperName# ====== */
#insert#
</insert>

<update id="upd#camelTableFirstUpperName#" parameterType="#pType#">
/* ====== com.skt.poc.biz.component.#group#.mapper.#camelTableFirstUpperName#Mapper.upd#camelTableFirstUpperName# ====== */
#update#
</update>

<delete id="del#camelTableFirstUpperName#" parameterType="#pType#">
/* ====== com.skt.poc.biz.component.#group#.mapper.#camelTableFirstUpperName#Mapper.del#camelTableFirstUpperName# ====== */
#delete#
</delete>

</mapper>
