<?xml version="1.0" encoding="UTF-8"?>
<!DOCTYPE mapper PUBLIC "-//mybatis.org//DTD Mapper 3.0//EN" "http://mybatis.org/dtd/mybatis-3-mapper.dtd">

<mapper namespace="com.hyundaicard.cse.app.init.mapper.InitMapper">

	<sql id="updateInfo">
		APP_VER	as appVersion,
		IF(
			(SELECT MAX(APP_VER)
				FROM TS_APP_VERSION_INFO
				WHERE 1=1
					AND OS_TYPE = #{osType}
					AND APP_VER >= #{appVersion}
					AND FORCE_YN = 'Y'
			), 'Y', 'N') as forceUpdateYN
		FROM
			TS_APP_VERSION_INFO
		WHERE 1=1
			AND OS_TYPE = #{osType}
			AND APP_VER > #{appVersion}
			AND APP_VER = (
					SELECT MAX(APP_VER) FROM TS_APP_VERSION_INFO WHERE OS_TYPE = #{osType}
					)
		
	</sql>
	
	<sql id="popupNotice">
		NOTICE_SQ as noticeSq,
		NOTICE_NM as title,
		NOTICE_DS as content
		FROM
			TS_NOTICE_INFO
		WHERE
			DISPLAY_YN = 'Y'
		AND DATE_FORMAT(GET_KST_NOW(), '%Y%m%d%H%i%S') BETWEEN DISPLAY_STR_DT AND DISPLAY_END_DT
		AND NOTICE_CD = '300'
		ORDER BY NOTICE_SQ DESC		
		LIMIT 1	
	</sql>
	
	<!-- getUpdateInfo -->
	<select id="getUpdateInfo" parameterType="UpdateInfoEntity" resultType="UpdateInfoEntity">
		SELECT 
			<include refid="com.hyundaicard.cse.app.init.mapper.InitMapper.updateInfo"/>
	</select>
	
	<!-- getEmergencyNotice -->
	<select id="getEmergencyNotice" parameterType="String" resultType="EmergencyNoticeEntity">
		SELECT 
			<include refid="com.hyundaicard.cse.app.init.mapper.InitMapper.popupNotice"/>
	</select>
	
	<insert id="updateAppToken" parameterType="AppTokenEntity">
		INSERT INTO TS_APP_TOKEN_INFO 
		(UUID, OS_TYPE, APP_TOKEN, RECEIVE_YN, INSERT_DT, INSERT_ID, UPDATE_DT, UPDATE_ID)
		SELECT #{uuid}, #{osType}, #{appToken}, #{receiveYN}, NOW(), 'appToken', NOW(), 'appToken' from dual
		WHERE NOT EXISTS (
            SELECT * FROM TS_APP_TOKEN_INFO WHERE UUID = #{uuid}); 
	</insert>
	
	<update id="updatePushReceiveInfo" parameterType="AppTokenEntity">		  
		UPDATE TS_APP_TOKEN_INFO 
		SET
			RECEIVE_YN = #{receiveYN},
			UPDATE_DT = NOW()
		WHERE 
			UUID = #{uuid} 
	</update>
	
</mapper>