<?xml version="1.0" encoding="UTF-8"?>
<!DOCTYPE mapper PUBLIC "-//mybatis.org//DTD Mapper 3.0//EN"
    "http://mybatis.org/dtd/mybatis-3-mapper.dtd">

<mapper namespace="com.osstem.ow.mapper.IBusinessActMapper">
<!--
 * @Project       : OW Season#2 Framework Project
 * @Source        : BusinessAct.xml
 * @Description   : 활동계획을 관리한다.
 * @Author        : HONGSOO YOON
 * @Version       : v1.0
 * Copyright(c) 2018 OSSTEM All rights reserved
 *============================================================================================
 *                  변         경         사         항
 *=============================================================================================
 *    DATE     AUTHOR                      DESCRIPTION
 *=========  =========  =======================================================================
 * 2018. 6. 1.   윤홍수    신규생성
 *=============================================================================================
-->
	<select id="initSql">
		SELECT 1
	</select>

	<!-- 업무계획목록조회 -->
	<select id="getBusinessActList"
			parameterType="com.osstem.ow.model.BusinessActCondition"
			resultType="com.osstem.ow.model.BusinessAct" useCache="true">
		SELECT
			*
		FROM
			TB_BIZ_ACT
		WHERE
			DEL_YN = 'N'
		<if test="bizActSeq != null and bizActSeq != 0">
			AND BIZ_ACT_SEQ = #{bizActSeq}
		</if>
		<if test="bizPlanSeq != null and bizPlanSeq != 0">
			AND BIZ_PLAN_SEQ = #{bizPlanSeq}
		</if>
		<if test="untCd != null and untCd != ''">
			AND UNT_CD = #{untCd}
		</if>
		<if test="bizDetlPlanSeq != null and bizDetlPlanSeq != 0">
			AND BIZ_DETL_PLAN_SEQ = #{bizDetlPlanSeq}
		</if>
		<if test="upperActSeq != null and upperActSeq != 0">
			AND UPPER_ACT_SEQ = #{upperActSeq}
		</if>
		<if test="sabun != null and sabun != ''">
			AND SABUN = #{sabun}
		</if>
		<if test="attr != null and attr != ''">
			AND ATTR = #{attr}
		</if>
		<if test="sabuns != null and sabuns.size() > 0">
			AND SABUN in
			<foreach close=")" collection="sabuns" index="index" item="item" open="(" separator=",">
	      			#{item}
			</foreach>
		</if>
        <if test="sdate !=null and sdate != ''">
        WHERE ((a.START_DT BETWEEN #{sdate} AND #{edate})  OR (a.END_DT BETWEEN #{sdate} AND #{edate})
              OR (a.START_DT <![CDATA[<=]]> #{sdate} AND a.END_DT <![CDATA[>=]]> #{edate}))
        </if>

	</select>

	<!-- 업무계획조회 -->
	<select id="getBusinessAct"
			parameterType="com.osstem.ow.model.BusinessActCondition"
			resultType="com.osstem.ow.model.BusinessAct" useCache="true">
		SELECT
			*
		FROM
			TB_BIZ_ACT
		WHERE
			DEL_YN = 'N'
		<if test="bizActSeq != null and bizActSeq != 0">
			AND BIZ_ACT_SEQ = #{bizActSeq}
		</if>
		<if test="bizPlanSeq != null and bizPlanSeq != 0">
			AND BIZ_PLAN_SEQ = #{bizPlanSeq}
		</if>
		<if test="untCd != null and untCd != ''">
			AND UNT_CD = #{untCd}
		</if>
		<if test="upperActSeq != null and upperActSeq != 0">
			AND UPPER_ACT_SEQ = #{upperActSeq}
		</if>
		<if test="bizDetlPlanSeq != null and bizDetlPlanSeq != 0">
			AND BIZ_DETL_PLAN_SEQ = #{bizDetlPlanSeq}
		</if>
	</select>

	<!-- 업무계획 INSERT -->
	<insert id="createBusinessAct"
			parameterType="com.osstem.ow.model.BusinessAct"
			useGeneratedKeys="true"
  			keyProperty="bizActSeq">
		INSERT INTO TB_BIZ_ACT
			(UNT_CD, BIZ_PLAN_SEQ, HST_SEQ, BIZ_DETL_PLAN_SEQ, UPPER_ACT_SEQ, TYP, COOP_CD,
			SABUN, NAME, ACT_DT, START_TM, END_TM, PRJ_CD, PRJ_CD_NM,
			RES, SCORE, EVAL_SCORE, PRJ_TYP, DESCR, CATEGORY, ATTR, JNT_SCHED_SEQ,
			LUNCH_INC_YN, UPD_SABUN, UPD_DTM, REG_SABUN, REG_DTM, DEL_YN)

		VALUES
			(#{untCd}, #{bizPlanSeq}, #{hstSeq}, #{bizDetlPlanSeq}, #{upperActSeq}, #{typ}, #{coopCd},
			#{sabun}, #{name}, #{actDt}, #{startTm}, #{endTm}, #{prjCd}, #{prjCdNm},
			#{res}, #{score}, #{evalScore}, #{prjTyp}, #{descr}, #{category}, #{attr}, #{jntSchedSeq},
			#{lunchIncYn}, #{updSabun}, NOW(), #{regSabun}, NOW(), 'N')
	</insert>

	<!-- 업무계획 UPDATE  -->
	<update id="updateBusinessAct"
			parameterType="com.osstem.ow.model.BusinessAct">
		UPDATE
			TB_BIZ_ACT
		  SET
			<if test="untCd !=null"> UNT_CD = #{untCd},</if>
			<if test="bizPlanSeq !=null"> BIZ_PLAN_SEQ = #{bizPlanSeq},</if>
			<if test="hstSeq !=null"> HST_SEQ = #{hstSeq},</if>
			<if test="bizDetlPlanSeq !=null"> BIZ_DETL_PLAN_SEQ = #{bizDetlPlanSeq},</if>
			<if test="upperActSeq !=null"> UPPER_ACT_SEQ = #{upperActSeq},</if>
			<if test="typ !=null"> TYP = #{typ},</if>
			<if test="coopCd !=null"> COOP_CD = #{coopCd},</if>
			<if test="sabun !=null"> SABUN = #{sabun},</if>
			<if test="name !=null"> NAME = #{name},</if>
			<if test="actDt !=null"> ACT_DT = #{actDt},</if>
			<if test="startTm !=null"> START_TM = #{startTm},</if>
			<if test="endTm !=null"> END_TM = #{endTm},</if>
			<if test="prjCd !=null"> PRJ_CD = #{prjCd},</if>
			<if test="prjCdNm !=null"> PRJ_CD_NM = #{prjCdNm},</if>
			<if test="res !=null"> RES = #{res},</if>
			<if test="score !=null"> SCORE = #{score},</if>
			<if test="evalScore !=null"> EVAL_SCORE = #{evalScore},</if>
			<if test="prjTyp !=null"> PRJ_TYP = #{prjTyp},</if>
			<if test="descr !=null"> DESCR = #{descr},</if>
			<if test="category !=null"> CATEGORY = #{category},</if>
			<if test="attr !=null"> ATTR = #{attr},</if>
			<if test="jntSchedSeq !=null"> JNT_SCHED_SEQ = #{jntSchedSeq},</if>
			<if test="lunchIncYn !=null"> LUNCH_INC_YN= #{lunchIncYn},</if>
			<if test="updSabun !=null"> UPD_SABUN = #{updSabun},</if>
			UPD_DTM=NOW()
		WHERE
			DEL_YN = 'N'
			AND BIZ_ACT_SEQ = #{bizActSeq}
	</update>

	<!-- 업무계획삭제 -->
	<update id="deleteBusinessAct"
			parameterType="com.osstem.ow.model.BusinessActCondition">
		UPDATE
			TB_BIZ_ACT
		  SET
			DEL_YN = 'Y'
		WHERE
			DEL_YN = 'N'
			AND BIZ_ACT_SEQ = #{bizActSeq}
	</update>


	<!-- 팀장 : 나와 나의 팀원들의 활동계획 -->
	<select id="getBusinessActPlanList"
		parameterType="hashmap"
		resultType="com.osstem.ow.model.BusinessAct" useCache="true">
		SELECT
			AC.*
			, (CASE WHEN ATTR = '05' OR ATTR = '06' THEN
				(SELECT NAME FROM TB_BIZ_ACT WHERE BIZ_ACT_SEQ = AC.UPPER_ACT_SEQ)
				ELSE ''
			  END
			  ) AS UPPER_SABUN
			, SI.JIKGUB_CD
			, SI.JIKGUB_NAME
			, '' AS BIZ_PLAN_TITLE
			, '' AS BIZ_SECTION_TITLE
			, '' AS BIZ_PROCEDURE_TITLE
		FROM
			 TB_SAWON_INFO SI INNER JOIN TB_BIZ_ACT AC
			ON SI.SABUN = AC.SABUN
		WHERE 1=1
			<if test="list != null and list.size() > 0">
			AND AC.SABUN IN
			<foreach close=")" collection="list" index="index" item="item" open="(" separator=",">
      			#{item}
   			</foreach>
   			</if>
			AND AC.DEL_YN = 'N'
			<if test="sdate != null and sdate != '' ">
	  			AND (AC.ACT_DT BETWEEN  #{sdate}  AND #{edate})
			</if>
			AND (DATE_FORMAT(NOW(),'%Y%m%d') BETWEEN SI.SDATE AND SI.EDATE)
			<if test="untCd !=null and untCd != ''">
				AND AC.UNT_CD = #{untCd}
			</if>
			<if test="auth =='N'.toString()">    <!-- 내가 선택한 팀에 권한이 없으면, 나의 업무계획 수행자의 활동계획만... -->
				AND AC.BIZ_PLAN_SEQ in (select BIZ_PLAN_SEQ from TB_BIZ_EXEC WHERE SABUN = #{sabun})
			</if>
			<if test="typ !=null and typ != ''">
				AND AC.TYP = #{typ}
			</if>
			<if test="attrList != null and attrList.size() > 0">
				AND AC.ATTR IN
				<foreach close=")" collection="attrList" index="index" item="item" open="(" separator=",">
	      			#{item}
	    		</foreach>
    		</if>
			ORDER BY SI.JIKGUB_CD
	</select>


	<!-- 나의  업무계획에 포함된 참여자의  활동계획 -->
	<select id="getBusinessActPlanCoList"
		parameterType="hashmap"
		resultType="com.osstem.ow.model.BusinessAct" useCache="true">
			SELECT
				AC.*
				,SI.ORG_CD AS ORG_CD
				,SI.JIKGUB_CD AS JIKGUB_CD
				,SI.JIKGUB_NAME AS JIKGUB_NAME
				, '' AS BIZ_PLAN_TITLE
				, '' AS BIZ_SECTION_TITLE
				, '' AS BIZ_PROCEDURE_TITLE
			FROM
				TB_SAWON_INFO SI INNER JOIN TB_BIZ_ACT AC
				ON SI.SABUN = AC.SABUN
			WHERE 1=1
				<if test="list != null and list.size() > 0">
				AND AC.SABUN IN
				<foreach close=")" collection="list" index="index" item="item" open="(" separator=",">
	      			#{item}
    			</foreach>
				</if>
				AND AC.DEL_YN = 'N'
				<if test="sdate != null and sdate != '' ">
						AND  (AC.ACT_DT BETWEEN  #{sdate}  AND #{edate})
				</if>
				AND (DATE_FORMAT(NOW(),'%Y%m%d') BETWEEN SI.SDATE AND SI.EDATE)
				AND AC.BIZ_PLAN_SEQ in (select BIZ_PLAN_SEQ from TB_BIZ_EXEC WHERE SABUN = #{sabun})
				AND AC.UNT_CD = #{untCd}
		<if test="auth =='Y'.toString()">	<!--auth 권한이 있으면 선택한 사람의 모든 활동계획을 볼 수 있다. -->
			UNION
			SELECT
				AC.*
				,SI.ORG_CD AS ORG_CD
				,SI.JIKGUB_CD AS JIKGUB_CD
				,SI.JIKGUB_NAME AS JIKGUB_NAME
				, '' AS BIZ_PLAN_TITLE
				, '' AS BIZ_SECTION_TITLE
				, '' AS BIZ_PROCEDURE_TITLE
			FROM
				TB_SAWON_INFO SI INNER JOIN TB_BIZ_ACT AC
				ON SI.SABUN = AC.SABUN
			WHERE 1=1
				AND AC.SABUN =  #{selsabun}
				AND AC.DEL_YN = 'N'
				<if test="sdate != null and sdate != '' ">
						AND  (AC.ACT_DT BETWEEN  #{sdate}  AND #{edate})
				</if>
				 AND (DATE_FORMAT(NOW(),'%Y%m%d') BETWEEN SI.SDATE AND SI.EDATE)
				<if test="untCd !=null and untCd != ''">
					AND AC.UNT_CD = #{untCd}
				</if>
		</if>
		ORDER BY ORG_CD, JIKGUB_CD
	</select>


	<select id="getBizActListWithDetlSeqs"
			parameterType="com.osstem.ow.model.BusinessDetlPlanCondition"
			resultType="com.osstem.ow.model.BusinessAct" useCache="true">

		    WITH recursive cte (BIZ_DETL_PLAN_SEQ, UPPER_SEQ, LVL) as
				(
					 SELECT     BIZ_DETL_PLAN_SEQ,
					            UPPER_SEQ,
                      			LVL
					 FROM
					 		TB_BIZ_DETL_PLAN
					 <if test="lvl lt 4">
				 	 	WHERE   UPPER_SEQ  = #{bizDetlPlanSeq}
				 	 </if>
					 <if test="lvl==4">
				 	 	WHERE    BIZ_DETL_PLAN_SEQ  = #{bizDetlPlanSeq}
				 	 </if>
					 UNION ALL
					 SELECT     r.BIZ_DETL_PLAN_SEQ,
					            r.UPPER_SEQ,
                      			r.LVL
					 FROM
					 		TB_BIZ_DETL_PLAN r INNER JOIN cte
			         ON r.UPPER_SEQ = cte.BIZ_DETL_PLAN_SEQ


				)
		  		SELECT
		        	B.*
		  		FROM
		        	cte A INNER JOIN TB_BIZ_ACT B
		      ON
		      		A.BIZ_DETL_PLAN_SEQ = B.BIZ_DETL_PLAN_SEQ
		      WHERE 1 = 1
		      	<if test="sdate != null and sdate != '' and edate !=null and edate !='' ">
		      		AND B.ACT_DT BETWEEN #{sdate} AND #{edate}
		      	</if>
	        ORDER BY B.ACT_DT;
	</select>

	<!-- 업무상세계획번호리스트를 파라미터로  업무상세계획수행자목록을 조회하는 쿼리  -->
	<select id="getBizActExecTimesWithdetlSeqs"
			parameterType="List"
			resultType="com.osstem.ow.model.BusinessActReqTm" useCache="true">
		SELECT
			A.BIZ_DETL_PLAN_SEQ
			,SUM(
			  TIMESTAMPDIFF(MINUTE
			  ,date_format(CONCAT(A.ACT_DT, A.START_TM, '00'),'%Y-%m-%d %H:%i:%s')
			  ,date_format(CONCAT(A.ACT_DT, A.END_TM, '00'),'%Y-%m-%d %H:%i:%s')
			  )) AS ACT_REQ_TM
		FROM
			TB_BIZ_ACT A
		WHERE 1=1
			AND A.DEL_YN = 'N'
			AND A.TYP ='01'
			<if test="list != null and list.size() > 0">
			AND A.BIZ_DETL_PLAN_SEQ in
			<foreach close=")" collection="list" index="index" item="item" open="(" separator=",">
      			#{item}
    		</foreach>
			</if>
   		GROUP BY A.BIZ_DETL_PLAN_SEQ
	</select>

	<!-- 초대 참석 현황  -->
	<select id="getBusinessActJntInvtList"
			parameterType="com.osstem.ow.model.BusinessActCondition"
			resultType="com.osstem.ow.model.BusinessActWrapper" useCache="true">
		SELECT
			(CASE
				WHEN ATTR = '03' THEN CONCAT(DATE_FORMAT(CONCAT(A.ACT_DT, A.START_TM, '00'),'%H:%i'), ' ~ ', DATE_FORMAT(CONCAT(A.ACT_DT, A.END_TM, '00'),'%H:%i'))
				WHEN ATTR = '07' THEN '수락 대기'
				WHEN ATTR = '08' THEN '첨석 거부'
				ELSE ''
			END) AS TIME_OR_ATTEND,
			DATE_FORMAT(REG_DTM,'%m-%d') AS INVT_DT,
			(SELECT NAME FROM TB_SAWON_INFO WHERE DEL_YN = 'N' AND SABUN = A.REG_SABUN ORDER BY SAWON_SEQ DESC LIMIT 1) AS REG_SABUN_NAME,
			A.*
		FROM
			TB_BIZ_ACT A
		WHERE
			DEL_YN = 'N'
		<if test="jntSchedSeq != null and jntSchedSeq != ''">
			AND JNT_SCHED_SEQ = #{jntSchedSeq}
		</if>
		<if test="untCd != null and untCd != ''">
			AND UNT_CD = #{untCd}
		</if>
		<if test="attrList != null and attrList.size() > 0">
			AND ATTR in
			<foreach close=")" collection="attrList" index="index" item="item" open="(" separator=",">
	      			#{item}
			</foreach>
		</if>
		<if test="startDt != null and startDt != ''">
			AND ACT_DT <![CDATA[>=]]>  #{startDt}
		</if>
		<if test="endDt != null and endDt != ''">
			AND ACT_DT <![CDATA[<=]]> #{endDt}
		</if>
		<if test="sabun != null and sabun != ''">
			AND SABUN = #{sabun}
		</if>
		ORDER BY REG_DTM ASC
	</select>


	<!-- 참석 가능한 열람 -->
	<select id="getBusinessActJntBrwsrList"
			parameterType="com.osstem.ow.model.BusinessActCondition"
			resultType="com.osstem.ow.model.BusinessActWrapper" useCache="true">
		WITH T1 AS (
			SELECT
				JS.JNT_SCHED_SEQ,
				JS.BIZ_DETL_PLAN_SEQ,
				JS.UNT_CD,
				JS.BIZ_PLAN_SEQ,
				JS.HST_SEQ,
				JS.COM_SCHED_ID,
				JS.BIZ_ACT_SEQ,
				JS.SABUN AS JNT_SCHED_SABUN,
				JS.NAME,
				JS.NAME AS JNT_SCHED_SAWON_NAME,
				JS.TYP,
				JS.ORG_LVL,
				JS.REG_DTM,
				AC.UPPER_ACT_SEQ,
				AC.COOP_CD,
				AC.SABUN,
				AC.NAME AS AC_NAME,
				AC.ACT_DT,
				AC.START_TM,
				AC.END_TM,
				AC.PRJ_CD,
				AC.PRJ_CD_NM,
				AC.RES,
				AC.SCORE,
				AC.EVAL_SCORE,
				AC.PRJ_TYP,
				AC.DESCR,
				AC.CATEGORY,
				AC.ATTR,
				DATE_FORMAT(AC.ACT_DT,'%m-%d') AS JNT_SCHED_DT,
				DATE_FORMAT(CONCAT(AC.ACT_DT, AC.START_TM, '00'),'%H:%i') AS S_TM,
				DATE_FORMAT(CONCAT(AC.ACT_DT, AC.END_TM, '00'),'%H:%i') AS E_TM
			FROM
				TB_JNT_SCHED JS INNER JOIN TB_BIZ_ACT AC
				ON JS.JNT_SCHED_SEQ = AC.JNT_SCHED_SEQ
			WHERE 1=1
				AND JS.DEL_YN = 'N'
				AND AC.DEL_YN = 'N'
				AND AC.TYP = '01'
				<if test="jntSchedSeq != null and jntSchedSeq != ''">
				AND JS.JNT_SCHED_SEQ = #{jntSchedSeq}
				</if>
				<if test="untCd != null and untCd != ''">
					AND JS.UNT_CD = #{untCd}
					AND AC.UNT_CD = #{untCd}
				</if>
				<if test="startDt != null and startDt != ''">
					AND ACT_DT <![CDATA[>=]]>  #{startDt}
				</if>
				<if test="endDt != null and endDt != ''">
					AND ACT_DT <![CDATA[<=]]> #{endDt}
				</if>
				<if test="regSabun != null and regSabun != ''">
					AND JS.REG_SABUN = #{regSabun}
				</if>
				<if test="checkJnt =='N'.toString()">
					AND JS.JNT_SCHED_SEQ = 0
				</if>
		)
		SELECT
			(SELECT GROUP_CONCAT(NAME)
				FROM T1 WHERE 1=1
					AND ATTR IN ('02','03')
			GROUP BY JNT_SCHED_SEQ ) AS ATTENDS,
			T1.*
		FROM
			T1
		WHERE
			1 = 1
			<if test="sabun != null and sabun != ''">
			AND T1.SABUN = #{sabun}
			</if>
			AND T1.ATTR IN ('07')
		ORDER BY REG_DTM ASC
	</select>

</mapper>