<?xml version="1.0" encoding="UTF-8"?>
<!DOCTYPE mapper PUBLIC "-//mybatis.org//DTD Mapper 3.0//EN" "http://mybatis.org/dtd/mybatis-3-mapper.dtd">

<mapper namespace="당일거래량상위요청MapperXml">

    <insert id="merge">
    INSERT INTO 
        STOCK_KIWOOM.당일거래량상위요청(
         일자
        ,종목코드
        ,종목명
        ,현재가
        ,전일대비기호
        ,전일대비
        ,등락률
        ,거래량
        ,전일비
        ,거래회전률
        ,거래금액
    ) VALUES (
         #{일자}
        ,#{종목코드}
        ,#{종목명}
        ,#{현재가}
        ,#{전일대비기호}
        ,#{전일대비}
        ,#{등락률}
        ,#{거래량}
        ,#{전일비}
        ,#{거래회전률}
        ,#{거래금액}
    ) ON DUPLICATE KEY UPDATE 
    <trim prefixOverrides=","> 
        , 종목명= #{종목명}
        , 현재가= #{현재가}
        , 전일대비기호= #{전일대비기호}
        , 전일대비= #{전일대비}
        , 등락률= #{등락률}
        , 거래량= #{거래량}
        , 전일비= #{전일비}
        , 거래회전률= #{거래회전률}
        , 거래금액= #{거래금액}
        , update_date= #{update_date}
    </trim>
    </insert>

	<insert id="bulk_insert">
	INSERT INTO 
        STOCK_KIWOOM.당일거래량상위요청 (
         일자
        ,종목코드
        ,종목명
        ,현재가
        ,전일대비기호
        ,전일대비
        ,등락률
        ,거래량
        ,전일비
        ,거래회전률
        ,거래금액
        )
         VALUES
		<foreach collection="list" item="item" separator=",">
			(
                 #{item.일자}
                ,#{item.종목코드}
                ,#{item.종목명}
                ,#{item.현재가}
                ,#{item.전일대비기호}
                ,#{item.전일대비}
                ,#{item.등락률}
                ,#{item.거래량}
                ,#{item.전일비}
                ,#{item.거래회전률}
                ,#{item.거래금액}
			)
	 	</foreach>
	</insert>
	
    <insert id="insert">
    INSERT INTO 
        STOCK_KIWOOM.당일거래량상위요청 (
         일자
        ,종목코드
        ,종목명
        ,현재가
        ,전일대비기호
        ,전일대비
        ,등락률
        ,거래량
        ,전일비
        ,거래회전률
        ,거래금액
        )
         VALUES 
        (
         #{일자}
        ,#{종목코드}
        ,#{종목명}
        ,#{현재가}
        ,#{전일대비기호}
        ,#{전일대비}
        ,#{등락률}
        ,#{거래량}
        ,#{전일비}
        ,#{거래회전률}
        ,#{거래금액}
        )
    </insert>

    <update id="update">
    UPDATE 
        STOCK_KIWOOM.당일거래량상위요청 T
         SET 
         <trim prefixOverrides=",">
            <if test="_종목명 != null and _종목명 != ''">, 종목명= #{_종목명} </if>
            <if test="_현재가 != null and _현재가 != ''">, 현재가= #{_현재가} </if>
            <if test="_전일대비기호 != null and _전일대비기호 != ''">, 전일대비기호= #{_전일대비기호} </if>
            <if test="_전일대비 != null and _전일대비 != ''">, 전일대비= #{_전일대비} </if>
            <if test="_등락률 != null and _등락률 != ''">, 등락률= #{_등락률} </if>
            <if test="_거래량 != null and _거래량 != ''">, 거래량= #{_거래량} </if>
            <if test="_전일비 != null and _전일비 != ''">, 전일비= #{_전일비} </if>
            <if test="_거래회전률 != null and _거래회전률 != ''">, 거래회전률= #{_거래회전률} </if>
            <if test="_거래금액 != null and _거래금액 != ''">, 거래금액= #{_거래금액} </if>
            <if test="_update_date != null and _update_date != ''">, update_date= #{_update_date} </if>
        </trim>
        <include refid="where-list"/>
    </update>

	<delete id="delete">
    DELETE FROM 
        STOCK_KIWOOM.당일거래량상위요청 T
        <include refid="where-list"/>
    </delete>
    
	<sql id="where-list">
    <trim prefix="WHERE" prefixOverrides="AND">
        <if test="일자 != null and 일자 != ''">
            AND T.일자 = #{일자}
        </if>
        <if test="종목코드 != null and 종목코드 != ''">
            AND T.종목코드 = #{종목코드}
        </if>
        <if test="종목명 != null and 종목명 != ''">
            AND T.종목명 = #{종목명}
        </if>
        <if test="현재가 != null and 현재가 != ''">
            AND T.현재가 = #{현재가}
        </if>
        <if test="전일대비기호 != null and 전일대비기호 != ''">
            AND T.전일대비기호 = #{전일대비기호}
        </if>
        <if test="전일대비 != null and 전일대비 != ''">
            AND T.전일대비 = #{전일대비}
        </if>
        <if test="등락률 != null and 등락률 != ''">
            AND T.등락률 = #{등락률}
        </if>
        <if test="거래량 != null and 거래량 != ''">
            AND T.거래량 = #{거래량}
        </if>
        <if test="전일비 != null and 전일비 != ''">
            AND T.전일비 = #{전일비}
        </if>
        <if test="거래회전률 != null and 거래회전률 != ''">
            AND T.거래회전률 = #{거래회전률}
        </if>
        <if test="거래금액 != null and 거래금액 != ''">
            AND T.거래금액 = #{거래금액}
        </if>
    </trim>
	</sql>

    <select id="select_count">
    SELECT COUNT(*) AS count FROM STOCK_KIWOOM.당일거래량상위요청 T
    <include refid="where-list"/>
    </select>

	<select id="select_list">
    SELECT 
         T.일자
        ,T.종목코드
        ,T.종목명
        ,T.현재가
        ,T.전일대비기호
        ,T.전일대비
        ,T.등락률
        ,T.거래량
        ,T.전일비
        ,T.거래회전률
        ,T.거래금액
        ,DATE_FORMAT(T.insert_date,'%Y-%m-%d %H:%i:%s') AS insert_date
        ,DATE_FORMAT(T.update_date,'%Y-%m-%d %H:%i:%s') AS update_date
    FROM STOCK_KIWOOM.당일거래량상위요청 T
    <include refid="where-list"/>
	<choose>
		<when test="order_by != null and order_by != ''">
			${order_by}
		</when>
		<otherwise>
		</otherwise>
	</choose>
	<if test="limit != null and limit != ''">
		limit #{limit}
	</if>
	</select>

</mapper>
