<?xml version="1.0" encoding="UTF-8"?>
<!DOCTYPE xml>
<Config>

	<SERVER_MODE>L</SERVER_MODE>	<!-- local : L / dev : D / stage : S / production : P -->

	<HOST_URL>http://localhost:8080/hcc</HOST_URL>

	<!-- DEFAULT_DATE -->
	<DEFAULT_DATE>yyyy-MM-dd HH:mm:ss SSS</DEFAULT_DATE>
	
	<DEFAULT_PAGE_SIZE>20</DEFAULT_PAGE_SIZE>
	
	<BOOKMARK>
		<INSERT_COUNT>100</INSERT_COUNT>
	
		<CATEGORY>
			<SIZE>5</SIZE>
			<PRODUCT>
				<SIZE>15</SIZE>
			</PRODUCT>
		</CATEGORY>
	</BOOKMARK>
	
	<AUTOCOMPLETE>
		<SIZE>10</SIZE>
	</AUTOCOMPLETE>
	
	<SEARCH_ENGINE_API>
		<SITE_URL>
			http://cse-api.digitalxproject.com
		</SITE_URL>
		
		<POPULAR_API>
			<SVCWT>0.82</SVCWT>
			<URL>
				<LIST>/v1/site/popular</LIST>
				<DETAIL>/v1/site/popular/:siteId</DETAIL>
				<SITE_CATEGORY_LIST>/v1/site/popular/:siteId/category</SITE_CATEGORY_LIST>
			</URL>
		</POPULAR_API>
		
		<NEWPOPULAR_API>
			<SVCWT>0.7</SVCWT>
			<URL>
				<LIST>/v1/site/newpopular</LIST>
				<DETAIL>/v1/site/popular/:siteId</DETAIL>
				<SITE_CATEGORY_LIST>/v1/site/newpopular/:siteId/category</SITE_CATEGORY_LIST>
			</URL>
		</NEWPOPULAR_API>
		
		<PERSONAL_API>
			<SVCWT>0.997</SVCWT>
			<URL>
				<LIST>/v1/site/personal</LIST>
				<DETAIL>/v1/site/personal/:siteId</DETAIL>
				<SITE_CATEGORY_LIST>/v1/site/personal/:siteId/category</SITE_CATEGORY_LIST>
			</URL>
		</PERSONAL_API>
		
		<QUESTION_API>
			<SVCWT>0.9995</SVCWT>
			<URL>
				<LIST>/v1/site/question</LIST>
				<DETAIL>/v1/site/question/:siteId</DETAIL>
				<SITE_CATEGORY_LIST>/v1/site/question/:siteId/category</SITE_CATEGORY_LIST>
			</URL>
		</QUESTION_API>
		
		<LOGGER_API>
			<SVCWT>0.9995</SVCWT>
			<URL>
				<LIST>/v1/site/logged</LIST>
				<DETAIL>/v1/site/logged/:siteId</DETAIL>
				<SITE_CATEGORY_LIST>/v1/site/logged/:siteId/category</SITE_CATEGORY_LIST>
			</URL>
		</LOGGER_API>
		
		<SITE_CATEGORY_LIST>/v1/category</SITE_CATEGORY_LIST>
		<AUTOCOMPLETE>/v1/autocomplete</AUTOCOMPLETE>
	</SEARCH_ENGINE_API>
	
	<RSA_KEY_LOCATION>
		/Users/searchengine/Documents/workspace/cse-web/src/main/webapp/WEB-INF/cert/server/cseCert.key
	</RSA_KEY_LOCATION>
	
	<!-- 데이터 분석 건수 -->
	<DATA_COUNT_LOCATION>
		/Users/searchengine/Documents/workspace/cse-web/src/main/resources-local/properties/dataCount.properties
	</DATA_COUNT_LOCATION>

</Config>