<?xml version="1.0" encoding="UTF-8"?>
<!DOCTYPE mapper PUBLIC "-//mybatis.org//DTD Mapper 3.0//EN" "http://mybatis.org/dtd/mybatis-3-mapper.dtd">
<mapper namespace="web.townsi.com.work.mapper.mssql.SettingMapper">


<select id="selectTableComment" parameterType="hashMap" resultType="java.lang.String">
SELECT
    CAST(ep.value AS NVARCHAR(MAX)) AS TABLE_COMMENT
FROM
    sys.extended_properties ep
INNER JOIN
    sys.tables t ON ep.major_id = t.object_id
INNER JOIN
    sys.schemas s ON t.schema_id = s.schema_id
WHERE
    ep.name = 'MS_Description'
    AND ep.minor_id = 0  <!-- 테이블 주석일 경우 minor_id = 0 -->
    AND t.name = #{tableName}
    AND s.name = #{tableSchema}
</select>


<select id="selectTableAutoIncrement" parameterType="hashMap" resultType="int">
SELECT 
	COUNT(*)
FROM sys.columns c
	INNER JOIN sys.tables t ON c.object_id = t.object_id
	INNER JOIN sys.schemas s ON t.schema_id = s.schema_id
	WHERE t.name = #{tableName}
	  AND s.name = #{tableSchema}
	  AND c.is_identity = 1;
</select>


<select id="selectTableList" parameterType="hashMap" resultType="hashMap" flushCache="true">
	SELECT
		*
	FROM INFORMATION_SCHEMA.TABLES
	WHERE TABLE_SCHEMA = #{tableSchema}
	<choose>
		<when test='task.equals("order1")'>
	   		AND TABLE_NAME LIKE 'OWSA100%'
		</when>
		<when test='task.equals("order2")'>
	   		AND TABLE_NAME LIKE 'OWLO00%'
		</when>
		<when test='task.equals("SALES")'>
			AND TABLE_NAME LIKE 'OWSA00%'
			AND TABLE_NAME NOT LIKE '%_OLD'
		</when>
	</choose>
	ORDER BY TABLE_NAME
</select>

<select id="selectTableInfo" parameterType="hashMap" resultType="hashMap" flushCache="true">
	SELECT
	    A.*,
	    'private ' + A.wType AS memVari
	FROM (
	    SELECT
	        C.ORDINAL_POSITION AS ordinalPosition,
	        C.COLUMN_NAME AS columnName,
	        C.COLUMN_NAME AS setGetColumnName,
	        C.COLUMN_NAME AS camelColumnName,
	        C.DATA_TYPE AS dataType,
	        C.IS_NULLABLE AS isNullable,
	        C.CHARACTER_MAXIMUM_LENGTH AS maxLength,
	        LTRIM(RTRIM(
	            REPLACE(REPLACE(REPLACE(C.COLUMN_DEFAULT, '''', ''), '(', ''), ')', '')
	        )) AS columnDefault,
	        EP.value AS columnComment,
	        EP.value AS comments,
	        (CASE
	            WHEN C.DATA_TYPE = 'bigint' THEN 'Long'
	            WHEN C.DATA_TYPE = 'int' THEN 'Integer'
	            WHEN C.DATA_TYPE = 'float' THEN 'Float'
	            WHEN C.DATA_TYPE = 'decimal' THEN 'Integer'
	            WHEN C.DATA_TYPE = 'smallint' THEN 'Integer'
	            WHEN C.DATA_TYPE = 'tinyint' THEN 'Integer'
	            WHEN C.DATA_TYPE = 'datetime' THEN 'Date'
	            WHEN C.DATA_TYPE = 'varchar' THEN 'String'
	            WHEN C.DATA_TYPE = 'nvarchar' THEN 'String'
	            WHEN C.DATA_TYPE = 'text' THEN 'String'
	            ELSE 'String'
	         END) AS wType,
	        (CASE WHEN KCU.COLUMN_NAME IS NOT NULL THEN 'PK' END) AS pk
	    FROM
	        INFORMATION_SCHEMA.COLUMNS C
	    LEFT JOIN
	        INFORMATION_SCHEMA.TABLE_CONSTRAINTS TC
	        ON C.TABLE_NAME = TC.TABLE_NAME
	        AND TC.CONSTRAINT_TYPE = 'PRIMARY KEY'
	        AND TC.TABLE_SCHEMA = #{tableSchema}
	    LEFT JOIN
	        INFORMATION_SCHEMA.KEY_COLUMN_USAGE KCU
	        ON TC.CONSTRAINT_NAME = KCU.CONSTRAINT_NAME
	        AND C.COLUMN_NAME = KCU.COLUMN_NAME
	    LEFT JOIN
	        sys.columns SC
	        ON SC.name = C.COLUMN_NAME
	        AND SC.object_id = OBJECT_ID('dbo.calendar')
	    LEFT JOIN
	        sys.extended_properties EP
	        ON EP.major_id = SC.object_id
	        AND EP.minor_id = SC.column_id
	        AND EP.name = 'MS_Description'
	    WHERE
	        C.TABLE_NAME = #{tableName}
	        AND C.TABLE_SCHEMA = #{tableSchema}
	) A
	ORDER BY
	    A.ordinalPosition;
</select>

<select id="selectSqlInfo" parameterType="hashMap" resultType="hashMap">
${fromSql}
</select>

</mapper>
