<?xml version="1.0" encoding="UTF-8"?>
<!DOCTYPE mapper PUBLIC "-//mybatis.org//DTD Mapper 3.0//EN" "http://mybatis.org/dtd/mybatis-3-mapper.dtd">

<mapper namespace="#package#.#mapperName#">

	<sql id="field">
#select_field#
	</sql>

	<sql id="fragment">
		FROM #tableName# A
		<!-- 
		<where>
			<trim prefixOverrides="AND|OR">
				<if test="@org.apache.commons.lang.StringUtils@isNotEmpty(cdgrpCd)">
					AND C.CDGRP_CD = #{cdgrpCd}
				</if>
				<if test="@org.apache.commons.lang.StringUtils@isNotEmpty(sampleCd)">
					AND C.CODE_CD = #{sampleCd}
				</if>
				<if test="@org.apache.commons.lang.StringUtils@isNotEmpty(sampleNm)">
					AND C.CODE_NM LIKE '%' || #{sampleNm} || '%'
				</if>
				<if test="@org.apache.commons.lang.StringUtils@isNotEmpty(useYn)">
					AND C.USE_YN = #{useYn}
				</if>
			</trim>
		</where>
		 -->
	</sql>

    <select id="get" parameterType="#dtoName#" resultType="#dtoName#">
        SELECT  /* #mapperName#.xml, get */
			<include refid="#package#.#mapperName#.field"/>
			<include refid="#package#.#mapperName#.fragment"/>
	</select>

    <select id="getList" parameterType="#dtoName#" resultType="#dtoName#">
        <include refid="Common.PagingStart" />
	        SELECT  /* #mapperName#.xml, getList */
				<include refid="#package#.#mapperName#.field"/>
				<include refid="#package#.#mapperName#.fragment"/>
			ORDER BY 1
        <include refid="Common.PagingEnd" />
	</select>

    <select id="getAllList" parameterType="#dtoName#" resultType="#dtoName#">
        SELECT  /* #mapperName#.xml, getAllList */
			<include refid="#package#.#mapperName#.field"/>
			<include refid="#package#.#mapperName#.fragment"/>
		ORDER BY 1
	</select>

	<select id="count" parameterType="#dtoName#" resultType="Integer">
        SELECT  /* #mapperName#.xml, count*/
                COUNT(1) AS CNT
		  <include refid="#package#.#mapperName#.fragment"/>
	</select>
	
	<insert id="insert" parameterType="#dtoName#" #increment#>
#insert#
	</insert>

	<update id="update" parameterType="#dtoName#">		  
#update# 
	</update>
	
	<delete id="delete" parameterType="#dtoName#">
#delete# 
	</delete>

    <!-- 사용가능코드 전체목록 -->
	<select id="getListTotal" resultType="#dtoName#">
#select#
	</select>
	
	<!-- Program List -->
<!-- 
#resultMap#	
 -->
</mapper>
