<?xml version="1.0" encoding="UTF-8"?>
<!DOCTYPE mapper PUBLIC "-//mybatis.org//DTD Mapper 3.0//EN" "http://mybatis.org/dtd/mybatis-3-mapper.dtd">
<mapper namespace="com.townsi.setting.settingDAO">
	<!-- 혁신활동목록 -->
	<select id="selectList" parameterType="hashMap" resultType="hashMap">
		SELECT CTGR_IDX /*카테고리 인덱스*/ ,CTGR_TYP_CD /*카테고리 종류 공통코드(009)*/
		,CTGR_NM /*카테고리명*/ ,CTGR_IMG /*카테고리 이미지*/ ,CTGR_ORD /*카테고리 순서*/
		,REF_TYP_CD /*자료유형 공통코드(004)*/ ,SPO_YN /*후원여부*/ ,DEL_YN /*삭제여부*/
		,CRE_DTTM /*생성일시*/ ,MOD_DTTM /*수정일시*/ FROM TBL_CTGR
	</select>

	<insert id="insert" parameterType="hashMap" useGeneratedKeys="true"
		keyProperty="hashMap">
		INSERT INTO TBL_CTGR ( CTGR_IDX /*카테고리 인덱스*/ ,CTGR_TYP_CD /*카테고리 종류
		공통코드(009)*/ ,CTGR_NM /*카테고리명*/ ,CTGR_IMG /*카테고리 이미지*/ ,CTGR_ORD /*카테고리
		순서*/ ,REF_TYP_CD /*자료유형 공통코드(004)*/ ,SPO_YN /*후원여부*/ ,DEL_YN /*삭제여부*/
		,CRE_DTTM /*생성일시*/ ,MOD_DTTM /*수정일시*/ ) VALUES( #CTGR_IDX# /*카테고리
		인덱스*/ ,#CTGR_TYP_CD# /*카테고리 종류 공통코드(009)*/ ,#CTGR_NM# /*카테고리명*/
		,#CTGR_IMG# /*카테고리 이미지*/ ,#CTGR_ORD# /*카테고리 순서*/ ,#REF_TYP_CD# /*자료유형
		공통코드(004)*/ ,#SPO_YN# /*후원여부*/ ,#DEL_YN# /*삭제여부*/ ,#CRE_DTTM# /*생성일시*/
		,#MOD_DTTM# /*수정일시*/ )
	</insert>

	<update id="update" parameterType="hashMap">
		UPDATE TBL_CTGR SET CTGR_IDX = #CTGR_IDX# /*카테고리 인덱스*/ ,CTGR_TYP_CD =
		#CTGR_TYP_CD# /*카테고리 종류 공통코드(009)*/ ,CTGR_NM = #CTGR_NM# /*카테고리명*/
		,CTGR_IMG = #CTGR_IMG# /*카테고리 이미지*/ ,CTGR_ORD = #CTGR_ORD# /*카테고리 순서*/
		,REF_TYP_CD = #REF_TYP_CD# /*자료유형 공통코드(004)*/ ,SPO_YN = #SPO_YN#
		/*후원여부*/ ,DEL_YN = #DEL_YN# /*삭제여부*/ ,CRE_DTTM = #CRE_DTTM# /*생성일시*/
		,MOD_DTTM = #MOD_DTTM# /*수정일시*/ WHERE 1=1 AND CTGR_IDX=#CTGR_IDX#
	</update>

	<delete id="delete" parameterType="hashMap">
		DELETE FROM TBL_CTGR FROM TBL_CTGR WHERE 1=1 AND CTGR_IDX=#CTGR_IDX#
	</delete>
</mapper>
