<?xml version="1.0" encoding="UTF-8"?>
<!DOCTYPE mapper PUBLIC "-//mybatis.org//DTD Mapper 3.0//EN" "http://mybatis.org/dtd/mybatis-3-mapper.dtd">
<mapper namespace="web.townsi.com.work.mapper.mysql.SettingMapperMysql">


<select id="selectTableComment" parameterType="hashMap" resultType="java.lang.String">
SELECT TABLE_COMMENT
FROM   INFORMATION_SCHEMA.TABLES
WHERE  TABLE_SCHEMA = #{tableSchema}
       AND TABLE_NAME = #{tableName}
</select>



<select id="selectTableList" parameterType="hashMap" resultType="hashMap" flushCache="true">
	SELECT
		*
	FROM INFORMATION_SCHEMA.TABLES
	WHERE TABLE_SCHEMA = #{tableSchema}
</select>

<select id="selectTableInfo" parameterType="hashMap" resultType="hashMap" flushCache="true">
select * from jobs
</select>
<select id="selectTableInfo2" parameterType="hashMap" resultType="hashMap" flushCache="true">
		SELECT
			A.*
			,concat('private ',A.W_TYPE) AS mem_vari
				FROM
					(
					select
							A.ORDINAL_POSITION AS ordinal_position,
							A.COLUMN_COMMENT AS column_comment,
							A.COLUMN_COMMENT AS comments,
							A.COLUMN_NAME AS column_name,
							A.COLUMN_NAME AS set_get_column_name,
							A.COLUMN_NAME AS camel_column_name,
							A.COLUMN_TYPE AS column_type,
							A.IS_NULLABLE AS is_nullable,
							A.DATA_TYPE AS data_type,
							(CASE
								WHEN A.DATA_TYPE = 'bigint' THEN 'Long'
								WHEN A.DATA_TYPE = 'int' THEN 'Integer'
								WHEN A.DATA_TYPE = 'float' THEN 'Float'
								WHEN A.DATA_TYPE = 'longtext' THEN 'Long'
								WHEN A.DATA_TYPE = 'tinyint' THEN 'Integer'
								WHEN A.DATA_TYPE = 'decimal' THEN 'Integer'
								WHEN A.DATA_TYPE = 'smallint' THEN 'Integer'
								WHEN A.DATA_TYPE = 'datetime' THEN 'Date'
								WHEN A.DATA_TYPE = 'varchar' THEN 'String'
								WHEN A.DATA_TYPE = 'mediumtext' THEN 'String'
							ELSE 'String' END) AS w_type
							,(CASE WHEN A.COLUMN_KEY = 'PRI' THEN 'PK' END ) AS pk
		-- 					,A.COLUMN_KEY AS column_key
		-- 					,A.COLUMN_DEFAULT AS column_default
		-- 					,A.IS_NULLABLE AS is_nullable
		-- 					,CONCAT( B.TABLE_NAME, '.', B.COLUMN_NAME ) AS fk
						FROM
							INFORMATION_SCHEMA.COLUMNS A
						LEFT OUTER JOIN INFORMATION_SCHEMA.KEY_COLUMN_USAGE B ON
							(
								B.COLUMN_NAME = A.COLUMN_NAME
								AND B.TABLE_NAME = #{tableName}
								AND B.REFERENCED_TABLE_NAME IS NOT NULL
							)
						WHERE
							A.TABLE_SCHEMA = #{tableSchema}
							AND A.TABLE_NAME = #{tableName}
					) A
				ORDER BY
					A.ORDINAL_POSITION
</select>

<select id="selectSqlInfo" parameterType="hashMap" resultType="hashMap">
${fromSql}
</select>

</mapper>
