<?xml version="1.0" encoding="UTF-8"?>
<!DOCTYPE mapper PUBLIC "-//mybatis.org//DTD Mapper 3.0//EN" "http://mybatis.org/dtd/mybatis-3-mapper.dtd">
<mapper namespace="web.townsi.com.work.mapper.oracle.SettingMapperOracle">


	<select id="selectTableComment" parameterType="hashMap" resultType="java.lang.String">
	SELECT
		B.COMMENTS AS table_comment
	FROM
		ALL_TABLES A,
		ALL_TAB_COMMENTS B
	WHERE
		A.TABLE_NAME = B.TABLE_NAME
		AND A.TABLE_NAME = #{tableName}
</select>



<select id="selectTableList" parameterType="hashMap" resultType="hashMap" flushCache="true">
	SELECT
		*
	FROM
		DBA_OBJECTS
	WHERE
		1 = 1
		AND OBJECT_TYPE = 'TABLE'
		AND OWNER = #{tableSchema}
</select>

<select id="selectTableInfo" parameterType="hashMap" resultType="hashMap" flushCache="true">
	WITH T_CON AS(
		SELECT
			UCC.COLUMN_NAME,
			UCC.CONSTRAINT_NAME,
			US.CONSTRAINT_TYPE
		FROM
			USER_CONS_COLUMNS UCC,
			USER_CONSTRAINTS US
		WHERE
			1 = 1
			AND UCC.CONSTRAINT_NAME = US.CONSTRAINT_NAME
			AND UCC.TABLE_NAME = #{tableName}
	) SELECT
		*
	FROM
		(
			SELECT
				COLUMN_ID  AS "ordinal_position",
				'private ' || DECODE( DATA_TYPE, 'NUMBER', (CASE WHEN DATA_SCALE != 0 THEN 'Double' ELSE 'Long' END), 'DATE', 'Date', 'String' ) || ' ' || LOWER( SUBSTR( REPLACE( INITCAP(ATC.COLUMN_NAME), '_' ), 1, 1 ))|| SUBSTR( REPLACE( INITCAP(ATC.COLUMN_NAME), '_' ), 2 )|| ';' AS "mem_vari",
				ACC.COMMENTS AS "column_comment",
				DECODE( LENGTH(COMMENTS), NULL, '', COMMENTS ) AS "comments",
				ATC.COLUMN_NAME AS "column_name",
				/* 컬럼명 */
				UPPER( SUBSTR( REPLACE( INITCAP(ATC.COLUMN_NAME), '_' ), 1, 1 ))|| SUBSTR( REPLACE( INITCAP(ATC.COLUMN_NAME), '_' ), 2 ) AS "set_get_column_name",
				/* 컬럼명 */
				LOWER( SUBSTR( REPLACE( INITCAP(ATC.COLUMN_NAME), '_' ), 1, 1 ))|| SUBSTR( REPLACE( INITCAP(ATC.COLUMN_NAME), '_' ), 2 ) AS "camel_column_name",
				/* 컬럼명 */
				DATA_TYPE AS "column_type",
				/* 데이터타입 */
				DECODE( DATA_TYPE, 'NUMBER', (CASE WHEN DATA_SCALE != 0 THEN 'Double' ELSE 'Long' END), 'DATE', 'Date', 'String' ) AS "w_type",
				(
				SELECT
					DECODE(T_CON.CONSTRAINT_TYPE, 'P', 'PK', 'R', 'FK', 'C', 'CK', 'UK', 'UK')
				FROM
					T_CON
				WHERE
					1 = 1
					AND T_CON.CONSTRAINT_TYPE = 'P'
					AND T_CON.COLUMN_NAME = ATC.COLUMN_NAME ) AS "pk"
			FROM
				ALL_TAB_COLUMNS ATC,
				ALL_COL_COMMENTS ACC
			WHERE
				1 = 1
				AND ATC.OWNER = ACC.OWNER
				AND ATC.TABLE_NAME = ACC.TABLE_NAME
				AND ATC.COLUMN_NAME = ACC.COLUMN_NAME
				AND ATC.TABLE_NAME = #{tableName}
				AND ATC.OWNER = #{tableSchema}
		) A
	ORDER BY
		A."ordinal_position"
</select>

<select id="selectSqlInfo" parameterType="hashMap" resultType="hashMap">
${fromSql}
</select>

</mapper>
