		SELECT 
			 DEPTNO
			,DNAME
			,LOC
		FROM DEPT T1
		<include refid="where-List"/>





<?xml version="1.0" encoding="UTF-8"?>
<!DOCTYPE sqlMap PUBLIC "-//iBATIS.com//DTD SQL Map 2.0//EN" "http://ibatis.apache.org/dtd/sql-map-2.dtd">
<sqlMap namespace="SQL">
    <typeAlias alias="" type="kr.co.crewmate.site.model.#biz#."/>

	<sql id="where-List">
		<trim prefix="WHERE" prefixOverrides="AND">
			<if test="deptno != null and deptno != 0">
				AND DEPTNO = #{deptno}
			</if>
			<if test="dname != null and dname != ''">
				AND DNAME = #{dname}
			</if>
			<if test="loc != null and loc != ''">
				AND LOC = #{loc}
			</if>
		</trim>

	</sql>

    <select id="getList" parameterClass="osEventDetail" resultClass="">
		SELECT 
			 DEPTNO
			,DNAME
			,LOC
		FROM DEPT T1
		<include refid="where-List"/>
    </select>

    <select id="getListCount" parameterClass="" resultClass="int">
		SELECT 
COUNT(*) FROM DEPT T1
		<include refid="where-List"/>
    </select>

    <insert id="insert" parameterClass="">
	INSERT INTO DEPT (
  DEPTNO
		, DNAME, LOC		) 
  #{deptno}
		, #{dname}, #{loc}	)
    </insert>

    <update id="update" parameterClass="">
		UPDATE DEPT
		 SET 
			<if test="deptno != null"> DEPTNO= #{deptno},</if>
			<if test="dname != null"> DNAME= #{dname},</if>
			<if test="loc != null"> LOC= #{loc},</if>

		WHERE 1=1 AND DEPTNO = #{deptno}
    </update>

    <update id="merge" parameterClass="">
		MERGE INTO DEPT
		USING DUAL
			ON (DEPTNO = #{deptno})
		WHEN MATCHED THEN
			UPDATE
		<trim prefix="WHERE" prefixOverrides="AND">
			<isNotEmpty property="dname" prepend="," removeFirstPrepend="true">DNAME= #{dname}</isNotEmpty>
			<isNotEmpty property="loc" prepend="," removeFirstPrepend="true">LOC= #{loc}</isNotEmpty>
		</trim>
		WHEN NOT MATCHED THEN
			INSERT (
  DEPTNO
				, DNAME, LOC		) values (
	  #{deptno}
				, #{dname}, #{loc}		)
    </update>

</sqlMap>
