<?xml version="1.0" encoding="UTF-8"?>
<!DOCTYPE mapper PUBLIC "-//mybatis.org//DTD Mapper 3.0//EN" "http://mybatis.org/dtd/mybatis-3-mapper.dtd">

<mapper namespace="com.hyundaicard.cse.app.log.mapper.PsnlLogMapper">

	<select id="getLankSite" parameterType="PsnlLogEntity" resultType="PsnlLogEntity">
		SELECT /* PsnlLogMapper.xml, getAllList */
			 A.MEMBER_ID_SQ  AS memberIdSq			/* 회원아이디 일련번호 */ 
			,A.UUID          AS uuid			/* 단말식별값 */ 
			,A.SITE_KEY      AS siteKey			/* 사이트키 */ 
			,A.LIKE_COUNT    AS likeCount			/* 좋아요카운트 */ 
			,A.FAV_COUNT     AS favCount			/* 북마크카운트 */ 
			,A.CLICK_COUNT   AS clickCount			/* 클릭카운트 */ 
			,A.FINAL_SCORE   AS finalScore			/* 점수 */ 
			,A.INSERT_DT     AS insertDt			/* 등록일시 */ 
			,A.INSERT_ID     AS insertId			/* 등록자ID */ 
			,A.UPDATE_DT     AS updateDt			/* 수정일시 */ 
			,A.UPDATE_ID     AS updateId			/* 수정자ID */ 		
		FROM TS_PSNL_LOG_INFO A
		WHERE MEMBER_ID_SQ = #{memberIdSq}
			AND FINAL_SCORE > 0
			<if test="@org.apache.commons.lang.StringUtils@isNotEmpty(uuid)">
				AND A.UUID = #{uuid}
			</if>			
			ORDER BY FINAL_SCORE DESC ,UPDATE_DT DESC
			LIMIT 4
	</select>
	
	<select id="getTotalFinalScore" parameterType="PsnlLogEntity" resultType="int">
		SELECT /* PsnlLogMapper.xml, getTotalFinalScore */
			 IFNULL(SUM(FINAL_SCORE),0)
		FROM TS_PSNL_LOG_INFO A
		WHERE MEMBER_ID_SQ = #{memberIdSq}
			<if test="@org.apache.commons.lang.StringUtils@isNotEmpty(uuid)">
				AND A.UUID = #{uuid}
			</if>			
			AND FINAL_SCORE > 0
	</select>

	<insert id="insertFnCall" parameterType="PsnlLogEntity" >
	   select SET_TS_PSNL_LOG_INFO(
	        #{memberIdSq, mode=IN, jdbcType=VARCHAR}
	        ,#{uuid, mode=IN, jdbcType=VARCHAR}
	        ,#{siteKey, mode=IN, jdbcType=VARCHAR}
	        ,#{logTypeCd, mode=IN, jdbcType=VARCHAR}
	        ,'INSERT'
	     )
	</insert>
	
	<update id="updateFnCall" parameterType="PsnlLogEntity">
		select SET_TS_PSNL_LOG_INFO(
	        #{memberIdSq, mode=IN, jdbcType=VARCHAR}
	        ,#{uuid, mode=IN, jdbcType=VARCHAR}
	        ,#{siteKey, mode=IN, jdbcType=VARCHAR}
	        ,#{logTypeCd, mode=IN, jdbcType=VARCHAR}
	        ,'DEL'
	     )
	</update>
	
<!--
DROP FUNCTION csedb.SET_TS_PSNL_LOG_INFO;
CREATE DEFINER=`myadm`@`%` FUNCTION `csedb`.`SET_TS_PSNL_LOG_INFO`(in_memberIdSq varchar(20), in_uuid varchar(128), in_siteKey varchar(10), logTypeCd varchar(10), ptype varchar(10)) RETURNS varchar(20) CHARSET utf8
BEGIN
    DECLARE likeCount INT DEFAULT 0;
    DECLARE favCount INT DEFAULT 0;
    DECLARE clickCount INT DEFAULT 0;
    DECLARE finalScore INT DEFAULT 0;
    DECLARE CNT INT DEFAULT 0;
    DECLARE V_MSG VARCHAR(255);
    
    set V_MSG := CONCAT('ptype >> ', ptype);
    SET CNT = (
	    SELECT COUNT(1)
	    FROM TS_PSNL_LOG_INFO
	    WHERE MEMBER_ID_SQ = in_memberIdSq
	    AND UUID = in_uuid
	    AND SITE_KEY = in_siteKey
	    LIMIT 1
	);
	
	IF CNT <> 0 THEN
		SELECT LIKE_COUNT 
			   ,FAV_COUNT
			   ,CLICK_COUNT
			   ,FINAL_SCORE
			   INTO likeCount, favCount, clickCount, finalScore
		FROM TS_PSNL_LOG_INFO
		WHERE MEMBER_ID_SQ = in_memberIdSq
		AND UUID = in_uuid
		AND SITE_KEY = in_siteKey;
	END IF;
	    
    IF ptype = 'INSERT' THEN
    
	    IF CNT = 0 THEN
	    	IF logTypeCd = 'LIKE' THEN 
				set likeCount = 1;
				set finalScore = 1;
	        ELSEIF logTypeCd = 'FAV' THEN 
				set favCount = 1;
				set finalScore = 1;
	        ELSEIF logTypeCd = 'CLICK' THEN  
				set clickCount = 1;
	    	END IF;
	    	
			INSERT INTO TS_PSNL_LOG_INFO
	        VALUES (
	             in_memberIdSq, in_uuid, in_siteKey
	            ,likeCount, favCount, clickCount, finalScore
	            ,NOW(), in_memberIdSq, NOW(), in_memberIdSq
	        );
		ELSE 
	    	IF logTypeCd = 'LIKE' THEN
	    		set likeCount = likeCount + 1;
	    		set finalScore = finalScore + 1;
	        ELSEIF logTypeCd = 'FAV' THEN 
	        	set favCount = favCount + 1;
	    		set finalScore = finalScore + 1;
	        ELSEIF logTypeCd = 'CLICK' THEN
	       		set clickCount = clickCount + 1;
	        	IF MOD(clickCount,5) = 0 THEN
	        		set finalScore = finalScore + 1;
	        	END IF;
	    	END IF;	
		
			UPDATE TS_PSNL_LOG_INFO
		       SET LIKE_COUNT = likeCount	
		       	  ,FAV_COUNT = favCount	
				  ,CLICK_COUNT = clickCount
				  ,FINAL_SCORE = finalScore	
				  ,UPDATE_DT = NOW()
				  ,UPDATE_ID = in_memberIdSq			  		
			WHERE MEMBER_ID_SQ = in_memberIdSq 
				AND UUID =in_uuid
				AND SITE_KEY = in_siteKey;	  
		END IF;	   	
   	ELSEIF ptype = 'DEL' THEN
    
    	IF logTypeCd = 'LIKE' THEN 
    		IF likeCount > 0 THEN
    			set likeCount = likeCount - 1;
			END IF;    			
    		IF finalScore > 0 THEN
    			set finalScore = finalScore - 1;
    		END IF;
        ELSEIF logTypeCd = 'FAV' THEN 
    		IF favCount > 0 THEN
    			set favCount = favCount - 1;
			END IF;     			
    		IF finalScore > 0 THEN
    			set finalScore = finalScore - 1;
    		END IF;     
    	END IF;	
    	
    	UPDATE TS_PSNL_LOG_INFO
	       SET LIKE_COUNT = likeCount	
	       	  ,FAV_COUNT = favCount	
			  ,FINAL_SCORE = finalScore
			  ,UPDATE_DT = NOW()
			  ,UPDATE_ID = in_memberIdSq			  		
		WHERE MEMBER_ID_SQ = in_memberIdSq 
			AND UUID = in_uuid
			AND SITE_KEY = in_siteKey;	      
    
    END IF;
    RETURN V_MSG;
END
;
-->
</mapper>
