<?xml version="1.0" encoding="UTF-8"?>
<!DOCTYPE mapper PUBLIC "-//mybatis.org//DTD Mapper 3.0//EN" "http://mybatis.org/dtd/mybatis-3-mapper.dtd">

<mapper namespace="미체결요청MapperXml">

    <insert id="merge">
    INSERT INTO 
        STOCK_KIWOOM.미체결요청(
         일자
        ,user_id
        ,종목코드
        ,종목명
        ,주문번호
        ,계좌번호
        ,업무구분
        ,주문상태
        ,주문수량
        ,주문가격
        ,미체결수량
        ,체결누계금액
        ,원주문번호
        ,주문구분
        ,매매구분
        ,시간
        ,체결번호
        ,체결가
        ,체결량
        ,현재가
        ,매도호가
        ,매수호가
        ,단위체결가
        ,단위체결량
        ,당일매매수수료
        ,당일매매세금
        ,개인투자자
    ) VALUES (
         #{일자}
        ,#{user_id}
        ,#{종목코드}
        ,#{종목명}
        ,#{주문번호}
        ,#{계좌번호}
        ,#{업무구분}
        ,#{주문상태}
        ,#{주문수량}
        ,#{주문가격}
        ,#{미체결수량}
        ,#{체결누계금액}
        ,#{원주문번호}
        ,#{주문구분}
        ,#{매매구분}
        ,#{시간}
        ,#{체결번호}
        ,#{체결가}
        ,#{체결량}
        ,#{현재가}
        ,#{매도호가}
        ,#{매수호가}
        ,#{단위체결가}
        ,#{단위체결량}
        ,#{당일매매수수료}
        ,#{당일매매세금}
        ,#{개인투자자}
    ) ON DUPLICATE KEY UPDATE 
    <trim prefixOverrides=","> 
        , 종목명= #{종목명}
        , 주문번호= #{주문번호}
        , 계좌번호= #{계좌번호}
        , 업무구분= #{업무구분}
        , 주문상태= #{주문상태}
        , 주문수량= #{주문수량}
        , 주문가격= #{주문가격}
        , 미체결수량= #{미체결수량}
        , 체결누계금액= #{체결누계금액}
        , 원주문번호= #{원주문번호}
        , 주문구분= #{주문구분}
        , 매매구분= #{매매구분}
        , 시간= #{시간}
        , 체결번호= #{체결번호}
        , 체결가= #{체결가}
        , 체결량= #{체결량}
        , 현재가= #{현재가}
        , 매도호가= #{매도호가}
        , 매수호가= #{매수호가}
        , 단위체결가= #{단위체결가}
        , 단위체결량= #{단위체결량}
        , 당일매매수수료= #{당일매매수수료}
        , 당일매매세금= #{당일매매세금}
        , 개인투자자= #{개인투자자}
        , update_date= #{update_date}
    </trim>
    </insert>

	<insert id="bulk_insert">
	INSERT INTO 
        STOCK_KIWOOM.미체결요청 (
         일자
        ,user_id
        ,종목코드
        ,종목명
        ,주문번호
        ,계좌번호
        ,업무구분
        ,주문상태
        ,주문수량
        ,주문가격
        ,미체결수량
        ,체결누계금액
        ,원주문번호
        ,주문구분
        ,매매구분
        ,시간
        ,체결번호
        ,체결가
        ,체결량
        ,현재가
        ,매도호가
        ,매수호가
        ,단위체결가
        ,단위체결량
        ,당일매매수수료
        ,당일매매세금
        ,개인투자자
        )
         VALUES
		<foreach collection="list" item="item" separator=",">
			(
                 #{item.일자}
                ,#{item.user_id}
                ,#{item.종목코드}
                ,#{item.종목명}
                ,#{item.주문번호}
                ,#{item.계좌번호}
                ,#{item.업무구분}
                ,#{item.주문상태}
                ,#{item.주문수량}
                ,#{item.주문가격}
                ,#{item.미체결수량}
                ,#{item.체결누계금액}
                ,#{item.원주문번호}
                ,#{item.주문구분}
                ,#{item.매매구분}
                ,#{item.시간}
                ,#{item.체결번호}
                ,#{item.체결가}
                ,#{item.체결량}
                ,#{item.현재가}
                ,#{item.매도호가}
                ,#{item.매수호가}
                ,#{item.단위체결가}
                ,#{item.단위체결량}
                ,#{item.당일매매수수료}
                ,#{item.당일매매세금}
                ,#{item.개인투자자}
			)
	 	</foreach>
	</insert>
	
    <insert id="insert">
    INSERT INTO 
        STOCK_KIWOOM.미체결요청 (
         일자
        ,user_id
        ,종목코드
        ,종목명
        ,주문번호
        ,계좌번호
        ,업무구분
        ,주문상태
        ,주문수량
        ,주문가격
        ,미체결수량
        ,체결누계금액
        ,원주문번호
        ,주문구분
        ,매매구분
        ,시간
        ,체결번호
        ,체결가
        ,체결량
        ,현재가
        ,매도호가
        ,매수호가
        ,단위체결가
        ,단위체결량
        ,당일매매수수료
        ,당일매매세금
        ,개인투자자
        )
         VALUES 
        (
         #{일자}
        ,#{user_id}
        ,#{종목코드}
        ,#{종목명}
        ,#{주문번호}
        ,#{계좌번호}
        ,#{업무구분}
        ,#{주문상태}
        ,#{주문수량}
        ,#{주문가격}
        ,#{미체결수량}
        ,#{체결누계금액}
        ,#{원주문번호}
        ,#{주문구분}
        ,#{매매구분}
        ,#{시간}
        ,#{체결번호}
        ,#{체결가}
        ,#{체결량}
        ,#{현재가}
        ,#{매도호가}
        ,#{매수호가}
        ,#{단위체결가}
        ,#{단위체결량}
        ,#{당일매매수수료}
        ,#{당일매매세금}
        ,#{개인투자자}
        )
    </insert>

    <update id="update">
    UPDATE 
        STOCK_KIWOOM.미체결요청 T
         SET 
         <trim prefixOverrides=",">
            <if test="_종목명 != null and _종목명 != ''">, 종목명= #{_종목명} </if>
            <if test="_주문번호 != null and _주문번호 != ''">, 주문번호= #{_주문번호} </if>
            <if test="_계좌번호 != null and _계좌번호 != ''">, 계좌번호= #{_계좌번호} </if>
            <if test="_업무구분 != null and _업무구분 != ''">, 업무구분= #{_업무구분} </if>
            <if test="_주문상태 != null and _주문상태 != ''">, 주문상태= #{_주문상태} </if>
            <if test="_주문수량 != null and _주문수량 != ''">, 주문수량= #{_주문수량} </if>
            <if test="_주문가격 != null and _주문가격 != ''">, 주문가격= #{_주문가격} </if>
            <if test="_미체결수량 != null and _미체결수량 != ''">, 미체결수량= #{_미체결수량} </if>
            <if test="_체결누계금액 != null and _체결누계금액 != ''">, 체결누계금액= #{_체결누계금액} </if>
            <if test="_원주문번호 != null and _원주문번호 != ''">, 원주문번호= #{_원주문번호} </if>
            <if test="_주문구분 != null and _주문구분 != ''">, 주문구분= #{_주문구분} </if>
            <if test="_매매구분 != null and _매매구분 != ''">, 매매구분= #{_매매구분} </if>
            <if test="_시간 != null and _시간 != ''">, 시간= #{_시간} </if>
            <if test="_체결번호 != null and _체결번호 != ''">, 체결번호= #{_체결번호} </if>
            <if test="_체결가 != null and _체결가 != ''">, 체결가= #{_체결가} </if>
            <if test="_체결량 != null and _체결량 != ''">, 체결량= #{_체결량} </if>
            <if test="_현재가 != null and _현재가 != ''">, 현재가= #{_현재가} </if>
            <if test="_매도호가 != null and _매도호가 != ''">, 매도호가= #{_매도호가} </if>
            <if test="_매수호가 != null and _매수호가 != ''">, 매수호가= #{_매수호가} </if>
            <if test="_단위체결가 != null and _단위체결가 != ''">, 단위체결가= #{_단위체결가} </if>
            <if test="_단위체결량 != null and _단위체결량 != ''">, 단위체결량= #{_단위체결량} </if>
            <if test="_당일매매수수료 != null and _당일매매수수료 != ''">, 당일매매수수료= #{_당일매매수수료} </if>
            <if test="_당일매매세금 != null and _당일매매세금 != ''">, 당일매매세금= #{_당일매매세금} </if>
            <if test="_개인투자자 != null and _개인투자자 != ''">, 개인투자자= #{_개인투자자} </if>
            <if test="_update_date != null and _update_date != ''">, update_date= #{_update_date} </if>
        </trim>
        <include refid="where-list"/>
    </update>

	<delete id="delete">
    DELETE FROM 
        STOCK_KIWOOM.미체결요청 T
        <include refid="where-list"/>
    </delete>
    
	<sql id="where-list">
    <trim prefix="WHERE" prefixOverrides="AND">
        <if test="일자 != null and 일자 != ''">
            AND T.일자 = #{일자}
        </if>
        <if test="user_id != null and user_id != ''">
            AND T.user_id = #{user_id}
        </if>
        <if test="종목코드 != null and 종목코드 != ''">
            AND T.종목코드 = #{종목코드}
        </if>
        <if test="종목명 != null and 종목명 != ''">
            AND T.종목명 = #{종목명}
        </if>
        <if test="주문번호 != null and 주문번호 != ''">
            AND T.주문번호 = #{주문번호}
        </if>
        <if test="계좌번호 != null and 계좌번호 != ''">
            AND T.계좌번호 = #{계좌번호}
        </if>
        <if test="업무구분 != null and 업무구분 != ''">
            AND T.업무구분 = #{업무구분}
        </if>
        <if test="주문상태 != null and 주문상태 != ''">
            AND T.주문상태 = #{주문상태}
        </if>
        <if test="주문수량 != null and 주문수량 != ''">
            AND T.주문수량 = #{주문수량}
        </if>
        <if test="주문가격 != null and 주문가격 != ''">
            AND T.주문가격 = #{주문가격}
        </if>
        <if test="미체결수량 != null and 미체결수량 != ''">
            AND T.미체결수량 = #{미체결수량}
        </if>
        <if test="체결누계금액 != null and 체결누계금액 != ''">
            AND T.체결누계금액 = #{체결누계금액}
        </if>
        <if test="원주문번호 != null and 원주문번호 != ''">
            AND T.원주문번호 = #{원주문번호}
        </if>
        <if test="주문구분 != null and 주문구분 != ''">
            AND T.주문구분 = #{주문구분}
        </if>
        <if test="매매구분 != null and 매매구분 != ''">
            AND T.매매구분 = #{매매구분}
        </if>
        <if test="시간 != null and 시간 != ''">
            AND T.시간 = #{시간}
        </if>
        <if test="체결번호 != null and 체결번호 != ''">
            AND T.체결번호 = #{체결번호}
        </if>
        <if test="체결가 != null and 체결가 != ''">
            AND T.체결가 = #{체결가}
        </if>
        <if test="체결량 != null and 체결량 != ''">
            AND T.체결량 = #{체결량}
        </if>
        <if test="현재가 != null and 현재가 != ''">
            AND T.현재가 = #{현재가}
        </if>
        <if test="매도호가 != null and 매도호가 != ''">
            AND T.매도호가 = #{매도호가}
        </if>
        <if test="매수호가 != null and 매수호가 != ''">
            AND T.매수호가 = #{매수호가}
        </if>
        <if test="단위체결가 != null and 단위체결가 != ''">
            AND T.단위체결가 = #{단위체결가}
        </if>
        <if test="단위체결량 != null and 단위체결량 != ''">
            AND T.단위체결량 = #{단위체결량}
        </if>
        <if test="당일매매수수료 != null and 당일매매수수료 != ''">
            AND T.당일매매수수료 = #{당일매매수수료}
        </if>
        <if test="당일매매세금 != null and 당일매매세금 != ''">
            AND T.당일매매세금 = #{당일매매세금}
        </if>
        <if test="개인투자자 != null and 개인투자자 != ''">
            AND T.개인투자자 = #{개인투자자}
        </if>
    </trim>
	</sql>

    <select id="select_count">
    SELECT COUNT(*) AS count FROM STOCK_KIWOOM.미체결요청 T
    <include refid="where-list"/>
    </select>

	<select id="select_list">
    SELECT 
         T.일자
        ,T.user_id
        ,T.종목코드
        ,T.종목명
        ,T.주문번호
        ,T.계좌번호
        ,T.업무구분
        ,T.주문상태
        ,T.주문수량
        ,T.주문가격
        ,T.미체결수량
        ,T.체결누계금액
        ,T.원주문번호
        ,T.주문구분
        ,T.매매구분
        ,T.시간
        ,T.체결번호
        ,T.체결가
        ,T.체결량
        ,T.현재가
        ,T.매도호가
        ,T.매수호가
        ,T.단위체결가
        ,T.단위체결량
        ,T.당일매매수수료
        ,T.당일매매세금
        ,T.개인투자자
        ,DATE_FORMAT(T.insert_date,'%Y-%m-%d %H:%i:%s') AS insert_date
        ,DATE_FORMAT(T.update_date,'%Y-%m-%d %H:%i:%s') AS update_date
    FROM STOCK_KIWOOM.미체결요청 T
    <include refid="where-list"/>
	<choose>
		<when test="order_by != null and order_by != ''">
			${order_by}
		</when>
		<otherwise>
		</otherwise>
	</choose>
	<if test="limit != null and limit != ''">
		limit #{limit}
	</if>
	</select>

</mapper>
