<?xml version="1.0" encoding="UTF-8"?>
<!DOCTYPE mapper PUBLIC "-//mybatis.org//DTD Mapper 3.0//EN" "http://mybatis.org/dtd/mybatis-3-mapper.dtd">

<mapper namespace="손절가000020MapperXml">

    <insert id="merge">
    INSERT INTO 
        STOCK_TRANS_손절가.손절가_000020(
         순번
        ,종목코드
        ,종목명
        ,watch_id
        ,user_id
        ,일자
        ,손절가
        ,익절가
    ) VALUES (
         #{순번}
        ,#{종목코드}
        ,#{종목명}
        ,#{watch_id}
        ,#{user_id}
        ,#{일자}
        ,#{손절가}
        ,#{익절가}
    ) ON DUPLICATE KEY UPDATE 
    <trim prefixOverrides=","> 
        , 종목코드= #{종목코드}
        , 종목명= #{종목명}
        , watch_id= #{watch_id}
        , user_id= #{user_id}
        , 일자= #{일자}
        , 손절가= #{손절가}
        , 익절가= #{익절가}
        , update_date= #{update_date}
    </trim>
    </insert>

	<insert id="bulk_insert">
	INSERT INTO 
        STOCK_TRANS_손절가.손절가_000020 (
         순번
        ,종목코드
        ,종목명
        ,watch_id
        ,user_id
        ,일자
        ,손절가
        ,익절가
        )
         VALUES
		<foreach collection="list" item="item" separator=",">
			(
                 #{item.순번}
                ,#{item.종목코드}
                ,#{item.종목명}
                ,#{item.watch_id}
                ,#{item.user_id}
                ,#{item.일자}
                ,#{item.손절가}
                ,#{item.익절가}
			)
	 	</foreach>
	</insert>
	
    <insert id="insert">
    INSERT INTO 
        STOCK_TRANS_손절가.손절가_000020 (
         순번
        ,종목코드
        ,종목명
        ,watch_id
        ,user_id
        ,일자
        ,손절가
        ,익절가
        )
         VALUES 
        (
         #{순번}
        ,#{종목코드}
        ,#{종목명}
        ,#{watch_id}
        ,#{user_id}
        ,#{일자}
        ,#{손절가}
        ,#{익절가}
        )
    </insert>

    <update id="update">
    UPDATE 
        STOCK_TRANS_손절가.손절가_000020 T
         SET 
         <trim prefixOverrides=",">
            <if test="_종목코드 != null and _종목코드 != ''">, 종목코드= #{_종목코드} </if>
            <if test="_종목명 != null and _종목명 != ''">, 종목명= #{_종목명} </if>
            <if test="_watch_id != null and _watch_id != ''">, watch_id= #{_watch_id} </if>
            <if test="_user_id != null and _user_id != ''">, user_id= #{_user_id} </if>
            <if test="_일자 != null and _일자 != ''">, 일자= #{_일자} </if>
            <if test="_손절가 != null and _손절가 != ''">, 손절가= #{_손절가} </if>
            <if test="_익절가 != null and _익절가 != ''">, 익절가= #{_익절가} </if>
            <if test="_update_date != null and _update_date != ''">, update_date= #{_update_date} </if>
        </trim>
        <include refid="where-list"/>
    </update>

	<delete id="delete">
    DELETE FROM 
        STOCK_TRANS_손절가.손절가_000020 T
        <include refid="where-list"/>
    </delete>
    
	<sql id="where-list">
    <trim prefix="WHERE" prefixOverrides="AND">
        <if test="순번 != null and 순번 != ''">
            AND T.순번 = #{순번}
        </if>
        <if test="종목코드 != null and 종목코드 != ''">
            AND T.종목코드 = #{종목코드}
        </if>
        <if test="종목명 != null and 종목명 != ''">
            AND T.종목명 = #{종목명}
        </if>
        <if test="watch_id != null and watch_id != ''">
            AND T.watch_id = #{watch_id}
        </if>
        <if test="user_id != null and user_id != ''">
            AND T.user_id = #{user_id}
        </if>
        <if test="일자 != null and 일자 != ''">
            AND T.일자 = #{일자}
        </if>
        <if test="손절가 != null and 손절가 != ''">
            AND T.손절가 = #{손절가}
        </if>
        <if test="익절가 != null and 익절가 != ''">
            AND T.익절가 = #{익절가}
        </if>
    </trim>
	</sql>

    <select id="select_count">
    SELECT COUNT(*) AS count FROM STOCK_TRANS_손절가.손절가_000020 T
    <include refid="where-list"/>
    </select>

	<select id="select_list">
    SELECT 
         T.순번
        ,T.종목코드
        ,T.종목명
        ,T.watch_id
        ,T.user_id
        ,T.일자
        ,T.손절가
        ,T.익절가
        ,DATE_FORMAT(T.insert_date,'%Y-%m-%d %H:%i:%s') AS insert_date
        ,DATE_FORMAT(T.update_date,'%Y-%m-%d %H:%i:%s') AS update_date
    FROM STOCK_TRANS_손절가.손절가_000020 T
    <include refid="where-list"/>
	<choose>
		<when test="order_by != null and order_by != ''">
			${order_by}
		</when>
		<otherwise>
		</otherwise>
	</choose>
	<if test="limit != null and limit != ''">
		limit ${limit}
	</if>
	</select>

</mapper>
