<?xml version="1.0" encoding="UTF-8"?>
<!DOCTYPE mapper PUBLIC "-//mybatis.org//DTD Mapper 3.0//EN" "http://mybatis.org/dtd/mybatis-3-mapper.dtd">

<mapper namespace="com.hyundaicard.cse.app.bookmark.mapper.BookmarkQueryMapper">

	<sql id="field">
	 A.FAV_SITE_CAT_QUERY_SQ AS favSiteCatQuerySq			/* 관심 사이트 검색어 순번 */ 
	,A.MEMBER_ID_SQ  AS memberIdSq							/* 회원아이디 일련번호 */ 
	,A.UUID          AS uuid								/* 비회원 단말 식별값 */ 
	,A.SITE_KEY      AS siteKey								/* 사이트키 */ 
	,A.CAT_KEY       AS catKey								/* 카테고리키 */ 
	,A.QUERY         AS query								/* 검색어 */ 
	,A.INSERT_DT     AS insertDt							/* 등록일시 */ 
	,A.INSERT_ID     AS insertId							/* 등록자ID */ 
	</sql>

	<sql id="fragment">
		FROM TS_FAV_SITE_CAT_QUERY_INFO A
		<!-- 
		<where>
			<trim prefixOverrides="AND|OR">
				<if test="@org.apache.commons.lang.StringUtils@isNotEmpty(cdgrpCd)">
					AND C.CDGRP_CD = #{cdgrpCd}
				</if>
				<if test="@org.apache.commons.lang.StringUtils@isNotEmpty(sampleCd)">
					AND C.CODE_CD = #{sampleCd}
				</if>
				<if test="@org.apache.commons.lang.StringUtils@isNotEmpty(sampleNm)">
					AND C.CODE_NM LIKE '%' || #{sampleNm} || '%'
				</if>
				<if test="@org.apache.commons.lang.StringUtils@isNotEmpty(useYn)">
					AND C.USE_YN = #{useYn}
				</if>
			</trim>
		</where>
		 -->
	</sql>

    <select id="get" parameterType="BookmarkQueryEntity" resultType="BookmarkQueryEntity">
        SELECT  /* BookmarkQueryMapper.xml, get */
			<include refid="com.hyundaicard.cse.app.bookmark.mapper.BookmarkQueryMapper.field"/>
			<include refid="com.hyundaicard.cse.app.bookmark.mapper.BookmarkQueryMapper.fragment"/>
	</select>

    <select id="getAllList" parameterType="BookmarkQueryEntity" resultType="BookmarkQueryEntity">
        SELECT  /* BookmarkQueryMapper.xml, getAllList */
			MAX( A.FAV_SITE_CAT_QUERY_SQ ) as favSiteCatQuerySq		/* 관심 사이트 검색어 순번 */ 
			,A.QUERY         AS query								/* 검색어 */ 
			,#{siteKey}      AS siteKey
			,#{catKey}       AS catKey
		FROM
			TS_FAV_SITE_CAT_QUERY_INFO A
		WHERE   A.MEMBER_ID_SQ = #{memberIdSq}
				<if test="@org.apache.commons.lang.StringUtils@isNotEmpty(uuid)">
					AND A.UUID = #{uuid}
				</if>			        				
			AND SITE_KEY = #{siteKey}
			AND CAT_KEY = #{catKey}
		GROUP BY
			QUERY
		ORDER BY 1 DESC 
		LIMIT 3        
	</select>

	<select id="count" parameterType="BookmarkQueryEntity" resultType="Integer">
        SELECT  /* BookmarkQueryMapper.xml, count*/
                COUNT(1) AS CNT
		  <include refid="com.hyundaicard.cse.app.bookmark.mapper.BookmarkQueryMapper.fragment"/>
	</select>
	
	<insert id="insert" parameterType="BookmarkQueryEntity" useGeneratedKeys="true" keyProperty="favSiteCatQuerySq">
		INSERT /* BookmarkQueryMapper.xml, insert */
		INTO TS_FAV_SITE_CAT_QUERY_INFO (
			 FAV_SITE_CAT_QUERY_SQ			            /* 관심 사이트 검색어 순번 */ 
			,MEMBER_ID_SQ			                     /* 회원아이디 일련번호 */ 
			,UUID			                             /* 비회원 단말 식별값 */ 
			,SITE_KEY			                         /* 사이트키 */ 
			,CAT_KEY			                          /* 카테고리키 */ 
			,QUERY			                            /* 검색어 */ 
			,INSERT_DT			                        /* 등록일시 */ 
			,INSERT_ID			                        /* 등록자ID */ 
		) VALUES (
			 #{favSiteCatQuerySq}
			,#{memberIdSq}
			,#{uuid}
			,#{siteKey}
			,#{catKey}
			,#{query}
			,NOW()
			,#{memberIdSq}
		)
	</insert>

	<update id="update" parameterType="BookmarkQueryEntity">		  
		UPDATE  /* BookmarkQueryMapper.xml, update */
			TS_FAV_SITE_CAT_QUERY_INFO SET
			 FAV_SITE_CAT_QUERY_SQ = #{favSiteCatQuerySq}			/* 관심 사이트 검색어 순번 */ 
			,MEMBER_ID_SQ = #{memberIdSq}			     /* 회원아이디 일련번호 */ 
			,UUID = #{uuid}			                   /* 비회원 단말 식별값 */ 
			,SITE_KEY = #{siteKey}			            /* 사이트키 */ 
			,CAT_KEY = #{catKey}			              /* 카테고리키 */ 
			,QUERY = #{query}			                 /* 검색어 */ 
			,INSERT_DT = NOW()			                /* 등록일시 */ 
			,INSERT_ID = #{memberIdSq}			  /* 등록자ID */ 
		WHERE 1=1 
		AND FAV_SITE_CAT_QUERY_SQ = #{favSiteCatQuerySq} 
	</update>
	
	<delete id="delete" parameterType="BookmarkQueryEntity">
		DELETE  /* BookmarkQueryMapper.xml, delete */
		FROM TS_FAV_SITE_CAT_QUERY_INFO
		 WHERE  MEMBER_ID_SQ = #{memberIdSq}
		<if test="@org.apache.commons.lang.StringUtils@isNotEmpty(uuid)">
			AND UUID = #{uuid}
		</if>			        		 
			AND SITE_KEY = #{siteKey}
			AND CAT_KEY = #{catKey}
		<if test="@org.apache.commons.lang.StringUtils@isNotEmpty(favSiteCatQuerySq)">
			AND FAV_SITE_CAT_QUERY_SQ = #{favSiteCatQuerySq}
		</if>			
		<if test="delExcepPkList != null">
			AND FAV_SITE_CAT_QUERY_SQ NOT IN
			<foreach collection="delExcepPkList" close=")" item="item" open="(" separator=",">
				#{item}
			</foreach>
		</if>			
	</delete>
	
</mapper>
