<?xml version="1.0" encoding="UTF-8"?>
<!DOCTYPE mapper PUBLIC "-//mybatis.org//DTD Mapper 3.0//EN" "http://mybatis.org/dtd/mybatis-3-mapper.dtd">

<mapper namespace="com.hyundaicard.cse.app.bookmark.mapper.BookmarkMapper">

	<resultMap type="BookmarkEntity" id="BookmarkMap">
		<result column="favSiteCatSq"        property="favSiteCatSq"/>
		<result column="memberIdSq"           property="memberIdSq"/>
		<result column="uuid"                   property="uuid"/>
		<result column="siteKey"               property="siteKey"/>
		<result column="catKey"                property="catKey"/>
		<result column="query"                property="query"/>
		<result column="insertDt"              property="insertDt"/>
		<result column="insertId"              property="insertId"/>
		<collection column="{memberIdSq=memberIdSq,uuid=uuid,siteKey=siteKey,catKey=catKey}" property="bookmarkQueryList" javaType="java.util.ArrayList" ofType="java.util.ArrayList" select="com.hyundaicard.cse.app.bookmark.mapper.BookmarkQueryMapper.getAllList"/>
	</resultMap>	

	<sql id="field">
	 A.FAV_SITE_CAT_SQ AS favSiteCatSq		/* 관심 사이트 순번 */ 
	,A.MEMBER_ID_SQ  AS memberIdSq			/* 회원아이디 일련번호 */ 
	,A.UUID          AS uuid					/* 비회원 단말 식별값 */ 
	,A.SITE_KEY      AS siteKey				/* 사이트키 */ 
	,A.CAT_KEY       AS catKey				/* 카테고리키 */ 
	,A.QUERY       	 AS query				/* 검색어 */ 
	,A.SITE_MATCHING AS siteMatching	/* 사이트 매칭율 */ 
	,A.INSERT_DT     AS insertDt				/* 등록일시 */ 
	,A.INSERT_ID     AS insertId				/* 등록자ID */ 
	</sql>

	<sql id="fragment">
		FROM TS_FAV_SITE_CAT_INFO A
		<where>
			<trim prefixOverrides="AND|OR">
					AND A.MEMBER_ID_SQ = #{memberIdSq}
				<if test="@org.apache.commons.lang.StringUtils@isNotEmpty(uuid)">
					AND A.UUID = #{uuid}
				</if>					
				<if test="@org.apache.commons.lang.StringUtils@isNotEmpty(siteKey)">
					AND A.SITE_KEY = #{siteKey}
				</if>
				<if test="@org.apache.commons.lang.StringUtils@isNotEmpty(catKey)">
					AND A.CAT_KEY = #{catKey}
				</if>				
				<if test="@org.apache.commons.lang.StringUtils@isNotEmpty(catKeys)">
					AND A.CAT_KEY IN ${catKeys}
				</if>		
			</trim>
		</where>
	</sql>
	
	
	
    <select id="get" parameterType="BookmarkEntity" resultType="BookmarkEntity">
        SELECT  /* BookmarkMapper.xml, get */
			<include refid="com.hyundaicard.cse.app.bookmark.mapper.BookmarkMapper.field"/>
			<include refid="com.hyundaicard.cse.app.bookmark.mapper.BookmarkMapper.fragment"/>
	</select>
	
    <select id="getFirst" parameterType="BookmarkEntity" resultType="BookmarkEntity">
		SELECT /* BookmarkMapper.xml, getFirst */
			<include refid="com.hyundaicard.cse.app.bookmark.mapper.BookmarkMapper.field"/>
		FROM
			TS_FAV_SITE_CAT_INFO A
		WHERE
			A.MEMBER_ID_SQ = #{memberIdSq}
		<if test="@org.apache.commons.lang.StringUtils@isNotEmpty(uuid)">
			AND A.UUID = #{uuid}
		</if>				
			ORDER BY A.FAV_SITE_CAT_SQ
			LIMIT 1
	</select>

    <select id="getAllListForMap" parameterType="BookmarkEntity" resultMap="BookmarkMap">
        SELECT  /* BookmarkMapper.xml, getAllListForMap */
			<include refid="com.hyundaicard.cse.app.bookmark.mapper.BookmarkMapper.field"/>
			<include refid="com.hyundaicard.cse.app.bookmark.mapper.BookmarkMapper.fragment"/>
		ORDER BY 1
	</select>
	
	
	<resultMap type="BookmarkSiteEntity" id="BookmarkSiteMap">
		<result column="favSiteCatSq"        property="favSiteCatSq"/>
		<result column="memberIdSq"           property="memberIdSq"/>
		<result column="uuid"                   property="uuid"/>
		<result column="siteKey"               property="siteKey"/>
		<result column="catKey"                property="catKey"/>
		<result column="query"                property="query"/>
		<result column="insertDt"              property="insertDt"/>
		<result column="insertId"              property="insertId"/>
		
		<result column="siteKey"                property="siteKey"/>
		<result column="oldSiteKey"             property="oldSiteKey"/>
		<result column="siteArea"               property="siteArea"/>
		<result column="siteUrl"                property="siteUrl"/>
		<result column="koreanNm"               property="koreanNm"/>
		<result column="engNm"                  property="engNm"/>
		<result column="synNm"                  property="synNm"/>
		<result column="country"                property="country"/>
		<result column="shopType"               property="shopType"/>
		<result column="priceLvl"               property="priceLvl"/>
		<result column="siteDesc"               property="siteDesc"/>
		<result column="style"                  property="style"/>
		<result column="sex"                    property="sex"/>
		<result column="productCategory"        property="productCategory"/>
		<result column="officialSiteYn"         property="officialSiteYn"/>
		<result column="koreanSupportYn"        property="koreanSupportYn"/>
		<result column="koreanHomepageYn"       property="koreanHomepageYn"/>
		<result column="useWonCurrencyYn"       property="useWonCurrencyYn"/>
		<result column="directDeliveryYn"       property="directDeliveryYn"/>
		<result column="freeDeliveryYn"         property="freeDeliveryYn"/>
		<result column="freeDeliveryDescription" property="freeDeliveryDescription"/>
		<result column="reliability"            property="reliability"/>
		<result column="relationKeyword"        property="relationKeyword"/>
		<result column="landingUrl"             property="landingUrl"/>
		<result column="memo"                   property="memo"/>
		<result column="useYn"                  property="useYn"/>
		<result column="siteImage"              property="siteImage"/>
		<result column="duplicateSiteYn"        property="duplicateSiteYn"/>
		<result column="insertId"               property="insertId"/>
		<result column="insertDt"               property="insertDt"/>
		<result column="updateId"               property="updateId"/>
		<result column="updateDt"               property="updateDt"/>
		<result column="brandGenre"             property="brandGenre"/>
		<result column="checkoutCard"           property="checkoutCard"/>
		<result column="promotionInfo"          property="promotionInfo"/>
		<result column="promotionInfoSale"      property="promotionInfoSale"/>
		<result column="note"                   property="note"/>	
		<collection column="{memberIdSq=memberIdSq,uuid=uuid,siteKey=siteKey,catKey=catKey}" property="bookmarkQueryList" javaType="java.util.ArrayList" ofType="java.util.ArrayList" select="com.hyundaicard.cse.app.bookmark.mapper.BookmarkQueryMapper.getAllList"/>
	</resultMap>		
	
    <select id="getSiteAllListForMap" parameterType="BookmarkEntity" resultMap="BookmarkSiteMap">
        SELECT  /* BookmarkMapper.xml, getSiteAllListForMap */
			 A.FAV_SITE_CAT_SQ AS favSiteCatSq		/* 관심 사이트 순번 */ 
			,A.MEMBER_ID_SQ  AS memberIdSq			/* 회원아이디 일련번호 */ 
			,A.UUID          AS uuid				/* 비회원 단말 식별값 */ 
			,A.SITE_KEY      AS siteKey				/* 사이트키 */ 
			,A.CAT_KEY       AS catKey				/* 카테고리키 */ 
			,A.QUERY         AS query				/* 검색어 */ 
			,A.SITE_MATCHING       AS siteMatching	/* 사이트 매칭율 */ 
			,B.SITE_URL      AS siteUrl			/* 사이트URL */ 
			,B.KOREAN_NM     AS koreanNm			/* 사이트한글명 */ 
			,B.ENG_NM        AS engNm			/* 사이트 영문명 */ 
			,B.COUNTRY       AS country			/* 국가 */ 
			,B.SHOP_TYPE     AS shopType			/* 상점유형 */ 
			,B.PRICE_LVL     AS priceLvl			/* 가격 수준 */ 
			,B.SITE_DESC     AS siteDesc			/* 사이트 설명 */ 
			,B.STYLE         AS style			/* 스타일 */ 
			,B.PRODUCT_CATEGORY AS productCategory			/* 상품카테고리 */ 
			,B.KOREAN_SUPPORT_YN AS koreanSupportYn			/* 한글지원여부 */ 
			,B.USE_WON_CURRENCY_YN AS useWonCurrencyYn			/* 원화 사용여부 */ 
			,B.DIRECT_DELIVERY_YN AS directDeliveryYn			/* 직배송여부 */ 
			,B.FREE_DELIVERY_YN AS freeDeliveryYn			/* 무료배송여부 */ 
			,B.FREE_DELIVERY_DESCRIPTION AS freeDeliveryDescription			/* 무료배송 설명 */ 
			,B.LANDING_URL   AS landingUrl			/* 랭딩URL */ 
			,B.MEMO          AS memo			/* 비고 */ 
			,B.USE_YN        AS useYn			/* 사용여부 */ 
			,B.BRAND_GENRE   AS brandGenre			
			,B.CHECKOUT_CARD AS checkoutCard			
			,B.PROMOTION_INFO AS promotionInfo			
			,B.PROMOTION_INFO_SALE AS promotionInfoSale			
			FROM TS_FAV_SITE_CAT_INFO A
				LEFT JOIN TS_SITE_MASTER B
				ON (
					A.SITE_KEY = B.SITE_KEY 
				)
			WHERE 	A.MEMBER_ID_SQ = #{memberIdSq}
				<if test="@org.apache.commons.lang.StringUtils@isNotEmpty(uuid)">
					AND A.UUID = #{uuid}
				</if>				
		ORDER BY A.SITE_KEY, A.INSERT_DT DESC
	</select>
	
    <select id="getSiteAllList" parameterType="BookmarkEntity" resultType="BookmarkSiteEntity">
        SELECT  /* BookmarkMapper.xml, getSiteAllListForMap */
			 A.FAV_SITE_CAT_SQ AS favSiteCatSq		/* 관심 사이트 순번 */ 
			,A.MEMBER_ID_SQ  AS memberIdSq			/* 회원아이디 일련번호 */ 
			,A.UUID          AS uuid				/* 비회원 단말 식별값 */ 
			,A.SITE_KEY      AS siteKey				/* 사이트키 */ 
			,A.CAT_KEY       AS catKey				/* 카테고리키 */ 
			,A.QUERY         AS query				/* 검색어 */ 
			,A.SITE_MATCHING       AS siteMatching	/* 사이트 매칭율 */ 
			,B.SITE_URL      AS siteUrl			/* 사이트URL */ 
			,B.KOREAN_NM     AS koreanNm			/* 사이트한글명 */ 
			,B.ENG_NM        AS engNm			/* 사이트 영문명 */ 
			,B.COUNTRY       AS country			/* 국가 */ 
			,B.SHOP_TYPE     AS shopType			/* 상점유형 */ 
			,B.PRICE_LVL     AS priceLvl			/* 가격 수준 */ 
			,B.SITE_DESC     AS siteDesc			/* 사이트 설명 */ 
			,B.STYLE         AS style			/* 스타일 */ 
			,B.PRODUCT_CATEGORY AS productCategory			/* 상품카테고리 */ 
			,B.KOREAN_SUPPORT_YN AS koreanSupportYn			/* 한글지원여부 */ 
			,B.USE_WON_CURRENCY_YN AS useWonCurrencyYn			/* 원화 사용여부 */ 
			,B.DIRECT_DELIVERY_YN AS directDeliveryYn			/* 직배송여부 */ 
			,B.FREE_DELIVERY_YN AS freeDeliveryYn			/* 무료배송여부 */ 
			,B.FREE_DELIVERY_DESCRIPTION AS freeDeliveryDescription			/* 무료배송 설명 */ 
			,B.LANDING_URL   AS landingUrl			/* 랭딩URL */ 
			,B.MEMO          AS memo			/* 비고 */ 
			,B.USE_YN        AS useYn			/* 사용여부 */ 
			,B.BRAND_GENRE   AS brandGenre			
			,B.CHECKOUT_CARD AS checkoutCard			
			,B.PROMOTION_INFO AS promotionInfo			
			,B.PROMOTION_INFO_SALE AS promotionInfoSale			
			FROM TS_FAV_SITE_CAT_INFO A
				LEFT JOIN TS_SITE_MASTER B
				ON (
					A.SITE_KEY = B.SITE_KEY 
				)
			WHERE 	A.MEMBER_ID_SQ = #{memberIdSq}
				<if test="@org.apache.commons.lang.StringUtils@isNotEmpty(uuid)">
					AND A.UUID = #{uuid}
				</if>				
		ORDER BY A.SITE_KEY, A.INSERT_DT DESC
	</select>
	
	<select id="getAllList" parameterType="BookmarkEntity" resultType="BookmarkEntity">
        SELECT  /* BookmarkMapper.xml, getAllList */
			<include refid="com.hyundaicard.cse.app.bookmark.mapper.BookmarkMapper.field"/>
			<include refid="com.hyundaicard.cse.app.bookmark.mapper.BookmarkMapper.fragment"/>
		ORDER BY SITE_KEY, INSERT_DT DESC
	</select>
	
	<select id="getSiteList" parameterType="BookmarkEntity" resultType="BookmarkEntity">
		SELECT /* BookmarkMapper.xml, getSiteList */
				SITE_KEY AS siteKey
			   ,MAX(INSERT_DT) AS insertDt
			 FROM TS_FAV_SITE_CAT_INFO A
			WHERE 	A.MEMBER_ID_SQ = #{memberIdSq}
				<if test="@org.apache.commons.lang.StringUtils@isNotEmpty(uuid)">
					AND A.UUID = #{uuid}
				</if>				
			 GROUP BY SITE_KEY
			 ORDER BY 2 DESC	
	</select>
	
	
	
	<select id="count" parameterType="BookmarkEntity" resultType="Integer">
        SELECT  /* BookmarkMapper.xml, count*/
                COUNT(1) AS CNT
		  <include refid="com.hyundaicard.cse.app.bookmark.mapper.BookmarkMapper.fragment"/>
	</select>
	
	<insert id="insert" parameterType="BookmarkEntity" useGeneratedKeys="true" keyProperty="favSiteCatSq">
		INSERT /* BookmarkMapper.xml, insert */
		INTO TS_FAV_SITE_CAT_INFO (
			 FAV_SITE_CAT_SQ			                /* 관심 사이트 순번 */ 
			,MEMBER_ID_SQ			                    /* 회원아이디 일련번호 */ 
			,UUID			                            /* 비회원 단말 식별값 */ 
			,SITE_KEY			                        /* 사이트키 */ 
			,CAT_KEY			                            /* 카테고리키 */ 
			,SITE_MATCHING			                    /* 사이트매칭율 */ 
			,QUERY
			,INSERT_DT			                        /* 등록일시 */ 
			,INSERT_ID			                        /* 등록자ID */ 
		) VALUES (
			 #{favSiteCatSq}
			,#{memberIdSq}
			,#{uuid}
			,#{siteKey}
			,#{catKey}
			,#{siteMatching}
			,#{query}
			,NOW()
			,#{memberIdSq}
		)
	</insert>

	
	<delete id="delete" parameterType="BookmarkEntity">
		DELETE  /* BookmarkMapper.xml, delete */
		FROM TS_FAV_SITE_CAT_INFO
		 WHERE 	MEMBER_ID_SQ = #{memberIdSq}
				<if test="@org.apache.commons.lang.StringUtils@isNotEmpty(uuid)">
					AND UUID = #{uuid}
				</if>					
				AND FAV_SITE_CAT_SQ = #{favSiteCatSq} 
	</delete>
	
</mapper>
