<?xml version="1.0" encoding="UTF-8"?>
<!DOCTYPE sqlMap PUBLIC "-//iBATIS.com//DTD SQL Map 2.0//EN" "http://ibatis.apache.org/dtd/sql-map-2.dtd">
<sqlMap namespace="SQL">
    <typeAlias alias="" type="kr.co.crewmate.site.model.#biz#."/>

	<sql id="where-List">
		
	</sql>

    <select id="getList" parameterClass="osEventDetail" resultClass="">
		SELECT 
		FROM NOTIINFO T1
		<include refid="where-List"/>
    </select>

    <select id="getListCount" parameterClass="" resultClass="int">
		SELECT 
COUNT(*) FROM NOTIINFO T1
		<include refid="where-List"/>
    </select>

    <insert id="insert" parameterClass="">
	INSERT INTO NOTIINFO (
		) 
	)
    </insert>

    <update id="update" parameterClass="">
		UPDATE NOTIINFO

		WHERE 1=1 
    </update>

    <update id="merge" parameterClass="">
		MERGE INTO NOTIINFO
		USING DUAL
			ON ()
		WHEN MATCHED THEN
			UPDATE

		WHEN NOT MATCHED THEN
			INSERT (
		) values (
			)
    </update>

</sqlMap>
