<?xml version="1.0" encoding="UTF-8"?>
<!DOCTYPE sqlMap PUBLIC "-//iBATIS.com//DTD SQL Map 2.0//EN" "http://ibatis.apache.org/dtd/sql-map-2.dtd">
<sqlMap namespace="SQL">
    <typeAlias alias="" type="kr.co.crewmate.site.model.#biz#."/>

	<sql id="where-List">
		<trim prefix="WHERE" prefixOverrides="AND">
			<if test="aprvBizSeq != null and aprvBizSeq != 0">
				AND APRV_BIZ_SEQ = #{aprvBizSeq}
			</if>
			<if test="untCd != null and untCd != ''">
				AND UNT_CD = #{untCd}
			</if>
			<if test="bizPlanSeq != null and bizPlanSeq != 0">
				AND BIZ_PLAN_SEQ = #{bizPlanSeq}
			</if>
			<if test="hstSeq != null and hstSeq != 0">
				AND HST_SEQ = #{hstSeq}
			</if>
			<if test="resCd != null and resCd != ''">
				AND RES_CD = #{resCd}
			</if>
			<if test="resDet != null and resDet != ''">
				AND RES_DET = #{resDet}
			</if>
			<if test="schedUpdYn != null and schedUpdYn != ''">
				AND SCHED_UPD_YN = #{schedUpdYn}
			</if>
			<if test="acpYn != null and acpYn != ''">
				AND ACP_YN = #{acpYn}
			</if>
			<if test="acpDtm != null and acpDtm != ''">
				AND ACP_DTM = #{acpDtm}
			</if>
			<if test="updSabun != null and updSabun != ''">
				AND UPD_SABUN = #{updSabun}
			</if>
			<if test="updDtm != null and updDtm != ''">
				AND UPD_DTM = #{updDtm}
			</if>
			<if test="regSabun != null and regSabun != ''">
				AND REG_SABUN = #{regSabun}
			</if>
			<if test="regDtm != null and regDtm != ''">
				AND REG_DTM = #{regDtm}
			</if>
			<if test="delYn != null and delYn != ''">
				AND DEL_YN = #{delYn}
			</if>
		</trim>

	</sql>

    <select id="getList" parameterClass="osEventDetail" resultClass="">
		SELECT 
			 APRV_BIZ_SEQ AS aprvBizSeq
			,UNT_CD AS untCd
			,BIZ_PLAN_SEQ AS bizPlanSeq
			,HST_SEQ AS hstSeq
			,RES_CD AS resCd
			,RES_DET AS resDet
			,SCHED_UPD_YN AS schedUpdYn
			,ACP_YN AS acpYn
			,ACP_DTM AS acpDtm
			,UPD_SABUN AS updSabun
			,UPD_DTM AS updDtm
			,REG_SABUN AS regSabun
			,REG_DTM AS regDtm
			,DEL_YN AS delYn
		FROM TB_APRV_BIZ T1
		<include refid="where-List"/>
    </select>

    <select id="getListCount" parameterClass="" resultClass="int">
		SELECT 
COUNT(*) FROM TB_APRV_BIZ T1
		<include refid="where-List"/>
    </select>

    <insert id="insert" parameterClass="">
	INSERT INTO TB_APRV_BIZ (
  APRV_BIZ_SEQ
		, UNT_CD, BIZ_PLAN_SEQ, HST_SEQ, RES_CD
		, RES_DET, SCHED_UPD_YN, ACP_YN, ACP_DTM
		, UPD_SABUN, UPD_DTM, REG_SABUN, REG_DTM
		, DEL_YN		) 
  #{aprvBizSeq}
		, #{untCd}, #{bizPlanSeq}, #{hstSeq}, #{resCd}
		, #{resDet}, #{schedUpdYn}, #{acpYn}, #{acpDtm}
		, #{updSabun}, #{updDtm}, #{regSabun}, #{regDtm}
		, #{delYn}	)
    </insert>

    <update id="update" parameterClass="">
		UPDATE TB_APRV_BIZ
		 SET 
			<if test="aprvBizSeq != null"> APRV_BIZ_SEQ= #{aprvBizSeq},</if>
			<if test="untCd != null"> UNT_CD= #{untCd},</if>
			<if test="bizPlanSeq != null"> BIZ_PLAN_SEQ= #{bizPlanSeq},</if>
			<if test="hstSeq != null"> HST_SEQ= #{hstSeq},</if>
			<if test="resCd != null"> RES_CD= #{resCd},</if>
			<if test="resDet != null"> RES_DET= #{resDet},</if>
			<if test="schedUpdYn != null"> SCHED_UPD_YN= #{schedUpdYn},</if>
			<if test="acpYn != null"> ACP_YN= #{acpYn},</if>
			<if test="acpDtm != null"> ACP_DTM= #{acpDtm},</if>
			<if test="updSabun != null"> UPD_SABUN= #{updSabun},</if>
			<if test="updDtm != null"> UPD_DTM= #{updDtm},</if>
			<if test="regSabun != null"> REG_SABUN= #{regSabun},</if>
			<if test="regDtm != null"> REG_DTM= #{regDtm},</if>
			<if test="delYn != null"> DEL_YN= #{delYn},</if>

		WHERE 1=1 AND APRV_BIZ_SEQ = #{aprvBizSeq}AND UNT_CD = #{untCd}AND BIZ_PLAN_SEQ = #{bizPlanSeq}AND HST_SEQ = #{hstSeq}
    </update>

    <update id="merge" parameterClass="">
		MERGE INTO TB_APRV_BIZ
		USING DUAL
			ON (APRV_BIZ_SEQ = #{aprvBizSeq}AND UNT_CD = #{untCd}AND BIZ_PLAN_SEQ = #{bizPlanSeq}AND HST_SEQ = #{hstSeq})
		WHEN MATCHED THEN
			UPDATE
		<trim prefix="WHERE" prefixOverrides="AND">
			<isNotEmpty property="resCd" prepend="," removeFirstPrepend="true">RES_CD= #{resCd}</isNotEmpty>
			<isNotEmpty property="resDet" prepend="," removeFirstPrepend="true">RES_DET= #{resDet}</isNotEmpty>
			<isNotEmpty property="schedUpdYn" prepend="," removeFirstPrepend="true">SCHED_UPD_YN= #{schedUpdYn}</isNotEmpty>
			<isNotEmpty property="acpYn" prepend="," removeFirstPrepend="true">ACP_YN= #{acpYn}</isNotEmpty>
			<isNotEmpty property="acpDtm" prepend="," removeFirstPrepend="true">ACP_DTM= #{acpDtm}</isNotEmpty>
			<isNotEmpty property="updSabun" prepend="," removeFirstPrepend="true">UPD_SABUN= #{updSabun}</isNotEmpty>
			<isNotEmpty property="updDtm" prepend="," removeFirstPrepend="true">UPD_DTM= #{updDtm}</isNotEmpty>
			<isNotEmpty property="regSabun" prepend="," removeFirstPrepend="true">REG_SABUN= #{regSabun}</isNotEmpty>
			<isNotEmpty property="regDtm" prepend="," removeFirstPrepend="true">REG_DTM= #{regDtm}</isNotEmpty>
			<isNotEmpty property="delYn" prepend="," removeFirstPrepend="true">DEL_YN= #{delYn}</isNotEmpty>
		</trim>
		WHEN NOT MATCHED THEN
			INSERT (
  APRV_BIZ_SEQ
				, UNT_CD, BIZ_PLAN_SEQ, HST_SEQ, RES_CD
				, RES_DET, SCHED_UPD_YN, ACP_YN, ACP_DTM
				, UPD_SABUN, UPD_DTM, REG_SABUN, REG_DTM
				, DEL_YN		) values (
	  #{aprvBizSeq}
				, #{untCd}, #{bizPlanSeq}, #{hstSeq}, #{resCd}
				, #{resDet}, #{schedUpdYn}, #{acpYn}, #{acpDtm}
				, #{updSabun}, #{updDtm}, #{regSabun}, #{regDtm}
				, #{delYn}		)
    </update>

</sqlMap>
