<?xml version="1.0" encoding="UTF-8"?>
<!DOCTYPE sqlMap PUBLIC "-//iBATIS.com//DTD SQL Map 2.0//EN" "http://ibatis.apache.org/dtd/sql-map-2.dtd">
<sqlMap namespace="SQL">
    <typeAlias alias="" type="kr.co.crewmate.site.model.#biz#."/>

	<sql id="where-List">
		<trim prefix="WHERE" prefixOverrides="AND">
			<if test="aprvSgnLineSeq != null and aprvSgnLineSeq != 0">
				AND APRV_SGN_LINE_SEQ = #{aprvSgnLineSeq}
			</if>
			<if test="aprvBizSeq != null and aprvBizSeq != 0">
				AND APRV_BIZ_SEQ = #{aprvBizSeq}
			</if>
			<if test="untCd != null and untCd != ''">
				AND UNT_CD = #{untCd}
			</if>
			<if test="bizPlanSeq != null and bizPlanSeq != 0">
				AND BIZ_PLAN_SEQ = #{bizPlanSeq}
			</if>
			<if test="hstSeq != null and hstSeq != 0">
				AND HST_SEQ = #{hstSeq}
			</if>
			<if test="acpSabun != null and acpSabun != ''">
				AND ACP_SABUN = #{acpSabun}
			</if>
			<if test="acpYn != null and acpYn != ''">
				AND ACP_YN = #{acpYn}
			</if>
			<if test="opn != null and opn != ''">
				AND OPN = #{opn}
			</if>
			<if test="acpDtm != null and acpDtm != ''">
				AND ACP_DTM = #{acpDtm}
			</if>
			<if test="updSabun != null and updSabun != ''">
				AND UPD_SABUN = #{updSabun}
			</if>
			<if test="updDtm != null and updDtm != ''">
				AND UPD_DTM = #{updDtm}
			</if>
			<if test="regSabun != null and regSabun != ''">
				AND REG_SABUN = #{regSabun}
			</if>
			<if test="regDtm != null and regDtm != ''">
				AND REG_DTM = #{regDtm}
			</if>
			<if test="delYn != null and delYn != ''">
				AND DEL_YN = #{delYn}
			</if>
		</trim>

	</sql>

    <select id="getList" parameterClass="osEventDetail" resultClass="">
		SELECT 
			 APRV_SGN_LINE_SEQ AS aprvSgnLineSeq
			,APRV_BIZ_SEQ AS aprvBizSeq
			,UNT_CD AS untCd
			,BIZ_PLAN_SEQ AS bizPlanSeq
			,HST_SEQ AS hstSeq
			,ACP_SABUN AS acpSabun
			,ACP_YN AS acpYn
			,OPN AS opn
			,ACP_DTM AS acpDtm
			,UPD_SABUN AS updSabun
			,UPD_DTM AS updDtm
			,REG_SABUN AS regSabun
			,REG_DTM AS regDtm
			,DEL_YN AS delYn
		FROM TB_APRV_SGN_LINE T1
		<include refid="where-List"/>
    </select>

    <select id="getListCount" parameterClass="" resultClass="int">
		SELECT 
COUNT(*) FROM TB_APRV_SGN_LINE T1
		<include refid="where-List"/>
    </select>

    <insert id="insert" parameterClass="">
	INSERT INTO TB_APRV_SGN_LINE (
  APRV_SGN_LINE_SEQ
		, APRV_BIZ_SEQ, UNT_CD, BIZ_PLAN_SEQ, HST_SEQ
		, ACP_SABUN, ACP_YN, OPN, ACP_DTM
		, UPD_SABUN, UPD_DTM, REG_SABUN, REG_DTM
		, DEL_YN		) 
  #{aprvSgnLineSeq}
		, #{aprvBizSeq}, #{untCd}, #{bizPlanSeq}, #{hstSeq}
		, #{acpSabun}, #{acpYn}, #{opn}, #{acpDtm}
		, #{updSabun}, #{updDtm}, #{regSabun}, #{regDtm}
		, #{delYn}	)
    </insert>

    <update id="update" parameterClass="">
		UPDATE TB_APRV_SGN_LINE
		 SET 
			<if test="aprvSgnLineSeq != null"> APRV_SGN_LINE_SEQ= #{aprvSgnLineSeq},</if>
			<if test="aprvBizSeq != null"> APRV_BIZ_SEQ= #{aprvBizSeq},</if>
			<if test="untCd != null"> UNT_CD= #{untCd},</if>
			<if test="bizPlanSeq != null"> BIZ_PLAN_SEQ= #{bizPlanSeq},</if>
			<if test="hstSeq != null"> HST_SEQ= #{hstSeq},</if>
			<if test="acpSabun != null"> ACP_SABUN= #{acpSabun},</if>
			<if test="acpYn != null"> ACP_YN= #{acpYn},</if>
			<if test="opn != null"> OPN= #{opn},</if>
			<if test="acpDtm != null"> ACP_DTM= #{acpDtm},</if>
			<if test="updSabun != null"> UPD_SABUN= #{updSabun},</if>
			<if test="updDtm != null"> UPD_DTM= #{updDtm},</if>
			<if test="regSabun != null"> REG_SABUN= #{regSabun},</if>
			<if test="regDtm != null"> REG_DTM= #{regDtm},</if>
			<if test="delYn != null"> DEL_YN= #{delYn},</if>

		WHERE 1=1 AND APRV_SGN_LINE_SEQ = #{aprvSgnLineSeq}AND APRV_BIZ_SEQ = #{aprvBizSeq}AND UNT_CD = #{untCd}AND BIZ_PLAN_SEQ = #{bizPlanSeq}AND HST_SEQ = #{hstSeq}
    </update>

    <update id="merge" parameterClass="">
		MERGE INTO TB_APRV_SGN_LINE
		USING DUAL
			ON (APRV_SGN_LINE_SEQ = #{aprvSgnLineSeq}AND APRV_BIZ_SEQ = #{aprvBizSeq}AND UNT_CD = #{untCd}AND BIZ_PLAN_SEQ = #{bizPlanSeq}AND HST_SEQ = #{hstSeq})
		WHEN MATCHED THEN
			UPDATE
		<trim prefix="WHERE" prefixOverrides="AND">
			<isNotEmpty property="acpSabun" prepend="," removeFirstPrepend="true">ACP_SABUN= #{acpSabun}</isNotEmpty>
			<isNotEmpty property="acpYn" prepend="," removeFirstPrepend="true">ACP_YN= #{acpYn}</isNotEmpty>
			<isNotEmpty property="opn" prepend="," removeFirstPrepend="true">OPN= #{opn}</isNotEmpty>
			<isNotEmpty property="acpDtm" prepend="," removeFirstPrepend="true">ACP_DTM= #{acpDtm}</isNotEmpty>
			<isNotEmpty property="updSabun" prepend="," removeFirstPrepend="true">UPD_SABUN= #{updSabun}</isNotEmpty>
			<isNotEmpty property="updDtm" prepend="," removeFirstPrepend="true">UPD_DTM= #{updDtm}</isNotEmpty>
			<isNotEmpty property="regSabun" prepend="," removeFirstPrepend="true">REG_SABUN= #{regSabun}</isNotEmpty>
			<isNotEmpty property="regDtm" prepend="," removeFirstPrepend="true">REG_DTM= #{regDtm}</isNotEmpty>
			<isNotEmpty property="delYn" prepend="," removeFirstPrepend="true">DEL_YN= #{delYn}</isNotEmpty>
		</trim>
		WHEN NOT MATCHED THEN
			INSERT (
  APRV_SGN_LINE_SEQ
				, APRV_BIZ_SEQ, UNT_CD, BIZ_PLAN_SEQ, HST_SEQ
				, ACP_SABUN, ACP_YN, OPN, ACP_DTM
				, UPD_SABUN, UPD_DTM, REG_SABUN, REG_DTM
				, DEL_YN		) values (
	  #{aprvSgnLineSeq}
				, #{aprvBizSeq}, #{untCd}, #{bizPlanSeq}, #{hstSeq}
				, #{acpSabun}, #{acpYn}, #{opn}, #{acpDtm}
				, #{updSabun}, #{updDtm}, #{regSabun}, #{regDtm}
				, #{delYn}		)
    </update>

</sqlMap>
