		SELECT 
			 BIZ_ACT_CHK_SEQ
			,SABUN
			,CHK_DT
			,UNT_CD
			,ORG_CD
			,ORG_NM
			,NAME
			,SELF_CHK_YN
			,SELF_CHK_DTM
			,TYP
			,WEEK
			,OPN
			,SUGG
			,CHK_ORG_CD
			,CHK_ORG_NM
			,CHK_SABUN
			,CHK_NAME
			,CHK_YN
			,CHK_DTM
		FROM TB_BIZ_ACT_CHK T1
		<include refid="where-List"/>





<?xml version="1.0" encoding="UTF-8"?>
<!DOCTYPE sqlMap PUBLIC "-//iBATIS.com//DTD SQL Map 2.0//EN" "http://ibatis.apache.org/dtd/sql-map-2.dtd">
<sqlMap namespace="SQL">
    <typeAlias alias="" type="kr.co.crewmate.site.model.#biz#."/>

	<sql id="where-List">
		<trim prefix="WHERE" prefixOverrides="AND">
			<if test="bizActChkSeq != null and bizActChkSeq != 0">
				AND BIZ_ACT_CHK_SEQ = #{bizActChkSeq}
			</if>
			<if test="sabun != null and sabun != ''">
				AND SABUN = #{sabun}
			</if>
			<if test="chkDt != null and chkDt != ''">
				AND CHK_DT = #{chkDt}
			</if>
			<if test="untCd != null and untCd != ''">
				AND UNT_CD = #{untCd}
			</if>
			<if test="orgCd != null and orgCd != ''">
				AND ORG_CD = #{orgCd}
			</if>
			<if test="orgNm != null and orgNm != ''">
				AND ORG_NM = #{orgNm}
			</if>
			<if test="name != null and name != ''">
				AND NAME = #{name}
			</if>
			<if test="selfChkYn != null and selfChkYn != ''">
				AND SELF_CHK_YN = #{selfChkYn}
			</if>
			<if test="selfChkDtm != null and selfChkDtm != ''">
				AND SELF_CHK_DTM = #{selfChkDtm}
			</if>
			<if test="typ != null and typ != ''">
				AND TYP = #{typ}
			</if>
			<if test="week != null and week != ''">
				AND WEEK = #{week}
			</if>
			<if test="opn != null and opn != ''">
				AND OPN = #{opn}
			</if>
			<if test="sugg != null and sugg != ''">
				AND SUGG = #{sugg}
			</if>
			<if test="chkOrgCd != null and chkOrgCd != ''">
				AND CHK_ORG_CD = #{chkOrgCd}
			</if>
			<if test="chkOrgNm != null and chkOrgNm != ''">
				AND CHK_ORG_NM = #{chkOrgNm}
			</if>
			<if test="chkSabun != null and chkSabun != ''">
				AND CHK_SABUN = #{chkSabun}
			</if>
			<if test="chkName != null and chkName != ''">
				AND CHK_NAME = #{chkName}
			</if>
			<if test="chkYn != null and chkYn != ''">
				AND CHK_YN = #{chkYn}
			</if>
			<if test="chkDtm != null and chkDtm != ''">
				AND CHK_DTM = #{chkDtm}
			</if>
			<if test="updSabun != null and updSabun != ''">
				AND UPD_SABUN = #{updSabun}
			</if>
			<if test="updDtm != null and updDtm != ''">
				AND UPD_DTM = #{updDtm}
			</if>
			<if test="regSabun != null and regSabun != ''">
				AND REG_SABUN = #{regSabun}
			</if>
			<if test="regDtm != null and regDtm != ''">
				AND REG_DTM = #{regDtm}
			</if>
			<if test="delYn != null and delYn != ''">
				AND DEL_YN = #{delYn}
			</if>
		</trim>

	</sql>

    <select id="getList" parameterClass="osEventDetail" resultClass="">
		SELECT 
			 BIZ_ACT_CHK_SEQ
			,SABUN
			,CHK_DT
			,UNT_CD
			,ORG_CD
			,ORG_NM
			,NAME
			,SELF_CHK_YN
			,SELF_CHK_DTM
			,TYP
			,WEEK
			,OPN
			,SUGG
			,CHK_ORG_CD
			,CHK_ORG_NM
			,CHK_SABUN
			,CHK_NAME
			,CHK_YN
			,CHK_DTM
		FROM TB_BIZ_ACT_CHK T1
		<include refid="where-List"/>
    </select>

    <select id="getListCount" parameterClass="" resultClass="int">
		SELECT 
COUNT(*) FROM TB_BIZ_ACT_CHK T1
		<include refid="where-List"/>
    </select>

    <insert id="insert" parameterClass="">
	INSERT INTO TB_BIZ_ACT_CHK (
  BIZ_ACT_CHK_SEQ
		, SABUN, CHK_DT, UNT_CD, ORG_CD
		, ORG_NM, NAME, SELF_CHK_YN, SELF_CHK_DTM
		, TYP, WEEK, OPN, SUGG
		, CHK_ORG_CD, CHK_ORG_NM, CHK_SABUN, CHK_NAME
		, CHK_YN, CHK_DTM, UPD_SABUN, UPD_DTM
		, REG_SABUN, REG_DTM, DEL_YN		) 
  #{bizActChkSeq}
		, #{sabun}, #{chkDt}, #{untCd}, #{orgCd}
		, #{orgNm}, #{name}, #{selfChkYn}, #{selfChkDtm}
		, #{typ}, #{week}, #{opn}, #{sugg}
		, #{chkOrgCd}, #{chkOrgNm}, #{chkSabun}, #{chkName}
		, #{chkYn}, #{chkDtm}, #{updSabun}, #{updDtm}
		, #{regSabun}, #{regDtm}, #{delYn}	)
    </insert>

    <update id="update" parameterClass="">
		UPDATE TB_BIZ_ACT_CHK
		 SET 
			<if test="bizActChkSeq != null"> BIZ_ACT_CHK_SEQ= #{bizActChkSeq},</if>
			<if test="sabun != null"> SABUN= #{sabun},</if>
			<if test="chkDt != null"> CHK_DT= #{chkDt},</if>
			<if test="untCd != null"> UNT_CD= #{untCd},</if>
			<if test="orgCd != null"> ORG_CD= #{orgCd},</if>
			<if test="orgNm != null"> ORG_NM= #{orgNm},</if>
			<if test="name != null"> NAME= #{name},</if>
			<if test="selfChkYn != null"> SELF_CHK_YN= #{selfChkYn},</if>
			<if test="selfChkDtm != null"> SELF_CHK_DTM= #{selfChkDtm},</if>
			<if test="typ != null"> TYP= #{typ},</if>
			<if test="week != null"> WEEK= #{week},</if>
			<if test="opn != null"> OPN= #{opn},</if>
			<if test="sugg != null"> SUGG= #{sugg},</if>
			<if test="chkOrgCd != null"> CHK_ORG_CD= #{chkOrgCd},</if>
			<if test="chkOrgNm != null"> CHK_ORG_NM= #{chkOrgNm},</if>
			<if test="chkSabun != null"> CHK_SABUN= #{chkSabun},</if>
			<if test="chkName != null"> CHK_NAME= #{chkName},</if>
			<if test="chkYn != null"> CHK_YN= #{chkYn},</if>
			<if test="chkDtm != null"> CHK_DTM= #{chkDtm},</if>
			<if test="updSabun != null"> UPD_SABUN= #{updSabun},</if>
			<if test="updDtm != null"> UPD_DTM= #{updDtm},</if>
			<if test="regSabun != null"> REG_SABUN= #{regSabun},</if>
			<if test="regDtm != null"> REG_DTM= #{regDtm},</if>
			<if test="delYn != null"> DEL_YN= #{delYn},</if>

		WHERE 1=1 AND BIZ_ACT_CHK_SEQ = #{bizActChkSeq}
    </update>

    <update id="merge" parameterClass="">
		MERGE INTO TB_BIZ_ACT_CHK
		USING DUAL
			ON (BIZ_ACT_CHK_SEQ = #{bizActChkSeq})
		WHEN MATCHED THEN
			UPDATE
		<trim prefix="WHERE" prefixOverrides="AND">
			<isNotEmpty property="sabun" prepend="," removeFirstPrepend="true">SABUN= #{sabun}</isNotEmpty>
			<isNotEmpty property="chkDt" prepend="," removeFirstPrepend="true">CHK_DT= #{chkDt}</isNotEmpty>
			<isNotEmpty property="untCd" prepend="," removeFirstPrepend="true">UNT_CD= #{untCd}</isNotEmpty>
			<isNotEmpty property="orgCd" prepend="," removeFirstPrepend="true">ORG_CD= #{orgCd}</isNotEmpty>
			<isNotEmpty property="orgNm" prepend="," removeFirstPrepend="true">ORG_NM= #{orgNm}</isNotEmpty>
			<isNotEmpty property="name" prepend="," removeFirstPrepend="true">NAME= #{name}</isNotEmpty>
			<isNotEmpty property="selfChkYn" prepend="," removeFirstPrepend="true">SELF_CHK_YN= #{selfChkYn}</isNotEmpty>
			<isNotEmpty property="selfChkDtm" prepend="," removeFirstPrepend="true">SELF_CHK_DTM= #{selfChkDtm}</isNotEmpty>
			<isNotEmpty property="typ" prepend="," removeFirstPrepend="true">TYP= #{typ}</isNotEmpty>
			<isNotEmpty property="week" prepend="," removeFirstPrepend="true">WEEK= #{week}</isNotEmpty>
			<isNotEmpty property="opn" prepend="," removeFirstPrepend="true">OPN= #{opn}</isNotEmpty>
			<isNotEmpty property="sugg" prepend="," removeFirstPrepend="true">SUGG= #{sugg}</isNotEmpty>
			<isNotEmpty property="chkOrgCd" prepend="," removeFirstPrepend="true">CHK_ORG_CD= #{chkOrgCd}</isNotEmpty>
			<isNotEmpty property="chkOrgNm" prepend="," removeFirstPrepend="true">CHK_ORG_NM= #{chkOrgNm}</isNotEmpty>
			<isNotEmpty property="chkSabun" prepend="," removeFirstPrepend="true">CHK_SABUN= #{chkSabun}</isNotEmpty>
			<isNotEmpty property="chkName" prepend="," removeFirstPrepend="true">CHK_NAME= #{chkName}</isNotEmpty>
			<isNotEmpty property="chkYn" prepend="," removeFirstPrepend="true">CHK_YN= #{chkYn}</isNotEmpty>
			<isNotEmpty property="chkDtm" prepend="," removeFirstPrepend="true">CHK_DTM= #{chkDtm}</isNotEmpty>
			<isNotEmpty property="updSabun" prepend="," removeFirstPrepend="true">UPD_SABUN= #{updSabun}</isNotEmpty>
			<isNotEmpty property="updDtm" prepend="," removeFirstPrepend="true">UPD_DTM= #{updDtm}</isNotEmpty>
			<isNotEmpty property="regSabun" prepend="," removeFirstPrepend="true">REG_SABUN= #{regSabun}</isNotEmpty>
			<isNotEmpty property="regDtm" prepend="," removeFirstPrepend="true">REG_DTM= #{regDtm}</isNotEmpty>
			<isNotEmpty property="delYn" prepend="," removeFirstPrepend="true">DEL_YN= #{delYn}</isNotEmpty>
		</trim>
		WHEN NOT MATCHED THEN
			INSERT (
  BIZ_ACT_CHK_SEQ
				, SABUN, CHK_DT, UNT_CD, ORG_CD
				, ORG_NM, NAME, SELF_CHK_YN, SELF_CHK_DTM
				, TYP, WEEK, OPN, SUGG
				, CHK_ORG_CD, CHK_ORG_NM, CHK_SABUN, CHK_NAME
				, CHK_YN, CHK_DTM, UPD_SABUN, UPD_DTM
				, REG_SABUN, REG_DTM, DEL_YN		) values (
	  #{bizActChkSeq}
				, #{sabun}, #{chkDt}, #{untCd}, #{orgCd}
				, #{orgNm}, #{name}, #{selfChkYn}, #{selfChkDtm}
				, #{typ}, #{week}, #{opn}, #{sugg}
				, #{chkOrgCd}, #{chkOrgNm}, #{chkSabun}, #{chkName}
				, #{chkYn}, #{chkDtm}, #{updSabun}, #{updDtm}
				, #{regSabun}, #{regDtm}, #{delYn}		)
    </update>

</sqlMap>
