		SELECT 
			 BIZ_ACT_SEQ
			,UNT_CD
			,BIZ_PLAN_SEQ
			,HST_SEQ
			,BIZ_DETL_PLAN_SEQ
			,UPPER_ACT_SEQ
			,RELP_ACT_SEQ
			,TYP
			,COOP_CD
			,SABUN
			,NAME
			,ACT_DT
			,START_TM
			,END_TM
			,PRJ_CD
			,PRJ_CD_NM
			,RES
			,SCORE
			,EVAL_SCORE
			,PRJ_TYP
			,DESCR
			,CATEGORY
			,ATTR
			,JNT_SCHED_SEQ
			,LUNCH_INC_YN
		FROM TB_BIZ_ACT T1
		<include refid="where-List"/>





<?xml version="1.0" encoding="UTF-8"?>
<!DOCTYPE sqlMap PUBLIC "-//iBATIS.com//DTD SQL Map 2.0//EN" "http://ibatis.apache.org/dtd/sql-map-2.dtd">
<sqlMap namespace="SQL">
    <typeAlias alias="" type="kr.co.crewmate.site.model.#biz#."/>

	<sql id="where-List">
		<trim prefix="WHERE" prefixOverrides="AND">
			<if test="bizActSeq != null and bizActSeq != 0">
				AND BIZ_ACT_SEQ = #{bizActSeq}
			</if>
			<if test="untCd != null and untCd != ''">
				AND UNT_CD = #{untCd}
			</if>
			<if test="bizPlanSeq != null and bizPlanSeq != 0">
				AND BIZ_PLAN_SEQ = #{bizPlanSeq}
			</if>
			<if test="hstSeq != null and hstSeq != 0">
				AND HST_SEQ = #{hstSeq}
			</if>
			<if test="bizDetlPlanSeq != null and bizDetlPlanSeq != 0">
				AND BIZ_DETL_PLAN_SEQ = #{bizDetlPlanSeq}
			</if>
			<if test="upperActSeq != null and upperActSeq != 0">
				AND UPPER_ACT_SEQ = #{upperActSeq}
			</if>
			<if test="relpActSeq != null and relpActSeq != 0">
				AND RELP_ACT_SEQ = #{relpActSeq}
			</if>
			<if test="typ != null and typ != ''">
				AND TYP = #{typ}
			</if>
			<if test="coopCd != null and coopCd != ''">
				AND COOP_CD = #{coopCd}
			</if>
			<if test="sabun != null and sabun != ''">
				AND SABUN = #{sabun}
			</if>
			<if test="name != null and name != ''">
				AND NAME = #{name}
			</if>
			<if test="actDt != null and actDt != ''">
				AND ACT_DT = #{actDt}
			</if>
			<if test="startTm != null and startTm != ''">
				AND START_TM = #{startTm}
			</if>
			<if test="endTm != null and endTm != ''">
				AND END_TM = #{endTm}
			</if>
			<if test="prjCd != null and prjCd != ''">
				AND PRJ_CD = #{prjCd}
			</if>
			<if test="prjCdNm != null and prjCdNm != ''">
				AND PRJ_CD_NM = #{prjCdNm}
			</if>
			<if test="res != null and res != ''">
				AND RES = #{res}
			</if>
			<if test="score != null and score != ''">
				AND SCORE = #{score}
			</if>
			<if test="evalScore != null and evalScore != ''">
				AND EVAL_SCORE = #{evalScore}
			</if>
			<if test="prjTyp != null and prjTyp != ''">
				AND PRJ_TYP = #{prjTyp}
			</if>
			<if test="descr != null and descr != ''">
				AND DESCR = #{descr}
			</if>
			<if test="category != null and category != ''">
				AND CATEGORY = #{category}
			</if>
			<if test="attr != null and attr != ''">
				AND ATTR = #{attr}
			</if>
			<if test="jntSchedSeq != null and jntSchedSeq != 0">
				AND JNT_SCHED_SEQ = #{jntSchedSeq}
			</if>
			<if test="lunchIncYn != null and lunchIncYn != ''">
				AND LUNCH_INC_YN = #{lunchIncYn}
			</if>
			<if test="updSabun != null and updSabun != ''">
				AND UPD_SABUN = #{updSabun}
			</if>
			<if test="updDtm != null and updDtm != ''">
				AND UPD_DTM = #{updDtm}
			</if>
			<if test="regSabun != null and regSabun != ''">
				AND REG_SABUN = #{regSabun}
			</if>
			<if test="regDtm != null and regDtm != ''">
				AND REG_DTM = #{regDtm}
			</if>
			<if test="delYn != null and delYn != ''">
				AND DEL_YN = #{delYn}
			</if>
		</trim>

	</sql>

    <select id="getList" parameterClass="osEventDetail" resultClass="">
		SELECT 
			 BIZ_ACT_SEQ
			,UNT_CD
			,BIZ_PLAN_SEQ
			,HST_SEQ
			,BIZ_DETL_PLAN_SEQ
			,UPPER_ACT_SEQ
			,RELP_ACT_SEQ
			,TYP
			,COOP_CD
			,SABUN
			,NAME
			,ACT_DT
			,START_TM
			,END_TM
			,PRJ_CD
			,PRJ_CD_NM
			,RES
			,SCORE
			,EVAL_SCORE
			,PRJ_TYP
			,DESCR
			,CATEGORY
			,ATTR
			,JNT_SCHED_SEQ
			,LUNCH_INC_YN
		FROM TB_BIZ_ACT T1
		<include refid="where-List"/>
    </select>

    <select id="getListCount" parameterClass="" resultClass="int">
		SELECT 
COUNT(*) FROM TB_BIZ_ACT T1
		<include refid="where-List"/>
    </select>

    <insert id="insert" parameterClass="">
	INSERT INTO TB_BIZ_ACT (
  BIZ_ACT_SEQ
		, UNT_CD, BIZ_PLAN_SEQ, HST_SEQ, BIZ_DETL_PLAN_SEQ
		, UPPER_ACT_SEQ, RELP_ACT_SEQ, TYP, COOP_CD
		, SABUN, NAME, ACT_DT, START_TM
		, END_TM, PRJ_CD, PRJ_CD_NM, RES
		, SCORE, EVAL_SCORE, PRJ_TYP, DESCR
		, CATEGORY, ATTR, JNT_SCHED_SEQ, LUNCH_INC_YN
		, UPD_SABUN, UPD_DTM, REG_SABUN, REG_DTM
		, DEL_YN		) 
  #{bizActSeq}
		, #{untCd}, #{bizPlanSeq}, #{hstSeq}, #{bizDetlPlanSeq}
		, #{upperActSeq}, #{relpActSeq}, #{typ}, #{coopCd}
		, #{sabun}, #{name}, #{actDt}, #{startTm}
		, #{endTm}, #{prjCd}, #{prjCdNm}, #{res}
		, #{score}, #{evalScore}, #{prjTyp}, #{descr}
		, #{category}, #{attr}, #{jntSchedSeq}, #{lunchIncYn}
		, #{updSabun}, #{updDtm}, #{regSabun}, #{regDtm}
		, #{delYn}	)
    </insert>

    <update id="update" parameterClass="">
		UPDATE TB_BIZ_ACT
		 SET 
			<if test="bizActSeq != null"> BIZ_ACT_SEQ= #{bizActSeq},</if>
			<if test="untCd != null"> UNT_CD= #{untCd},</if>
			<if test="bizPlanSeq != null"> BIZ_PLAN_SEQ= #{bizPlanSeq},</if>
			<if test="hstSeq != null"> HST_SEQ= #{hstSeq},</if>
			<if test="bizDetlPlanSeq != null"> BIZ_DETL_PLAN_SEQ= #{bizDetlPlanSeq},</if>
			<if test="upperActSeq != null"> UPPER_ACT_SEQ= #{upperActSeq},</if>
			<if test="relpActSeq != null"> RELP_ACT_SEQ= #{relpActSeq},</if>
			<if test="typ != null"> TYP= #{typ},</if>
			<if test="coopCd != null"> COOP_CD= #{coopCd},</if>
			<if test="sabun != null"> SABUN= #{sabun},</if>
			<if test="name != null"> NAME= #{name},</if>
			<if test="actDt != null"> ACT_DT= #{actDt},</if>
			<if test="startTm != null"> START_TM= #{startTm},</if>
			<if test="endTm != null"> END_TM= #{endTm},</if>
			<if test="prjCd != null"> PRJ_CD= #{prjCd},</if>
			<if test="prjCdNm != null"> PRJ_CD_NM= #{prjCdNm},</if>
			<if test="res != null"> RES= #{res},</if>
			<if test="score != null"> SCORE= #{score},</if>
			<if test="evalScore != null"> EVAL_SCORE= #{evalScore},</if>
			<if test="prjTyp != null"> PRJ_TYP= #{prjTyp},</if>
			<if test="descr != null"> DESCR= #{descr},</if>
			<if test="category != null"> CATEGORY= #{category},</if>
			<if test="attr != null"> ATTR= #{attr},</if>
			<if test="jntSchedSeq != null"> JNT_SCHED_SEQ= #{jntSchedSeq},</if>
			<if test="lunchIncYn != null"> LUNCH_INC_YN= #{lunchIncYn},</if>
			<if test="updSabun != null"> UPD_SABUN= #{updSabun},</if>
			<if test="updDtm != null"> UPD_DTM= #{updDtm},</if>
			<if test="regSabun != null"> REG_SABUN= #{regSabun},</if>
			<if test="regDtm != null"> REG_DTM= #{regDtm},</if>
			<if test="delYn != null"> DEL_YN= #{delYn},</if>

		WHERE 1=1 AND BIZ_ACT_SEQ = #{bizActSeq}AND UNT_CD = #{untCd}
    </update>

    <update id="merge" parameterClass="">
		MERGE INTO TB_BIZ_ACT
		USING DUAL
			ON (BIZ_ACT_SEQ = #{bizActSeq}AND UNT_CD = #{untCd})
		WHEN MATCHED THEN
			UPDATE
		<trim prefix="WHERE" prefixOverrides="AND">
			<isNotEmpty property="bizPlanSeq" prepend="," removeFirstPrepend="true">BIZ_PLAN_SEQ= #{bizPlanSeq}</isNotEmpty>
			<isNotEmpty property="hstSeq" prepend="," removeFirstPrepend="true">HST_SEQ= #{hstSeq}</isNotEmpty>
			<isNotEmpty property="bizDetlPlanSeq" prepend="," removeFirstPrepend="true">BIZ_DETL_PLAN_SEQ= #{bizDetlPlanSeq}</isNotEmpty>
			<isNotEmpty property="upperActSeq" prepend="," removeFirstPrepend="true">UPPER_ACT_SEQ= #{upperActSeq}</isNotEmpty>
			<isNotEmpty property="relpActSeq" prepend="," removeFirstPrepend="true">RELP_ACT_SEQ= #{relpActSeq}</isNotEmpty>
			<isNotEmpty property="typ" prepend="," removeFirstPrepend="true">TYP= #{typ}</isNotEmpty>
			<isNotEmpty property="coopCd" prepend="," removeFirstPrepend="true">COOP_CD= #{coopCd}</isNotEmpty>
			<isNotEmpty property="sabun" prepend="," removeFirstPrepend="true">SABUN= #{sabun}</isNotEmpty>
			<isNotEmpty property="name" prepend="," removeFirstPrepend="true">NAME= #{name}</isNotEmpty>
			<isNotEmpty property="actDt" prepend="," removeFirstPrepend="true">ACT_DT= #{actDt}</isNotEmpty>
			<isNotEmpty property="startTm" prepend="," removeFirstPrepend="true">START_TM= #{startTm}</isNotEmpty>
			<isNotEmpty property="endTm" prepend="," removeFirstPrepend="true">END_TM= #{endTm}</isNotEmpty>
			<isNotEmpty property="prjCd" prepend="," removeFirstPrepend="true">PRJ_CD= #{prjCd}</isNotEmpty>
			<isNotEmpty property="prjCdNm" prepend="," removeFirstPrepend="true">PRJ_CD_NM= #{prjCdNm}</isNotEmpty>
			<isNotEmpty property="res" prepend="," removeFirstPrepend="true">RES= #{res}</isNotEmpty>
			<isNotEmpty property="score" prepend="," removeFirstPrepend="true">SCORE= #{score}</isNotEmpty>
			<isNotEmpty property="evalScore" prepend="," removeFirstPrepend="true">EVAL_SCORE= #{evalScore}</isNotEmpty>
			<isNotEmpty property="prjTyp" prepend="," removeFirstPrepend="true">PRJ_TYP= #{prjTyp}</isNotEmpty>
			<isNotEmpty property="descr" prepend="," removeFirstPrepend="true">DESCR= #{descr}</isNotEmpty>
			<isNotEmpty property="category" prepend="," removeFirstPrepend="true">CATEGORY= #{category}</isNotEmpty>
			<isNotEmpty property="attr" prepend="," removeFirstPrepend="true">ATTR= #{attr}</isNotEmpty>
			<isNotEmpty property="jntSchedSeq" prepend="," removeFirstPrepend="true">JNT_SCHED_SEQ= #{jntSchedSeq}</isNotEmpty>
			<isNotEmpty property="lunchIncYn" prepend="," removeFirstPrepend="true">LUNCH_INC_YN= #{lunchIncYn}</isNotEmpty>
			<isNotEmpty property="updSabun" prepend="," removeFirstPrepend="true">UPD_SABUN= #{updSabun}</isNotEmpty>
			<isNotEmpty property="updDtm" prepend="," removeFirstPrepend="true">UPD_DTM= #{updDtm}</isNotEmpty>
			<isNotEmpty property="regSabun" prepend="," removeFirstPrepend="true">REG_SABUN= #{regSabun}</isNotEmpty>
			<isNotEmpty property="regDtm" prepend="," removeFirstPrepend="true">REG_DTM= #{regDtm}</isNotEmpty>
			<isNotEmpty property="delYn" prepend="," removeFirstPrepend="true">DEL_YN= #{delYn}</isNotEmpty>
		</trim>
		WHEN NOT MATCHED THEN
			INSERT (
  BIZ_ACT_SEQ
				, UNT_CD, BIZ_PLAN_SEQ, HST_SEQ, BIZ_DETL_PLAN_SEQ
				, UPPER_ACT_SEQ, RELP_ACT_SEQ, TYP, COOP_CD
				, SABUN, NAME, ACT_DT, START_TM
				, END_TM, PRJ_CD, PRJ_CD_NM, RES
				, SCORE, EVAL_SCORE, PRJ_TYP, DESCR
				, CATEGORY, ATTR, JNT_SCHED_SEQ, LUNCH_INC_YN
				, UPD_SABUN, UPD_DTM, REG_SABUN, REG_DTM
				, DEL_YN		) values (
	  #{bizActSeq}
				, #{untCd}, #{bizPlanSeq}, #{hstSeq}, #{bizDetlPlanSeq}
				, #{upperActSeq}, #{relpActSeq}, #{typ}, #{coopCd}
				, #{sabun}, #{name}, #{actDt}, #{startTm}
				, #{endTm}, #{prjCd}, #{prjCdNm}, #{res}
				, #{score}, #{evalScore}, #{prjTyp}, #{descr}
				, #{category}, #{attr}, #{jntSchedSeq}, #{lunchIncYn}
				, #{updSabun}, #{updDtm}, #{regSabun}, #{regDtm}
				, #{delYn}		)
    </update>

</sqlMap>
