<?xml version="1.0" encoding="UTF-8"?>
<!DOCTYPE sqlMap PUBLIC "-//iBATIS.com//DTD SQL Map 2.0//EN" "http://ibatis.apache.org/dtd/sql-map-2.dtd">
<sqlMap namespace="SQL">
    <typeAlias alias="" type="kr.co.crewmate.site.model.#biz#."/>

	<sql id="where-List">
		<trim prefix="WHERE" prefixOverrides="AND">
			<if test="bizDetlPlanSeq != null and bizDetlPlanSeq != 0">
				AND BIZ_DETL_PLAN_SEQ = #{bizDetlPlanSeq}
			</if>
			<if test="untCd != null and untCd != ''">
				AND UNT_CD = #{untCd}
			</if>
			<if test="bizPlanSeq != null and bizPlanSeq != 0">
				AND BIZ_PLAN_SEQ = #{bizPlanSeq}
			</if>
			<if test="hstSeq != null and hstSeq != 0">
				AND HST_SEQ = #{hstSeq}
			</if>
			<if test="upperSeq != null and upperSeq != 0">
				AND UPPER_SEQ = #{upperSeq}
			</if>
			<if test="upperPrjCd != null and upperPrjCd != ''">
				AND UPPER_PRJ_CD = #{upperPrjCd}
			</if>
			<if test="prjCd != null and prjCd != ''">
				AND PRJ_CD = #{prjCd}
			</if>
			<if test="prjCdNm != null and prjCdNm != ''">
				AND PRJ_CD_NM = #{prjCdNm}
			</if>
			<if test="contrProg != null and contrProg != 0">
				AND CONTR_PROG = #{contrProg}
			</if>
			<if test="prog != null and prog != 0">
				AND PROG = #{prog}
			</if>
			<if test="prjPoints != null and prjPoints != ''">
				AND PRJ_POINTS = #{prjPoints}
			</if>
			<if test="contrPrjRto != null and contrPrjRto != 0">
				AND CONTR_PRJ_RTO = #{contrPrjRto}
			</if>
			<if test="prjRto != null and prjRto != 0">
				AND PRJ_RTO = #{prjRto}
			</if>
			<if test="startDt != null and startDt != ''">
				AND START_DT = #{startDt}
			</if>
			<if test="endDt != null and endDt != ''">
				AND END_DT = #{endDt}
			</if>
			<if test="respSabun != null and respSabun != ''">
				AND RESP_SABUN = #{respSabun}
			</if>
			<if test="respName != null and respName != ''">
				AND RESP_NAME = #{respName}
			</if>
			<if test="prjImpt != null and prjImpt != 0">
				AND PRJ_IMPT = #{prjImpt}
			</if>
			<if test="prjDfclty != null and prjDfclty != ''">
				AND PRJ_DFCLTY = #{prjDfclty}
			</if>
			<if test="reqCap != null and reqCap != ''">
				AND REQ_CAP = #{reqCap}
			</if>
			<if test="assignRsn != null and assignRsn != ''">
				AND ASSIGN_RSN = #{assignRsn}
			</if>
			<if test="prjEvalRes != null and prjEvalRes != ''">
				AND PRJ_EVAL_RES = #{prjEvalRes}
			</if>
			<if test="state != null and state != ''">
				AND STATE = #{state}
			</if>
			<if test="duration != null and duration != ''">
				AND DURATION = #{duration}
			</if>
			<if test="reqTm != null and reqTm != ''">
				AND REQ_TM = #{reqTm}
			</if>
			<if test="prevSeq != null and prevSeq != 0">
				AND PREV_SEQ = #{prevSeq}
			</if>
			<if test="ord != null and ord != ''">
				AND ORD = #{ord}
			</if>
			<if test="lvl != null and lvl != 0">
				AND LVL = #{lvl}
			</if>
			<if test="mileYn != null and mileYn != ''">
				AND MILE_YN = #{mileYn}
			</if>
			<if test="planMark != null and planMark != ''">
				AND PLAN_MARK = #{planMark}
			</if>
			<if test="planDesc != null and planDesc != ''">
				AND PLAN_DESC = #{planDesc}
			</if>
			<if test="cmplYn != null and cmplYn != ''">
				AND CMPL_YN = #{cmplYn}
			</if>
			<if test="updSabun != null and updSabun != ''">
				AND UPD_SABUN = #{updSabun}
			</if>
			<if test="updDtm != null and updDtm != ''">
				AND UPD_DTM = #{updDtm}
			</if>
			<if test="regSabun != null and regSabun != ''">
				AND REG_SABUN = #{regSabun}
			</if>
			<if test="regDtm != null and regDtm != ''">
				AND REG_DTM = #{regDtm}
			</if>
			<if test="delYn != null and delYn != ''">
				AND DEL_YN = #{delYn}
			</if>
		</trim>

	</sql>

    <select id="getList" parameterClass="osEventDetail" resultClass="">
		SELECT 
			 BIZ_DETL_PLAN_SEQ AS bizDetlPlanSeq
			,UNT_CD AS untCd
			,BIZ_PLAN_SEQ AS bizPlanSeq
			,HST_SEQ AS hstSeq
			,UPPER_SEQ AS upperSeq
			,UPPER_PRJ_CD AS upperPrjCd
			,PRJ_CD AS prjCd
			,PRJ_CD_NM AS prjCdNm
			,CONTR_PROG AS contrProg
			,PROG AS prog
			,PRJ_POINTS AS prjPoints
			,CONTR_PRJ_RTO AS contrPrjRto
			,PRJ_RTO AS prjRto
			,START_DT AS startDt
			,END_DT AS endDt
			,RESP_SABUN AS respSabun
			,RESP_NAME AS respName
			,PRJ_IMPT AS prjImpt
			,PRJ_DFCLTY AS prjDfclty
			,REQ_CAP AS reqCap
			,ASSIGN_RSN AS assignRsn
			,PRJ_EVAL_RES AS prjEvalRes
			,STATE AS state
			,DURATION AS duration
			,REQ_TM AS reqTm
			,PREV_SEQ AS prevSeq
			,ORD AS ord
			,LVL AS lvl
			,MILE_YN AS mileYn
			,PLAN_MARK AS planMark
			,PLAN_DESC AS planDesc
			,CMPL_YN AS cmplYn
			,UPD_SABUN AS updSabun
			,UPD_DTM AS updDtm
			,REG_SABUN AS regSabun
			,REG_DTM AS regDtm
			,DEL_YN AS delYn
		FROM TB_BIZ_DETL_PLAN T1
		<include refid="where-List"/>
    </select>

    <select id="getListCount" parameterClass="" resultClass="int">
		SELECT 
COUNT(*) FROM TB_BIZ_DETL_PLAN T1
		<include refid="where-List"/>
    </select>

    <insert id="insert" parameterClass="">
	INSERT INTO TB_BIZ_DETL_PLAN (
  BIZ_DETL_PLAN_SEQ
		, UNT_CD, BIZ_PLAN_SEQ, HST_SEQ, UPPER_SEQ
		, UPPER_PRJ_CD, PRJ_CD, PRJ_CD_NM, CONTR_PROG
		, PROG, PRJ_POINTS, CONTR_PRJ_RTO, PRJ_RTO
		, START_DT, END_DT, RESP_SABUN, RESP_NAME
		, PRJ_IMPT, PRJ_DFCLTY, REQ_CAP, ASSIGN_RSN
		, PRJ_EVAL_RES, STATE, DURATION, REQ_TM
		, PREV_SEQ, ORD, LVL, MILE_YN
		, PLAN_MARK, PLAN_DESC, CMPL_YN, UPD_SABUN
		, UPD_DTM, REG_SABUN, REG_DTM, DEL_YN
				) 
  #{bizDetlPlanSeq}
		, #{untCd}, #{bizPlanSeq}, #{hstSeq}, #{upperSeq}
		, #{upperPrjCd}, #{prjCd}, #{prjCdNm}, #{contrProg}
		, #{prog}, #{prjPoints}, #{contrPrjRto}, #{prjRto}
		, #{startDt}, #{endDt}, #{respSabun}, #{respName}
		, #{prjImpt}, #{prjDfclty}, #{reqCap}, #{assignRsn}
		, #{prjEvalRes}, #{state}, #{duration}, #{reqTm}
		, #{prevSeq}, #{ord}, #{lvl}, #{mileYn}
		, #{planMark}, #{planDesc}, #{cmplYn}, #{updSabun}
		, #{updDtm}, #{regSabun}, #{regDtm}, #{delYn}
			)
    </insert>

    <update id="update" parameterClass="">
		UPDATE TB_BIZ_DETL_PLAN
		 SET 
			<if test="bizDetlPlanSeq != null"> BIZ_DETL_PLAN_SEQ= #{bizDetlPlanSeq},</if>
			<if test="untCd != null"> UNT_CD= #{untCd},</if>
			<if test="bizPlanSeq != null"> BIZ_PLAN_SEQ= #{bizPlanSeq},</if>
			<if test="hstSeq != null"> HST_SEQ= #{hstSeq},</if>
			<if test="upperSeq != null"> UPPER_SEQ= #{upperSeq},</if>
			<if test="upperPrjCd != null"> UPPER_PRJ_CD= #{upperPrjCd},</if>
			<if test="prjCd != null"> PRJ_CD= #{prjCd},</if>
			<if test="prjCdNm != null"> PRJ_CD_NM= #{prjCdNm},</if>
			<if test="contrProg != null"> CONTR_PROG= #{contrProg},</if>
			<if test="prog != null"> PROG= #{prog},</if>
			<if test="prjPoints != null"> PRJ_POINTS= #{prjPoints},</if>
			<if test="contrPrjRto != null"> CONTR_PRJ_RTO= #{contrPrjRto},</if>
			<if test="prjRto != null"> PRJ_RTO= #{prjRto},</if>
			<if test="startDt != null"> START_DT= #{startDt},</if>
			<if test="endDt != null"> END_DT= #{endDt},</if>
			<if test="respSabun != null"> RESP_SABUN= #{respSabun},</if>
			<if test="respName != null"> RESP_NAME= #{respName},</if>
			<if test="prjImpt != null"> PRJ_IMPT= #{prjImpt},</if>
			<if test="prjDfclty != null"> PRJ_DFCLTY= #{prjDfclty},</if>
			<if test="reqCap != null"> REQ_CAP= #{reqCap},</if>
			<if test="assignRsn != null"> ASSIGN_RSN= #{assignRsn},</if>
			<if test="prjEvalRes != null"> PRJ_EVAL_RES= #{prjEvalRes},</if>
			<if test="state != null"> STATE= #{state},</if>
			<if test="duration != null"> DURATION= #{duration},</if>
			<if test="reqTm != null"> REQ_TM= #{reqTm},</if>
			<if test="prevSeq != null"> PREV_SEQ= #{prevSeq},</if>
			<if test="ord != null"> ORD= #{ord},</if>
			<if test="lvl != null"> LVL= #{lvl},</if>
			<if test="mileYn != null"> MILE_YN= #{mileYn},</if>
			<if test="planMark != null"> PLAN_MARK= #{planMark},</if>
			<if test="planDesc != null"> PLAN_DESC= #{planDesc},</if>
			<if test="cmplYn != null"> CMPL_YN= #{cmplYn},</if>
			<if test="updSabun != null"> UPD_SABUN= #{updSabun},</if>
			<if test="updDtm != null"> UPD_DTM= #{updDtm},</if>
			<if test="regSabun != null"> REG_SABUN= #{regSabun},</if>
			<if test="regDtm != null"> REG_DTM= #{regDtm},</if>
			<if test="delYn != null"> DEL_YN= #{delYn},</if>

		WHERE 1=1 AND BIZ_DETL_PLAN_SEQ = #{bizDetlPlanSeq}
    </update>

    <update id="merge" parameterClass="">
		MERGE INTO TB_BIZ_DETL_PLAN
		USING DUAL
			ON (BIZ_DETL_PLAN_SEQ = #{bizDetlPlanSeq})
		WHEN MATCHED THEN
			UPDATE
		<trim prefix="WHERE" prefixOverrides="AND">
			<isNotEmpty property="untCd" prepend="," removeFirstPrepend="true">UNT_CD= #{untCd}</isNotEmpty>
			<isNotEmpty property="bizPlanSeq" prepend="," removeFirstPrepend="true">BIZ_PLAN_SEQ= #{bizPlanSeq}</isNotEmpty>
			<isNotEmpty property="hstSeq" prepend="," removeFirstPrepend="true">HST_SEQ= #{hstSeq}</isNotEmpty>
			<isNotEmpty property="upperSeq" prepend="," removeFirstPrepend="true">UPPER_SEQ= #{upperSeq}</isNotEmpty>
			<isNotEmpty property="upperPrjCd" prepend="," removeFirstPrepend="true">UPPER_PRJ_CD= #{upperPrjCd}</isNotEmpty>
			<isNotEmpty property="prjCd" prepend="," removeFirstPrepend="true">PRJ_CD= #{prjCd}</isNotEmpty>
			<isNotEmpty property="prjCdNm" prepend="," removeFirstPrepend="true">PRJ_CD_NM= #{prjCdNm}</isNotEmpty>
			<isNotEmpty property="contrProg" prepend="," removeFirstPrepend="true">CONTR_PROG= #{contrProg}</isNotEmpty>
			<isNotEmpty property="prog" prepend="," removeFirstPrepend="true">PROG= #{prog}</isNotEmpty>
			<isNotEmpty property="prjPoints" prepend="," removeFirstPrepend="true">PRJ_POINTS= #{prjPoints}</isNotEmpty>
			<isNotEmpty property="contrPrjRto" prepend="," removeFirstPrepend="true">CONTR_PRJ_RTO= #{contrPrjRto}</isNotEmpty>
			<isNotEmpty property="prjRto" prepend="," removeFirstPrepend="true">PRJ_RTO= #{prjRto}</isNotEmpty>
			<isNotEmpty property="startDt" prepend="," removeFirstPrepend="true">START_DT= #{startDt}</isNotEmpty>
			<isNotEmpty property="endDt" prepend="," removeFirstPrepend="true">END_DT= #{endDt}</isNotEmpty>
			<isNotEmpty property="respSabun" prepend="," removeFirstPrepend="true">RESP_SABUN= #{respSabun}</isNotEmpty>
			<isNotEmpty property="respName" prepend="," removeFirstPrepend="true">RESP_NAME= #{respName}</isNotEmpty>
			<isNotEmpty property="prjImpt" prepend="," removeFirstPrepend="true">PRJ_IMPT= #{prjImpt}</isNotEmpty>
			<isNotEmpty property="prjDfclty" prepend="," removeFirstPrepend="true">PRJ_DFCLTY= #{prjDfclty}</isNotEmpty>
			<isNotEmpty property="reqCap" prepend="," removeFirstPrepend="true">REQ_CAP= #{reqCap}</isNotEmpty>
			<isNotEmpty property="assignRsn" prepend="," removeFirstPrepend="true">ASSIGN_RSN= #{assignRsn}</isNotEmpty>
			<isNotEmpty property="prjEvalRes" prepend="," removeFirstPrepend="true">PRJ_EVAL_RES= #{prjEvalRes}</isNotEmpty>
			<isNotEmpty property="state" prepend="," removeFirstPrepend="true">STATE= #{state}</isNotEmpty>
			<isNotEmpty property="duration" prepend="," removeFirstPrepend="true">DURATION= #{duration}</isNotEmpty>
			<isNotEmpty property="reqTm" prepend="," removeFirstPrepend="true">REQ_TM= #{reqTm}</isNotEmpty>
			<isNotEmpty property="prevSeq" prepend="," removeFirstPrepend="true">PREV_SEQ= #{prevSeq}</isNotEmpty>
			<isNotEmpty property="ord" prepend="," removeFirstPrepend="true">ORD= #{ord}</isNotEmpty>
			<isNotEmpty property="lvl" prepend="," removeFirstPrepend="true">LVL= #{lvl}</isNotEmpty>
			<isNotEmpty property="mileYn" prepend="," removeFirstPrepend="true">MILE_YN= #{mileYn}</isNotEmpty>
			<isNotEmpty property="planMark" prepend="," removeFirstPrepend="true">PLAN_MARK= #{planMark}</isNotEmpty>
			<isNotEmpty property="planDesc" prepend="," removeFirstPrepend="true">PLAN_DESC= #{planDesc}</isNotEmpty>
			<isNotEmpty property="cmplYn" prepend="," removeFirstPrepend="true">CMPL_YN= #{cmplYn}</isNotEmpty>
			<isNotEmpty property="updSabun" prepend="," removeFirstPrepend="true">UPD_SABUN= #{updSabun}</isNotEmpty>
			<isNotEmpty property="updDtm" prepend="," removeFirstPrepend="true">UPD_DTM= #{updDtm}</isNotEmpty>
			<isNotEmpty property="regSabun" prepend="," removeFirstPrepend="true">REG_SABUN= #{regSabun}</isNotEmpty>
			<isNotEmpty property="regDtm" prepend="," removeFirstPrepend="true">REG_DTM= #{regDtm}</isNotEmpty>
			<isNotEmpty property="delYn" prepend="," removeFirstPrepend="true">DEL_YN= #{delYn}</isNotEmpty>
		</trim>
		WHEN NOT MATCHED THEN
			INSERT (
  BIZ_DETL_PLAN_SEQ
				, UNT_CD, BIZ_PLAN_SEQ, HST_SEQ, UPPER_SEQ
				, UPPER_PRJ_CD, PRJ_CD, PRJ_CD_NM, CONTR_PROG
				, PROG, PRJ_POINTS, CONTR_PRJ_RTO, PRJ_RTO
				, START_DT, END_DT, RESP_SABUN, RESP_NAME
				, PRJ_IMPT, PRJ_DFCLTY, REQ_CAP, ASSIGN_RSN
				, PRJ_EVAL_RES, STATE, DURATION, REQ_TM
				, PREV_SEQ, ORD, LVL, MILE_YN
				, PLAN_MARK, PLAN_DESC, CMPL_YN, UPD_SABUN
				, UPD_DTM, REG_SABUN, REG_DTM, DEL_YN
						) values (
	  #{bizDetlPlanSeq}
				, #{untCd}, #{bizPlanSeq}, #{hstSeq}, #{upperSeq}
				, #{upperPrjCd}, #{prjCd}, #{prjCdNm}, #{contrProg}
				, #{prog}, #{prjPoints}, #{contrPrjRto}, #{prjRto}
				, #{startDt}, #{endDt}, #{respSabun}, #{respName}
				, #{prjImpt}, #{prjDfclty}, #{reqCap}, #{assignRsn}
				, #{prjEvalRes}, #{state}, #{duration}, #{reqTm}
				, #{prevSeq}, #{ord}, #{lvl}, #{mileYn}
				, #{planMark}, #{planDesc}, #{cmplYn}, #{updSabun}
				, #{updDtm}, #{regSabun}, #{regDtm}, #{delYn}
						)
    </update>

</sqlMap>
