		SELECT 
			 COM_SCHED_ID
			,UNT_CD
			,TYP
			,START_DT
			,START_TM
			,END_DT
			,END_TM
			,TITLE
			,DESCR
		FROM TB_COM_SCHED T1
		<include refid="where-List"/>





<?xml version="1.0" encoding="UTF-8"?>
<!DOCTYPE sqlMap PUBLIC "-//iBATIS.com//DTD SQL Map 2.0//EN" "http://ibatis.apache.org/dtd/sql-map-2.dtd">
<sqlMap namespace="SQL">
    <typeAlias alias="" type="kr.co.crewmate.site.model.#biz#."/>

	<sql id="where-List">
		<trim prefix="WHERE" prefixOverrides="AND">
			<if test="comSchedId != null and comSchedId != ''">
				AND COM_SCHED_ID = #{comSchedId}
			</if>
			<if test="untCd != null and untCd != ''">
				AND UNT_CD = #{untCd}
			</if>
			<if test="typ != null and typ != ''">
				AND TYP = #{typ}
			</if>
			<if test="startDt != null and startDt != ''">
				AND START_DT = #{startDt}
			</if>
			<if test="startTm != null and startTm != ''">
				AND START_TM = #{startTm}
			</if>
			<if test="endDt != null and endDt != ''">
				AND END_DT = #{endDt}
			</if>
			<if test="endTm != null and endTm != ''">
				AND END_TM = #{endTm}
			</if>
			<if test="title != null and title != ''">
				AND TITLE = #{title}
			</if>
			<if test="descr != null and descr != ''">
				AND DESCR = #{descr}
			</if>
			<if test="updSabun != null and updSabun != ''">
				AND UPD_SABUN = #{updSabun}
			</if>
			<if test="updDtm != null and updDtm != ''">
				AND UPD_DTM = #{updDtm}
			</if>
			<if test="regSabun != null and regSabun != ''">
				AND REG_SABUN = #{regSabun}
			</if>
			<if test="regDtm != null and regDtm != ''">
				AND REG_DTM = #{regDtm}
			</if>
			<if test="delYn != null and delYn != ''">
				AND DEL_YN = #{delYn}
			</if>
		</trim>

	</sql>

    <select id="getList" parameterClass="osEventDetail" resultClass="">
		SELECT 
			 COM_SCHED_ID
			,UNT_CD
			,TYP
			,START_DT
			,START_TM
			,END_DT
			,END_TM
			,TITLE
			,DESCR
		FROM TB_COM_SCHED T1
		<include refid="where-List"/>
    </select>

    <select id="getListCount" parameterClass="" resultClass="int">
		SELECT 
COUNT(*) FROM TB_COM_SCHED T1
		<include refid="where-List"/>
    </select>

    <insert id="insert" parameterClass="">
	INSERT INTO TB_COM_SCHED (
  COM_SCHED_ID
		, UNT_CD, TYP, START_DT, START_TM
		, END_DT, END_TM, TITLE, DESCR
		, UPD_SABUN, UPD_DTM, REG_SABUN, REG_DTM
		, DEL_YN		) 
  #{comSchedId}
		, #{untCd}, #{typ}, #{startDt}, #{startTm}
		, #{endDt}, #{endTm}, #{title}, #{descr}
		, #{updSabun}, #{updDtm}, #{regSabun}, #{regDtm}
		, #{delYn}	)
    </insert>

    <update id="update" parameterClass="">
		UPDATE TB_COM_SCHED
		 SET 
			<if test="comSchedId != null"> COM_SCHED_ID= #{comSchedId},</if>
			<if test="untCd != null"> UNT_CD= #{untCd},</if>
			<if test="typ != null"> TYP= #{typ},</if>
			<if test="startDt != null"> START_DT= #{startDt},</if>
			<if test="startTm != null"> START_TM= #{startTm},</if>
			<if test="endDt != null"> END_DT= #{endDt},</if>
			<if test="endTm != null"> END_TM= #{endTm},</if>
			<if test="title != null"> TITLE= #{title},</if>
			<if test="descr != null"> DESCR= #{descr},</if>
			<if test="updSabun != null"> UPD_SABUN= #{updSabun},</if>
			<if test="updDtm != null"> UPD_DTM= #{updDtm},</if>
			<if test="regSabun != null"> REG_SABUN= #{regSabun},</if>
			<if test="regDtm != null"> REG_DTM= #{regDtm},</if>
			<if test="delYn != null"> DEL_YN= #{delYn},</if>

		WHERE 1=1 AND COM_SCHED_ID = #{comSchedId}
    </update>

    <update id="merge" parameterClass="">
		MERGE INTO TB_COM_SCHED
		USING DUAL
			ON (COM_SCHED_ID = #{comSchedId})
		WHEN MATCHED THEN
			UPDATE
		<trim prefix="WHERE" prefixOverrides="AND">
			<isNotEmpty property="untCd" prepend="," removeFirstPrepend="true">UNT_CD= #{untCd}</isNotEmpty>
			<isNotEmpty property="typ" prepend="," removeFirstPrepend="true">TYP= #{typ}</isNotEmpty>
			<isNotEmpty property="startDt" prepend="," removeFirstPrepend="true">START_DT= #{startDt}</isNotEmpty>
			<isNotEmpty property="startTm" prepend="," removeFirstPrepend="true">START_TM= #{startTm}</isNotEmpty>
			<isNotEmpty property="endDt" prepend="," removeFirstPrepend="true">END_DT= #{endDt}</isNotEmpty>
			<isNotEmpty property="endTm" prepend="," removeFirstPrepend="true">END_TM= #{endTm}</isNotEmpty>
			<isNotEmpty property="title" prepend="," removeFirstPrepend="true">TITLE= #{title}</isNotEmpty>
			<isNotEmpty property="descr" prepend="," removeFirstPrepend="true">DESCR= #{descr}</isNotEmpty>
			<isNotEmpty property="updSabun" prepend="," removeFirstPrepend="true">UPD_SABUN= #{updSabun}</isNotEmpty>
			<isNotEmpty property="updDtm" prepend="," removeFirstPrepend="true">UPD_DTM= #{updDtm}</isNotEmpty>
			<isNotEmpty property="regSabun" prepend="," removeFirstPrepend="true">REG_SABUN= #{regSabun}</isNotEmpty>
			<isNotEmpty property="regDtm" prepend="," removeFirstPrepend="true">REG_DTM= #{regDtm}</isNotEmpty>
			<isNotEmpty property="delYn" prepend="," removeFirstPrepend="true">DEL_YN= #{delYn}</isNotEmpty>
		</trim>
		WHEN NOT MATCHED THEN
			INSERT (
  COM_SCHED_ID
				, UNT_CD, TYP, START_DT, START_TM
				, END_DT, END_TM, TITLE, DESCR
				, UPD_SABUN, UPD_DTM, REG_SABUN, REG_DTM
				, DEL_YN		) values (
	  #{comSchedId}
				, #{untCd}, #{typ}, #{startDt}, #{startTm}
				, #{endDt}, #{endTm}, #{title}, #{descr}
				, #{updSabun}, #{updDtm}, #{regSabun}, #{regDtm}
				, #{delYn}		)
    </update>

</sqlMap>
