		SELECT 
			 id
			,db_date
			,year
			,month
			,day
			,quarter
			,week
			,day_name
			,month_name
			,holiday_flag
			,weekend_flag
			,event_day
		FROM TB_CALENDAR T1
		<include refid="where-List"/>





<?xml version="1.0" encoding="UTF-8"?>
<!DOCTYPE sqlMap PUBLIC "-//iBATIS.com//DTD SQL Map 2.0//EN" "http://ibatis.apache.org/dtd/sql-map-2.dtd">
<sqlMap namespace="SQL">
    <typeAlias alias="" type="kr.co.crewmate.site.model.#biz#."/>

	<sql id="where-List">
		<trim prefix="WHERE" prefixOverrides="AND">
			<if test="id != null and id != 0">
				AND id = #{id}
			</if>
			<if test="dbDate != null and dbDate != ''">
				AND db_date = #{dbDate}
			</if>
			<if test="year != null and year != 0">
				AND year = #{year}
			</if>
			<if test="month != null and month != 0">
				AND month = #{month}
			</if>
			<if test="day != null and day != 0">
				AND day = #{day}
			</if>
			<if test="quarter != null and quarter != 0">
				AND quarter = #{quarter}
			</if>
			<if test="week != null and week != 0">
				AND week = #{week}
			</if>
			<if test="dayName != null and dayName != ''">
				AND day_name = #{dayName}
			</if>
			<if test="monthName != null and monthName != ''">
				AND month_name = #{monthName}
			</if>
			<if test="holidayFlag != null and holidayFlag != ''">
				AND holiday_flag = #{holidayFlag}
			</if>
			<if test="weekendFlag != null and weekendFlag != ''">
				AND weekend_flag = #{weekendFlag}
			</if>
			<if test="eventDay != null and eventDay != ''">
				AND event_day = #{eventDay}
			</if>
		</trim>

	</sql>

    <select id="getList" parameterClass="osEventDetail" resultClass="">
		SELECT 
			 id
			,db_date
			,year
			,month
			,day
			,quarter
			,week
			,day_name
			,month_name
			,holiday_flag
			,weekend_flag
			,event_day
		FROM TB_CALENDAR T1
		<include refid="where-List"/>
    </select>

    <select id="getListCount" parameterClass="" resultClass="int">
		SELECT 
COUNT(*) FROM TB_CALENDAR T1
		<include refid="where-List"/>
    </select>

    <insert id="insert" parameterClass="">
	INSERT INTO TB_CALENDAR (
  id
		, db_date, year, month, day
		, quarter, week, day_name, month_name
		, holiday_flag, weekend_flag, event_day		) 
  #{id}
		, #{dbDate}, #{year}, #{month}, #{day}
		, #{quarter}, #{week}, #{dayName}, #{monthName}
		, #{holidayFlag}, #{weekendFlag}, #{eventDay}	)
    </insert>

    <update id="update" parameterClass="">
		UPDATE TB_CALENDAR
		 SET 
			<if test="id != null"> id= #{id},</if>
			<if test="dbDate != null"> db_date= #{dbDate},</if>
			<if test="year != null"> year= #{year},</if>
			<if test="month != null"> month= #{month},</if>
			<if test="day != null"> day= #{day},</if>
			<if test="quarter != null"> quarter= #{quarter},</if>
			<if test="week != null"> week= #{week},</if>
			<if test="dayName != null"> day_name= #{dayName},</if>
			<if test="monthName != null"> month_name= #{monthName},</if>
			<if test="holidayFlag != null"> holiday_flag= #{holidayFlag},</if>
			<if test="weekendFlag != null"> weekend_flag= #{weekendFlag},</if>
			<if test="eventDay != null"> event_day= #{eventDay},</if>

		WHERE 1=1 AND id = #{id}
    </update>

    <update id="merge" parameterClass="">
		MERGE INTO TB_CALENDAR
		USING DUAL
			ON (id = #{id})
		WHEN MATCHED THEN
			UPDATE
		<trim prefix="WHERE" prefixOverrides="AND">
			<isNotEmpty property="dbDate" prepend="," removeFirstPrepend="true">db_date= #{dbDate}</isNotEmpty>
			<isNotEmpty property="year" prepend="," removeFirstPrepend="true">year= #{year}</isNotEmpty>
			<isNotEmpty property="month" prepend="," removeFirstPrepend="true">month= #{month}</isNotEmpty>
			<isNotEmpty property="day" prepend="," removeFirstPrepend="true">day= #{day}</isNotEmpty>
			<isNotEmpty property="quarter" prepend="," removeFirstPrepend="true">quarter= #{quarter}</isNotEmpty>
			<isNotEmpty property="week" prepend="," removeFirstPrepend="true">week= #{week}</isNotEmpty>
			<isNotEmpty property="dayName" prepend="," removeFirstPrepend="true">day_name= #{dayName}</isNotEmpty>
			<isNotEmpty property="monthName" prepend="," removeFirstPrepend="true">month_name= #{monthName}</isNotEmpty>
			<isNotEmpty property="holidayFlag" prepend="," removeFirstPrepend="true">holiday_flag= #{holidayFlag}</isNotEmpty>
			<isNotEmpty property="weekendFlag" prepend="," removeFirstPrepend="true">weekend_flag= #{weekendFlag}</isNotEmpty>
			<isNotEmpty property="eventDay" prepend="," removeFirstPrepend="true">event_day= #{eventDay}</isNotEmpty>
		</trim>
		WHEN NOT MATCHED THEN
			INSERT (
  id
				, db_date, year, month, day
				, quarter, week, day_name, month_name
				, holiday_flag, weekend_flag, event_day		) values (
	  #{id}
				, #{dbDate}, #{year}, #{month}, #{day}
				, #{quarter}, #{week}, #{dayName}, #{monthName}
				, #{holidayFlag}, #{weekendFlag}, #{eventDay}		)
    </update>

</sqlMap>
