		SELECT 
			 DATA_LNK_SEQ
			,BIZ_DETL_PLAN_SEQ
			,UNT_CD
			,BIZ_PLAN_SEQ
			,HST_SEQ
			,TYPE
			,SRC_SEQ
			,TRGT_SEQ
		FROM TB_DATA_LNK_INFO T1
		<include refid="where-List"/>





<?xml version="1.0" encoding="UTF-8"?>
<!DOCTYPE sqlMap PUBLIC "-//iBATIS.com//DTD SQL Map 2.0//EN" "http://ibatis.apache.org/dtd/sql-map-2.dtd">
<sqlMap namespace="SQL">
    <typeAlias alias="" type="kr.co.crewmate.site.model.#biz#."/>

	<sql id="where-List">
		<trim prefix="WHERE" prefixOverrides="AND">
			<if test="dataLnkSeq != null and dataLnkSeq != 0">
				AND DATA_LNK_SEQ = #{dataLnkSeq}
			</if>
			<if test="bizDetlPlanSeq != null and bizDetlPlanSeq != 0">
				AND BIZ_DETL_PLAN_SEQ = #{bizDetlPlanSeq}
			</if>
			<if test="untCd != null and untCd != ''">
				AND UNT_CD = #{untCd}
			</if>
			<if test="bizPlanSeq != null and bizPlanSeq != 0">
				AND BIZ_PLAN_SEQ = #{bizPlanSeq}
			</if>
			<if test="hstSeq != null and hstSeq != 0">
				AND HST_SEQ = #{hstSeq}
			</if>
			<if test="type != null and type != ''">
				AND TYPE = #{type}
			</if>
			<if test="srcSeq != null and srcSeq != 0">
				AND SRC_SEQ = #{srcSeq}
			</if>
			<if test="trgtSeq != null and trgtSeq != 0">
				AND TRGT_SEQ = #{trgtSeq}
			</if>
			<if test="updSabun != null and updSabun != ''">
				AND UPD_SABUN = #{updSabun}
			</if>
			<if test="updDtm != null and updDtm != ''">
				AND UPD_DTM = #{updDtm}
			</if>
			<if test="regSabun != null and regSabun != ''">
				AND REG_SABUN = #{regSabun}
			</if>
			<if test="regDtm != null and regDtm != ''">
				AND REG_DTM = #{regDtm}
			</if>
			<if test="delYn != null and delYn != ''">
				AND DEL_YN = #{delYn}
			</if>
		</trim>

	</sql>

    <select id="getList" parameterClass="osEventDetail" resultClass="">
		SELECT 
			 DATA_LNK_SEQ
			,BIZ_DETL_PLAN_SEQ
			,UNT_CD
			,BIZ_PLAN_SEQ
			,HST_SEQ
			,TYPE
			,SRC_SEQ
			,TRGT_SEQ
		FROM TB_DATA_LNK_INFO T1
		<include refid="where-List"/>
    </select>

    <select id="getListCount" parameterClass="" resultClass="int">
		SELECT 
COUNT(*) FROM TB_DATA_LNK_INFO T1
		<include refid="where-List"/>
    </select>

    <insert id="insert" parameterClass="">
	INSERT INTO TB_DATA_LNK_INFO (
  DATA_LNK_SEQ
		, BIZ_DETL_PLAN_SEQ, UNT_CD, BIZ_PLAN_SEQ, HST_SEQ
		, TYPE, SRC_SEQ, TRGT_SEQ, UPD_SABUN
		, UPD_DTM, REG_SABUN, REG_DTM, DEL_YN
				) 
  #{dataLnkSeq}
		, #{bizDetlPlanSeq}, #{untCd}, #{bizPlanSeq}, #{hstSeq}
		, #{type}, #{srcSeq}, #{trgtSeq}, #{updSabun}
		, #{updDtm}, #{regSabun}, #{regDtm}, #{delYn}
			)
    </insert>

    <update id="update" parameterClass="">
		UPDATE TB_DATA_LNK_INFO
		 SET 
			<if test="dataLnkSeq != null"> DATA_LNK_SEQ= #{dataLnkSeq},</if>
			<if test="bizDetlPlanSeq != null"> BIZ_DETL_PLAN_SEQ= #{bizDetlPlanSeq},</if>
			<if test="untCd != null"> UNT_CD= #{untCd},</if>
			<if test="bizPlanSeq != null"> BIZ_PLAN_SEQ= #{bizPlanSeq},</if>
			<if test="hstSeq != null"> HST_SEQ= #{hstSeq},</if>
			<if test="type != null"> TYPE= #{type},</if>
			<if test="srcSeq != null"> SRC_SEQ= #{srcSeq},</if>
			<if test="trgtSeq != null"> TRGT_SEQ= #{trgtSeq},</if>
			<if test="updSabun != null"> UPD_SABUN= #{updSabun},</if>
			<if test="updDtm != null"> UPD_DTM= #{updDtm},</if>
			<if test="regSabun != null"> REG_SABUN= #{regSabun},</if>
			<if test="regDtm != null"> REG_DTM= #{regDtm},</if>
			<if test="delYn != null"> DEL_YN= #{delYn},</if>

		WHERE 1=1 AND DATA_LNK_SEQ = #{dataLnkSeq}AND BIZ_DETL_PLAN_SEQ = #{bizDetlPlanSeq}AND UNT_CD = #{untCd}AND BIZ_PLAN_SEQ = #{bizPlanSeq}AND HST_SEQ = #{hstSeq}
    </update>

    <update id="merge" parameterClass="">
		MERGE INTO TB_DATA_LNK_INFO
		USING DUAL
			ON (DATA_LNK_SEQ = #{dataLnkSeq}AND BIZ_DETL_PLAN_SEQ = #{bizDetlPlanSeq}AND UNT_CD = #{untCd}AND BIZ_PLAN_SEQ = #{bizPlanSeq}AND HST_SEQ = #{hstSeq})
		WHEN MATCHED THEN
			UPDATE
		<trim prefix="WHERE" prefixOverrides="AND">
			<isNotEmpty property="type" prepend="," removeFirstPrepend="true">TYPE= #{type}</isNotEmpty>
			<isNotEmpty property="srcSeq" prepend="," removeFirstPrepend="true">SRC_SEQ= #{srcSeq}</isNotEmpty>
			<isNotEmpty property="trgtSeq" prepend="," removeFirstPrepend="true">TRGT_SEQ= #{trgtSeq}</isNotEmpty>
			<isNotEmpty property="updSabun" prepend="," removeFirstPrepend="true">UPD_SABUN= #{updSabun}</isNotEmpty>
			<isNotEmpty property="updDtm" prepend="," removeFirstPrepend="true">UPD_DTM= #{updDtm}</isNotEmpty>
			<isNotEmpty property="regSabun" prepend="," removeFirstPrepend="true">REG_SABUN= #{regSabun}</isNotEmpty>
			<isNotEmpty property="regDtm" prepend="," removeFirstPrepend="true">REG_DTM= #{regDtm}</isNotEmpty>
			<isNotEmpty property="delYn" prepend="," removeFirstPrepend="true">DEL_YN= #{delYn}</isNotEmpty>
		</trim>
		WHEN NOT MATCHED THEN
			INSERT (
  DATA_LNK_SEQ
				, BIZ_DETL_PLAN_SEQ, UNT_CD, BIZ_PLAN_SEQ, HST_SEQ
				, TYPE, SRC_SEQ, TRGT_SEQ, UPD_SABUN
				, UPD_DTM, REG_SABUN, REG_DTM, DEL_YN
						) values (
	  #{dataLnkSeq}
				, #{bizDetlPlanSeq}, #{untCd}, #{bizPlanSeq}, #{hstSeq}
				, #{type}, #{srcSeq}, #{trgtSeq}, #{updSabun}
				, #{updDtm}, #{regSabun}, #{regDtm}, #{delYn}
						)
    </update>

</sqlMap>
