		SELECT 
			 JNT_SCHED_PRTP_SEQ
			,JNT_SCHED_SEQ
			,BIZ_DETL_PLAN_SEQ
			,UNT_CD
			,BIZ_PLAN_SEQ
			,HST_SEQ
			,COM_SCHED_ID
			,BIZ_ACT_SEQ
			,SABUN
			,NAME
			,START_DT
			,START_TM
			,END_DT
			,END_TM
			,INDV_TM_YN
			,ATTR
		FROM TB_JNT_SCHED_PRTP T1
		<include refid="where-List"/>





<?xml version="1.0" encoding="UTF-8"?>
<!DOCTYPE sqlMap PUBLIC "-//iBATIS.com//DTD SQL Map 2.0//EN" "http://ibatis.apache.org/dtd/sql-map-2.dtd">
<sqlMap namespace="SQL">
    <typeAlias alias="" type="kr.co.crewmate.site.model.#biz#."/>

	<sql id="where-List">
		<trim prefix="WHERE" prefixOverrides="AND">
			<if test="jntSchedPrtpSeq != null and jntSchedPrtpSeq != 0">
				AND JNT_SCHED_PRTP_SEQ = #{jntSchedPrtpSeq}
			</if>
			<if test="jntSchedSeq != null and jntSchedSeq != 0">
				AND JNT_SCHED_SEQ = #{jntSchedSeq}
			</if>
			<if test="bizDetlPlanSeq != null and bizDetlPlanSeq != 0">
				AND BIZ_DETL_PLAN_SEQ = #{bizDetlPlanSeq}
			</if>
			<if test="untCd != null and untCd != ''">
				AND UNT_CD = #{untCd}
			</if>
			<if test="bizPlanSeq != null and bizPlanSeq != 0">
				AND BIZ_PLAN_SEQ = #{bizPlanSeq}
			</if>
			<if test="hstSeq != null and hstSeq != 0">
				AND HST_SEQ = #{hstSeq}
			</if>
			<if test="comSchedId != null and comSchedId != ''">
				AND COM_SCHED_ID = #{comSchedId}
			</if>
			<if test="bizActSeq != null and bizActSeq != 0">
				AND BIZ_ACT_SEQ = #{bizActSeq}
			</if>
			<if test="sabun != null and sabun != ''">
				AND SABUN = #{sabun}
			</if>
			<if test="name != null and name != ''">
				AND NAME = #{name}
			</if>
			<if test="startDt != null and startDt != ''">
				AND START_DT = #{startDt}
			</if>
			<if test="startTm != null and startTm != ''">
				AND START_TM = #{startTm}
			</if>
			<if test="endDt != null and endDt != ''">
				AND END_DT = #{endDt}
			</if>
			<if test="endTm != null and endTm != ''">
				AND END_TM = #{endTm}
			</if>
			<if test="indvTmYn != null and indvTmYn != ''">
				AND INDV_TM_YN = #{indvTmYn}
			</if>
			<if test="attr != null and attr != ''">
				AND ATTR = #{attr}
			</if>
			<if test="updSabun != null and updSabun != ''">
				AND UPD_SABUN = #{updSabun}
			</if>
			<if test="updDtm != null and updDtm != ''">
				AND UPD_DTM = #{updDtm}
			</if>
			<if test="regSabun != null and regSabun != ''">
				AND REG_SABUN = #{regSabun}
			</if>
			<if test="regDtm != null and regDtm != ''">
				AND REG_DTM = #{regDtm}
			</if>
			<if test="delYn != null and delYn != ''">
				AND DEL_YN = #{delYn}
			</if>
		</trim>

	</sql>

    <select id="getList" parameterClass="osEventDetail" resultClass="">
		SELECT 
			 JNT_SCHED_PRTP_SEQ
			,JNT_SCHED_SEQ
			,BIZ_DETL_PLAN_SEQ
			,UNT_CD
			,BIZ_PLAN_SEQ
			,HST_SEQ
			,COM_SCHED_ID
			,BIZ_ACT_SEQ
			,SABUN
			,NAME
			,START_DT
			,START_TM
			,END_DT
			,END_TM
			,INDV_TM_YN
			,ATTR
		FROM TB_JNT_SCHED_PRTP T1
		<include refid="where-List"/>
    </select>

    <select id="getListCount" parameterClass="" resultClass="int">
		SELECT 
COUNT(*) FROM TB_JNT_SCHED_PRTP T1
		<include refid="where-List"/>
    </select>

    <insert id="insert" parameterClass="">
	INSERT INTO TB_JNT_SCHED_PRTP (
  JNT_SCHED_PRTP_SEQ
		, JNT_SCHED_SEQ, BIZ_DETL_PLAN_SEQ, UNT_CD, BIZ_PLAN_SEQ
		, HST_SEQ, COM_SCHED_ID, BIZ_ACT_SEQ, SABUN
		, NAME, START_DT, START_TM, END_DT
		, END_TM, INDV_TM_YN, ATTR, UPD_SABUN
		, UPD_DTM, REG_SABUN, REG_DTM, DEL_YN
				) 
  #{jntSchedPrtpSeq}
		, #{jntSchedSeq}, #{bizDetlPlanSeq}, #{untCd}, #{bizPlanSeq}
		, #{hstSeq}, #{comSchedId}, #{bizActSeq}, #{sabun}
		, #{name}, #{startDt}, #{startTm}, #{endDt}
		, #{endTm}, #{indvTmYn}, #{attr}, #{updSabun}
		, #{updDtm}, #{regSabun}, #{regDtm}, #{delYn}
			)
    </insert>

    <update id="update" parameterClass="">
		UPDATE TB_JNT_SCHED_PRTP
		 SET 
			<if test="jntSchedPrtpSeq != null"> JNT_SCHED_PRTP_SEQ= #{jntSchedPrtpSeq},</if>
			<if test="jntSchedSeq != null"> JNT_SCHED_SEQ= #{jntSchedSeq},</if>
			<if test="bizDetlPlanSeq != null"> BIZ_DETL_PLAN_SEQ= #{bizDetlPlanSeq},</if>
			<if test="untCd != null"> UNT_CD= #{untCd},</if>
			<if test="bizPlanSeq != null"> BIZ_PLAN_SEQ= #{bizPlanSeq},</if>
			<if test="hstSeq != null"> HST_SEQ= #{hstSeq},</if>
			<if test="comSchedId != null"> COM_SCHED_ID= #{comSchedId},</if>
			<if test="bizActSeq != null"> BIZ_ACT_SEQ= #{bizActSeq},</if>
			<if test="sabun != null"> SABUN= #{sabun},</if>
			<if test="name != null"> NAME= #{name},</if>
			<if test="startDt != null"> START_DT= #{startDt},</if>
			<if test="startTm != null"> START_TM= #{startTm},</if>
			<if test="endDt != null"> END_DT= #{endDt},</if>
			<if test="endTm != null"> END_TM= #{endTm},</if>
			<if test="indvTmYn != null"> INDV_TM_YN= #{indvTmYn},</if>
			<if test="attr != null"> ATTR= #{attr},</if>
			<if test="updSabun != null"> UPD_SABUN= #{updSabun},</if>
			<if test="updDtm != null"> UPD_DTM= #{updDtm},</if>
			<if test="regSabun != null"> REG_SABUN= #{regSabun},</if>
			<if test="regDtm != null"> REG_DTM= #{regDtm},</if>
			<if test="delYn != null"> DEL_YN= #{delYn},</if>

		WHERE 1=1 
    </update>

    <update id="merge" parameterClass="">
		MERGE INTO TB_JNT_SCHED_PRTP
		USING DUAL
			ON ()
		WHEN MATCHED THEN
			UPDATE
		<trim prefix="WHERE" prefixOverrides="AND">
			<isNotEmpty property="jntSchedPrtpSeq" prepend="," removeFirstPrepend="true">JNT_SCHED_PRTP_SEQ= #{jntSchedPrtpSeq}</isNotEmpty>
			<isNotEmpty property="jntSchedSeq" prepend="," removeFirstPrepend="true">JNT_SCHED_SEQ= #{jntSchedSeq}</isNotEmpty>
			<isNotEmpty property="bizDetlPlanSeq" prepend="," removeFirstPrepend="true">BIZ_DETL_PLAN_SEQ= #{bizDetlPlanSeq}</isNotEmpty>
			<isNotEmpty property="untCd" prepend="," removeFirstPrepend="true">UNT_CD= #{untCd}</isNotEmpty>
			<isNotEmpty property="bizPlanSeq" prepend="," removeFirstPrepend="true">BIZ_PLAN_SEQ= #{bizPlanSeq}</isNotEmpty>
			<isNotEmpty property="hstSeq" prepend="," removeFirstPrepend="true">HST_SEQ= #{hstSeq}</isNotEmpty>
			<isNotEmpty property="comSchedId" prepend="," removeFirstPrepend="true">COM_SCHED_ID= #{comSchedId}</isNotEmpty>
			<isNotEmpty property="bizActSeq" prepend="," removeFirstPrepend="true">BIZ_ACT_SEQ= #{bizActSeq}</isNotEmpty>
			<isNotEmpty property="sabun" prepend="," removeFirstPrepend="true">SABUN= #{sabun}</isNotEmpty>
			<isNotEmpty property="name" prepend="," removeFirstPrepend="true">NAME= #{name}</isNotEmpty>
			<isNotEmpty property="startDt" prepend="," removeFirstPrepend="true">START_DT= #{startDt}</isNotEmpty>
			<isNotEmpty property="startTm" prepend="," removeFirstPrepend="true">START_TM= #{startTm}</isNotEmpty>
			<isNotEmpty property="endDt" prepend="," removeFirstPrepend="true">END_DT= #{endDt}</isNotEmpty>
			<isNotEmpty property="endTm" prepend="," removeFirstPrepend="true">END_TM= #{endTm}</isNotEmpty>
			<isNotEmpty property="indvTmYn" prepend="," removeFirstPrepend="true">INDV_TM_YN= #{indvTmYn}</isNotEmpty>
			<isNotEmpty property="attr" prepend="," removeFirstPrepend="true">ATTR= #{attr}</isNotEmpty>
			<isNotEmpty property="updSabun" prepend="," removeFirstPrepend="true">UPD_SABUN= #{updSabun}</isNotEmpty>
			<isNotEmpty property="updDtm" prepend="," removeFirstPrepend="true">UPD_DTM= #{updDtm}</isNotEmpty>
			<isNotEmpty property="regSabun" prepend="," removeFirstPrepend="true">REG_SABUN= #{regSabun}</isNotEmpty>
			<isNotEmpty property="regDtm" prepend="," removeFirstPrepend="true">REG_DTM= #{regDtm}</isNotEmpty>
			<isNotEmpty property="delYn" prepend="," removeFirstPrepend="true">DEL_YN= #{delYn}</isNotEmpty>
		</trim>
		WHEN NOT MATCHED THEN
			INSERT (
  JNT_SCHED_PRTP_SEQ
				, JNT_SCHED_SEQ, BIZ_DETL_PLAN_SEQ, UNT_CD, BIZ_PLAN_SEQ
				, HST_SEQ, COM_SCHED_ID, BIZ_ACT_SEQ, SABUN
				, NAME, START_DT, START_TM, END_DT
				, END_TM, INDV_TM_YN, ATTR, UPD_SABUN
				, UPD_DTM, REG_SABUN, REG_DTM, DEL_YN
						) values (
	  #{jntSchedPrtpSeq}
				, #{jntSchedSeq}, #{bizDetlPlanSeq}, #{untCd}, #{bizPlanSeq}
				, #{hstSeq}, #{comSchedId}, #{bizActSeq}, #{sabun}
				, #{name}, #{startDt}, #{startTm}, #{endDt}
				, #{endTm}, #{indvTmYn}, #{attr}, #{updSabun}
				, #{updDtm}, #{regSabun}, #{regDtm}, #{delYn}
						)
    </update>

</sqlMap>
