		SELECT 
			 MGR_SEQ
			,ENTER_CD
			,ORG_CD
			,SABUN
			,SDATE
			,EDATE
			,NAME
			,JIKGUB_CD
			,JIKWEE_CD
			,JOB_CD
			,JIKCHAK_CD
			,CHKDATE
			,CHKID
			,ORD_YMD
			,APPLY_SEQ
			,UD_GUBUN
		FROM TB_MGR_INFO T1
		<include refid="where-List"/>





<?xml version="1.0" encoding="UTF-8"?>
<!DOCTYPE sqlMap PUBLIC "-//iBATIS.com//DTD SQL Map 2.0//EN" "http://ibatis.apache.org/dtd/sql-map-2.dtd">
<sqlMap namespace="SQL">
    <typeAlias alias="" type="kr.co.crewmate.site.model.#biz#."/>

	<sql id="where-List">
		<trim prefix="WHERE" prefixOverrides="AND">
			<if test="mgrSeq != null and mgrSeq != 0">
				AND MGR_SEQ = #{mgrSeq}
			</if>
			<if test="enterCd != null and enterCd != ''">
				AND ENTER_CD = #{enterCd}
			</if>
			<if test="orgCd != null and orgCd != ''">
				AND ORG_CD = #{orgCd}
			</if>
			<if test="sabun != null and sabun != ''">
				AND SABUN = #{sabun}
			</if>
			<if test="sdate != null and sdate != ''">
				AND SDATE = #{sdate}
			</if>
			<if test="edate != null and edate != ''">
				AND EDATE = #{edate}
			</if>
			<if test="name != null and name != ''">
				AND NAME = #{name}
			</if>
			<if test="jikgubCd != null and jikgubCd != ''">
				AND JIKGUB_CD = #{jikgubCd}
			</if>
			<if test="jikweeCd != null and jikweeCd != ''">
				AND JIKWEE_CD = #{jikweeCd}
			</if>
			<if test="jobCd != null and jobCd != ''">
				AND JOB_CD = #{jobCd}
			</if>
			<if test="jikchakCd != null and jikchakCd != ''">
				AND JIKCHAK_CD = #{jikchakCd}
			</if>
			<if test="chkdate != null and chkdate != ''">
				AND CHKDATE = #{chkdate}
			</if>
			<if test="chkid != null and chkid != ''">
				AND CHKID = #{chkid}
			</if>
			<if test="ordYmd != null and ordYmd != ''">
				AND ORD_YMD = #{ordYmd}
			</if>
			<if test="applySeq != null and applySeq != 0">
				AND APPLY_SEQ = #{applySeq}
			</if>
			<if test="udGubun != null and udGubun != ''">
				AND UD_GUBUN = #{udGubun}
			</if>
			<if test="updSabun != null and updSabun != ''">
				AND UPD_SABUN = #{updSabun}
			</if>
			<if test="updDtm != null and updDtm != ''">
				AND UPD_DTM = #{updDtm}
			</if>
			<if test="regSabun != null and regSabun != ''">
				AND REG_SABUN = #{regSabun}
			</if>
			<if test="regDtm != null and regDtm != ''">
				AND REG_DTM = #{regDtm}
			</if>
			<if test="delYn != null and delYn != ''">
				AND DEL_YN = #{delYn}
			</if>
		</trim>

	</sql>

    <select id="getList" parameterClass="osEventDetail" resultClass="">
		SELECT 
			 MGR_SEQ
			,ENTER_CD
			,ORG_CD
			,SABUN
			,SDATE
			,EDATE
			,NAME
			,JIKGUB_CD
			,JIKWEE_CD
			,JOB_CD
			,JIKCHAK_CD
			,CHKDATE
			,CHKID
			,ORD_YMD
			,APPLY_SEQ
			,UD_GUBUN
		FROM TB_MGR_INFO T1
		<include refid="where-List"/>
    </select>

    <select id="getListCount" parameterClass="" resultClass="int">
		SELECT 
COUNT(*) FROM TB_MGR_INFO T1
		<include refid="where-List"/>
    </select>

    <insert id="insert" parameterClass="">
	INSERT INTO TB_MGR_INFO (
  MGR_SEQ
		, ENTER_CD, ORG_CD, SABUN, SDATE
		, EDATE, NAME, JIKGUB_CD, JIKWEE_CD
		, JOB_CD, JIKCHAK_CD, CHKDATE, CHKID
		, ORD_YMD, APPLY_SEQ, UD_GUBUN, UPD_SABUN
		, UPD_DTM, REG_SABUN, REG_DTM, DEL_YN
				) 
  #{mgrSeq}
		, #{enterCd}, #{orgCd}, #{sabun}, #{sdate}
		, #{edate}, #{name}, #{jikgubCd}, #{jikweeCd}
		, #{jobCd}, #{jikchakCd}, #{chkdate}, #{chkid}
		, #{ordYmd}, #{applySeq}, #{udGubun}, #{updSabun}
		, #{updDtm}, #{regSabun}, #{regDtm}, #{delYn}
			)
    </insert>

    <update id="update" parameterClass="">
		UPDATE TB_MGR_INFO
		 SET 
			<if test="mgrSeq != null"> MGR_SEQ= #{mgrSeq},</if>
			<if test="enterCd != null"> ENTER_CD= #{enterCd},</if>
			<if test="orgCd != null"> ORG_CD= #{orgCd},</if>
			<if test="sabun != null"> SABUN= #{sabun},</if>
			<if test="sdate != null"> SDATE= #{sdate},</if>
			<if test="edate != null"> EDATE= #{edate},</if>
			<if test="name != null"> NAME= #{name},</if>
			<if test="jikgubCd != null"> JIKGUB_CD= #{jikgubCd},</if>
			<if test="jikweeCd != null"> JIKWEE_CD= #{jikweeCd},</if>
			<if test="jobCd != null"> JOB_CD= #{jobCd},</if>
			<if test="jikchakCd != null"> JIKCHAK_CD= #{jikchakCd},</if>
			<if test="chkdate != null"> CHKDATE= #{chkdate},</if>
			<if test="chkid != null"> CHKID= #{chkid},</if>
			<if test="ordYmd != null"> ORD_YMD= #{ordYmd},</if>
			<if test="applySeq != null"> APPLY_SEQ= #{applySeq},</if>
			<if test="udGubun != null"> UD_GUBUN= #{udGubun},</if>
			<if test="updSabun != null"> UPD_SABUN= #{updSabun},</if>
			<if test="updDtm != null"> UPD_DTM= #{updDtm},</if>
			<if test="regSabun != null"> REG_SABUN= #{regSabun},</if>
			<if test="regDtm != null"> REG_DTM= #{regDtm},</if>
			<if test="delYn != null"> DEL_YN= #{delYn},</if>

		WHERE 1=1 AND MGR_SEQ = #{mgrSeq}
    </update>

    <update id="merge" parameterClass="">
		MERGE INTO TB_MGR_INFO
		USING DUAL
			ON (MGR_SEQ = #{mgrSeq})
		WHEN MATCHED THEN
			UPDATE
		<trim prefix="WHERE" prefixOverrides="AND">
			<isNotEmpty property="enterCd" prepend="," removeFirstPrepend="true">ENTER_CD= #{enterCd}</isNotEmpty>
			<isNotEmpty property="orgCd" prepend="," removeFirstPrepend="true">ORG_CD= #{orgCd}</isNotEmpty>
			<isNotEmpty property="sabun" prepend="," removeFirstPrepend="true">SABUN= #{sabun}</isNotEmpty>
			<isNotEmpty property="sdate" prepend="," removeFirstPrepend="true">SDATE= #{sdate}</isNotEmpty>
			<isNotEmpty property="edate" prepend="," removeFirstPrepend="true">EDATE= #{edate}</isNotEmpty>
			<isNotEmpty property="name" prepend="," removeFirstPrepend="true">NAME= #{name}</isNotEmpty>
			<isNotEmpty property="jikgubCd" prepend="," removeFirstPrepend="true">JIKGUB_CD= #{jikgubCd}</isNotEmpty>
			<isNotEmpty property="jikweeCd" prepend="," removeFirstPrepend="true">JIKWEE_CD= #{jikweeCd}</isNotEmpty>
			<isNotEmpty property="jobCd" prepend="," removeFirstPrepend="true">JOB_CD= #{jobCd}</isNotEmpty>
			<isNotEmpty property="jikchakCd" prepend="," removeFirstPrepend="true">JIKCHAK_CD= #{jikchakCd}</isNotEmpty>
			<isNotEmpty property="chkdate" prepend="," removeFirstPrepend="true">CHKDATE= #{chkdate}</isNotEmpty>
			<isNotEmpty property="chkid" prepend="," removeFirstPrepend="true">CHKID= #{chkid}</isNotEmpty>
			<isNotEmpty property="ordYmd" prepend="," removeFirstPrepend="true">ORD_YMD= #{ordYmd}</isNotEmpty>
			<isNotEmpty property="applySeq" prepend="," removeFirstPrepend="true">APPLY_SEQ= #{applySeq}</isNotEmpty>
			<isNotEmpty property="udGubun" prepend="," removeFirstPrepend="true">UD_GUBUN= #{udGubun}</isNotEmpty>
			<isNotEmpty property="updSabun" prepend="," removeFirstPrepend="true">UPD_SABUN= #{updSabun}</isNotEmpty>
			<isNotEmpty property="updDtm" prepend="," removeFirstPrepend="true">UPD_DTM= #{updDtm}</isNotEmpty>
			<isNotEmpty property="regSabun" prepend="," removeFirstPrepend="true">REG_SABUN= #{regSabun}</isNotEmpty>
			<isNotEmpty property="regDtm" prepend="," removeFirstPrepend="true">REG_DTM= #{regDtm}</isNotEmpty>
			<isNotEmpty property="delYn" prepend="," removeFirstPrepend="true">DEL_YN= #{delYn}</isNotEmpty>
		</trim>
		WHEN NOT MATCHED THEN
			INSERT (
  MGR_SEQ
				, ENTER_CD, ORG_CD, SABUN, SDATE
				, EDATE, NAME, JIKGUB_CD, JIKWEE_CD
				, JOB_CD, JIKCHAK_CD, CHKDATE, CHKID
				, ORD_YMD, APPLY_SEQ, UD_GUBUN, UPD_SABUN
				, UPD_DTM, REG_SABUN, REG_DTM, DEL_YN
						) values (
	  #{mgrSeq}
				, #{enterCd}, #{orgCd}, #{sabun}, #{sdate}
				, #{edate}, #{name}, #{jikgubCd}, #{jikweeCd}
				, #{jobCd}, #{jikchakCd}, #{chkdate}, #{chkid}
				, #{ordYmd}, #{applySeq}, #{udGubun}, #{updSabun}
				, #{updDtm}, #{regSabun}, #{regDtm}, #{delYn}
						)
    </update>

</sqlMap>
