		SELECT 
			 NOTI_INFO_SEQ
			,TYPE
			,TITLE
			,CONTENT
			,LNK_CONTENT
			,LNK_FIRST
			,LNK_SECOND
			,LNK_THIRD
			,RECV_SABUN
			,RECV_NAME
			,SND_NAME
			,CHK_YN
			,CHK_DTM
		FROM TB_NOTI_INFO T1
		<include refid="where-List"/>





<?xml version="1.0" encoding="UTF-8"?>
<!DOCTYPE sqlMap PUBLIC "-//iBATIS.com//DTD SQL Map 2.0//EN" "http://ibatis.apache.org/dtd/sql-map-2.dtd">
<sqlMap namespace="SQL">
    <typeAlias alias="" type="kr.co.crewmate.site.model.#biz#."/>

	<sql id="where-List">
		<trim prefix="WHERE" prefixOverrides="AND">
			<if test="notiinfoseq != null and notiinfoseq != 0">
				AND NOTI_INFO_SEQ = #{notiinfoseq}
			</if>
			<if test="type != null and type != ''">
				AND TYPE = #{type}
			</if>
			<if test="title != null and title != ''">
				AND TITLE = #{title}
			</if>
			<if test="content != null and content != ''">
				AND CONTENT = #{content}
			</if>
			<if test="lnkcontent != null and lnkcontent != ''">
				AND LNK_CONTENT = #{lnkcontent}
			</if>
			<if test="lnkfirst != null and lnkfirst != ''">
				AND LNK_FIRST = #{lnkfirst}
			</if>
			<if test="lnksecond != null and lnksecond != ''">
				AND LNK_SECOND = #{lnksecond}
			</if>
			<if test="lnkthird != null and lnkthird != ''">
				AND LNK_THIRD = #{lnkthird}
			</if>
			<if test="recvsabun != null and recvsabun != ''">
				AND RECV_SABUN = #{recvsabun}
			</if>
			<if test="recvname != null and recvname != ''">
				AND RECV_NAME = #{recvname}
			</if>
			<if test="sndname != null and sndname != ''">
				AND SND_NAME = #{sndname}
			</if>
			<if test="chkyn != null and chkyn != ''">
				AND CHK_YN = #{chkyn}
			</if>
			<if test="chkdtm != null and chkdtm != ''">
				AND CHK_DTM = #{chkdtm}
			</if>
			<if test="updsabun != null and updsabun != ''">
				AND UPD_SABUN = #{updsabun}
			</if>
			<if test="upddtm != null and upddtm != ''">
				AND UPD_DTM = #{upddtm}
			</if>
			<if test="regsabun != null and regsabun != ''">
				AND REG_SABUN = #{regsabun}
			</if>
			<if test="regdtm != null and regdtm != ''">
				AND REG_DTM = #{regdtm}
			</if>
			<if test="delyn != null and delyn != ''">
				AND DEL_YN = #{delyn}
			</if>
		</trim>

	</sql>

    <select id="getList" parameterClass="osEventDetail" resultClass="">
		SELECT 
			 NOTI_INFO_SEQ
			,TYPE
			,TITLE
			,CONTENT
			,LNK_CONTENT
			,LNK_FIRST
			,LNK_SECOND
			,LNK_THIRD
			,RECV_SABUN
			,RECV_NAME
			,SND_NAME
			,CHK_YN
			,CHK_DTM
		FROM TB_NOTI_INFO T1
		<include refid="where-List"/>
    </select>

    <select id="getListCount" parameterClass="" resultClass="int">
		SELECT 
COUNT(*) FROM TB_NOTI_INFO T1
		<include refid="where-List"/>
    </select>

    <insert id="insert" parameterClass="">
	INSERT INTO TB_NOTI_INFO (
  NOTI_INFO_SEQ
		, TYPE, TITLE, CONTENT, LNK_CONTENT
		, LNK_FIRST, LNK_SECOND, LNK_THIRD, RECV_SABUN
		, RECV_NAME, SND_NAME, CHK_YN, CHK_DTM
		, UPD_SABUN, UPD_DTM, REG_SABUN, REG_DTM
		, DEL_YN		) 
  #{notiinfoseq}
		, #{type}, #{title}, #{content}, #{lnkcontent}
		, #{lnkfirst}, #{lnksecond}, #{lnkthird}, #{recvsabun}
		, #{recvname}, #{sndname}, #{chkyn}, #{chkdtm}
		, #{updsabun}, #{upddtm}, #{regsabun}, #{regdtm}
		, #{delyn}	)
    </insert>

    <update id="update" parameterClass="">
		UPDATE TB_NOTI_INFO
		 SET 
			<if test="notiinfoseq != null"> NOTI_INFO_SEQ= #{notiinfoseq},</if>
			<if test="type != null"> TYPE= #{type},</if>
			<if test="title != null"> TITLE= #{title},</if>
			<if test="content != null"> CONTENT= #{content},</if>
			<if test="lnkcontent != null"> LNK_CONTENT= #{lnkcontent},</if>
			<if test="lnkfirst != null"> LNK_FIRST= #{lnkfirst},</if>
			<if test="lnksecond != null"> LNK_SECOND= #{lnksecond},</if>
			<if test="lnkthird != null"> LNK_THIRD= #{lnkthird},</if>
			<if test="recvsabun != null"> RECV_SABUN= #{recvsabun},</if>
			<if test="recvname != null"> RECV_NAME= #{recvname},</if>
			<if test="sndname != null"> SND_NAME= #{sndname},</if>
			<if test="chkyn != null"> CHK_YN= #{chkyn},</if>
			<if test="chkdtm != null"> CHK_DTM= #{chkdtm},</if>
			<if test="updsabun != null"> UPD_SABUN= #{updsabun},</if>
			<if test="upddtm != null"> UPD_DTM= #{upddtm},</if>
			<if test="regsabun != null"> REG_SABUN= #{regsabun},</if>
			<if test="regdtm != null"> REG_DTM= #{regdtm},</if>
			<if test="delyn != null"> DEL_YN= #{delyn},</if>

		WHERE 1=1 AND NOTI_INFO_SEQ = #{notiinfoseq}
    </update>

    <update id="merge" parameterClass="">
		MERGE INTO TB_NOTI_INFO
		USING DUAL
			ON (NOTI_INFO_SEQ = #{notiinfoseq})
		WHEN MATCHED THEN
			UPDATE
		<trim prefix="WHERE" prefixOverrides="AND">
			<isNotEmpty property="type" prepend="," removeFirstPrepend="true">TYPE= #{type}</isNotEmpty>
			<isNotEmpty property="title" prepend="," removeFirstPrepend="true">TITLE= #{title}</isNotEmpty>
			<isNotEmpty property="content" prepend="," removeFirstPrepend="true">CONTENT= #{content}</isNotEmpty>
			<isNotEmpty property="lnkcontent" prepend="," removeFirstPrepend="true">LNK_CONTENT= #{lnkcontent}</isNotEmpty>
			<isNotEmpty property="lnkfirst" prepend="," removeFirstPrepend="true">LNK_FIRST= #{lnkfirst}</isNotEmpty>
			<isNotEmpty property="lnksecond" prepend="," removeFirstPrepend="true">LNK_SECOND= #{lnksecond}</isNotEmpty>
			<isNotEmpty property="lnkthird" prepend="," removeFirstPrepend="true">LNK_THIRD= #{lnkthird}</isNotEmpty>
			<isNotEmpty property="recvsabun" prepend="," removeFirstPrepend="true">RECV_SABUN= #{recvsabun}</isNotEmpty>
			<isNotEmpty property="recvname" prepend="," removeFirstPrepend="true">RECV_NAME= #{recvname}</isNotEmpty>
			<isNotEmpty property="sndname" prepend="," removeFirstPrepend="true">SND_NAME= #{sndname}</isNotEmpty>
			<isNotEmpty property="chkyn" prepend="," removeFirstPrepend="true">CHK_YN= #{chkyn}</isNotEmpty>
			<isNotEmpty property="chkdtm" prepend="," removeFirstPrepend="true">CHK_DTM= #{chkdtm}</isNotEmpty>
			<isNotEmpty property="updsabun" prepend="," removeFirstPrepend="true">UPD_SABUN= #{updsabun}</isNotEmpty>
			<isNotEmpty property="upddtm" prepend="," removeFirstPrepend="true">UPD_DTM= #{upddtm}</isNotEmpty>
			<isNotEmpty property="regsabun" prepend="," removeFirstPrepend="true">REG_SABUN= #{regsabun}</isNotEmpty>
			<isNotEmpty property="regdtm" prepend="," removeFirstPrepend="true">REG_DTM= #{regdtm}</isNotEmpty>
			<isNotEmpty property="delyn" prepend="," removeFirstPrepend="true">DEL_YN= #{delyn}</isNotEmpty>
		</trim>
		WHEN NOT MATCHED THEN
			INSERT (
  NOTI_INFO_SEQ
				, TYPE, TITLE, CONTENT, LNK_CONTENT
				, LNK_FIRST, LNK_SECOND, LNK_THIRD, RECV_SABUN
				, RECV_NAME, SND_NAME, CHK_YN, CHK_DTM
				, UPD_SABUN, UPD_DTM, REG_SABUN, REG_DTM
				, DEL_YN		) values (
	  #{notiinfoseq}
				, #{type}, #{title}, #{content}, #{lnkcontent}
				, #{lnkfirst}, #{lnksecond}, #{lnkthird}, #{recvsabun}
				, #{recvname}, #{sndname}, #{chkyn}, #{chkdtm}
				, #{updsabun}, #{upddtm}, #{regsabun}, #{regdtm}
				, #{delyn}		)
    </update>

</sqlMap>
