		SELECT 
			 ORG_SEQ
			,ENTER_CD
			,ORG_CD
			,ORG_NAME
			,ORG_CODE
			,ORG_UPPER_CD
			,SDATE
			,EDATE
			,BASE1_CD
			,SEQ
			,ORG_LEVEL
		FROM TB_ORG_INFO T1
		<include refid="where-List"/>





<?xml version="1.0" encoding="UTF-8"?>
<!DOCTYPE sqlMap PUBLIC "-//iBATIS.com//DTD SQL Map 2.0//EN" "http://ibatis.apache.org/dtd/sql-map-2.dtd">
<sqlMap namespace="SQL">
    <typeAlias alias="" type="kr.co.crewmate.site.model.#biz#."/>

	<sql id="where-List">
		<trim prefix="WHERE" prefixOverrides="AND">
			<if test="orgSeq != null and orgSeq != 0">
				AND ORG_SEQ = #{orgSeq}
			</if>
			<if test="enterCd != null and enterCd != ''">
				AND ENTER_CD = #{enterCd}
			</if>
			<if test="orgCd != null and orgCd != ''">
				AND ORG_CD = #{orgCd}
			</if>
			<if test="orgName != null and orgName != ''">
				AND ORG_NAME = #{orgName}
			</if>
			<if test="orgCode != null and orgCode != ''">
				AND ORG_CODE = #{orgCode}
			</if>
			<if test="orgUpperCd != null and orgUpperCd != ''">
				AND ORG_UPPER_CD = #{orgUpperCd}
			</if>
			<if test="sdate != null and sdate != ''">
				AND SDATE = #{sdate}
			</if>
			<if test="edate != null and edate != ''">
				AND EDATE = #{edate}
			</if>
			<if test="base1Cd != null and base1Cd != ''">
				AND BASE1_CD = #{base1Cd}
			</if>
			<if test="seq != null and seq != 0">
				AND SEQ = #{seq}
			</if>
			<if test="orgLevel != null and orgLevel != 0">
				AND ORG_LEVEL = #{orgLevel}
			</if>
			<if test="updSabun != null and updSabun != ''">
				AND UPD_SABUN = #{updSabun}
			</if>
			<if test="updDtm != null and updDtm != ''">
				AND UPD_DTM = #{updDtm}
			</if>
			<if test="regSabun != null and regSabun != ''">
				AND REG_SABUN = #{regSabun}
			</if>
			<if test="regDtm != null and regDtm != ''">
				AND REG_DTM = #{regDtm}
			</if>
			<if test="delYn != null and delYn != ''">
				AND DEL_YN = #{delYn}
			</if>
		</trim>

	</sql>

    <select id="getList" parameterClass="osEventDetail" resultClass="">
		SELECT 
			 ORG_SEQ
			,ENTER_CD
			,ORG_CD
			,ORG_NAME
			,ORG_CODE
			,ORG_UPPER_CD
			,SDATE
			,EDATE
			,BASE1_CD
			,SEQ
			,ORG_LEVEL
		FROM TB_ORG_INFO T1
		<include refid="where-List"/>
    </select>

    <select id="getListCount" parameterClass="" resultClass="int">
		SELECT 
COUNT(*) FROM TB_ORG_INFO T1
		<include refid="where-List"/>
    </select>

    <insert id="insert" parameterClass="">
	INSERT INTO TB_ORG_INFO (
  ORG_SEQ
		, ENTER_CD, ORG_CD, ORG_NAME, ORG_CODE
		, ORG_UPPER_CD, SDATE, EDATE, BASE1_CD
		, SEQ, ORG_LEVEL, UPD_SABUN, UPD_DTM
		, REG_SABUN, REG_DTM, DEL_YN		) 
  #{orgSeq}
		, #{enterCd}, #{orgCd}, #{orgName}, #{orgCode}
		, #{orgUpperCd}, #{sdate}, #{edate}, #{base1Cd}
		, #{seq}, #{orgLevel}, #{updSabun}, #{updDtm}
		, #{regSabun}, #{regDtm}, #{delYn}	)
    </insert>

    <update id="update" parameterClass="">
		UPDATE TB_ORG_INFO
		 SET 
			<if test="orgSeq != null"> ORG_SEQ= #{orgSeq},</if>
			<if test="enterCd != null"> ENTER_CD= #{enterCd},</if>
			<if test="orgCd != null"> ORG_CD= #{orgCd},</if>
			<if test="orgName != null"> ORG_NAME= #{orgName},</if>
			<if test="orgCode != null"> ORG_CODE= #{orgCode},</if>
			<if test="orgUpperCd != null"> ORG_UPPER_CD= #{orgUpperCd},</if>
			<if test="sdate != null"> SDATE= #{sdate},</if>
			<if test="edate != null"> EDATE= #{edate},</if>
			<if test="base1Cd != null"> BASE1_CD= #{base1Cd},</if>
			<if test="seq != null"> SEQ= #{seq},</if>
			<if test="orgLevel != null"> ORG_LEVEL= #{orgLevel},</if>
			<if test="updSabun != null"> UPD_SABUN= #{updSabun},</if>
			<if test="updDtm != null"> UPD_DTM= #{updDtm},</if>
			<if test="regSabun != null"> REG_SABUN= #{regSabun},</if>
			<if test="regDtm != null"> REG_DTM= #{regDtm},</if>
			<if test="delYn != null"> DEL_YN= #{delYn},</if>

		WHERE 1=1 AND ORG_SEQ = #{orgSeq}AND ENTER_CD = #{enterCd}AND ORG_CD = #{orgCd}
    </update>

    <update id="merge" parameterClass="">
		MERGE INTO TB_ORG_INFO
		USING DUAL
			ON (ORG_SEQ = #{orgSeq}AND ENTER_CD = #{enterCd}AND ORG_CD = #{orgCd})
		WHEN MATCHED THEN
			UPDATE
		<trim prefix="WHERE" prefixOverrides="AND">
			<isNotEmpty property="orgName" prepend="," removeFirstPrepend="true">ORG_NAME= #{orgName}</isNotEmpty>
			<isNotEmpty property="orgCode" prepend="," removeFirstPrepend="true">ORG_CODE= #{orgCode}</isNotEmpty>
			<isNotEmpty property="orgUpperCd" prepend="," removeFirstPrepend="true">ORG_UPPER_CD= #{orgUpperCd}</isNotEmpty>
			<isNotEmpty property="sdate" prepend="," removeFirstPrepend="true">SDATE= #{sdate}</isNotEmpty>
			<isNotEmpty property="edate" prepend="," removeFirstPrepend="true">EDATE= #{edate}</isNotEmpty>
			<isNotEmpty property="base1Cd" prepend="," removeFirstPrepend="true">BASE1_CD= #{base1Cd}</isNotEmpty>
			<isNotEmpty property="seq" prepend="," removeFirstPrepend="true">SEQ= #{seq}</isNotEmpty>
			<isNotEmpty property="orgLevel" prepend="," removeFirstPrepend="true">ORG_LEVEL= #{orgLevel}</isNotEmpty>
			<isNotEmpty property="updSabun" prepend="," removeFirstPrepend="true">UPD_SABUN= #{updSabun}</isNotEmpty>
			<isNotEmpty property="updDtm" prepend="," removeFirstPrepend="true">UPD_DTM= #{updDtm}</isNotEmpty>
			<isNotEmpty property="regSabun" prepend="," removeFirstPrepend="true">REG_SABUN= #{regSabun}</isNotEmpty>
			<isNotEmpty property="regDtm" prepend="," removeFirstPrepend="true">REG_DTM= #{regDtm}</isNotEmpty>
			<isNotEmpty property="delYn" prepend="," removeFirstPrepend="true">DEL_YN= #{delYn}</isNotEmpty>
		</trim>
		WHEN NOT MATCHED THEN
			INSERT (
  ORG_SEQ
				, ENTER_CD, ORG_CD, ORG_NAME, ORG_CODE
				, ORG_UPPER_CD, SDATE, EDATE, BASE1_CD
				, SEQ, ORG_LEVEL, UPD_SABUN, UPD_DTM
				, REG_SABUN, REG_DTM, DEL_YN		) values (
	  #{orgSeq}
				, #{enterCd}, #{orgCd}, #{orgName}, #{orgCode}
				, #{orgUpperCd}, #{sdate}, #{edate}, #{base1Cd}
				, #{seq}, #{orgLevel}, #{updSabun}, #{updDtm}
				, #{regSabun}, #{regDtm}, #{delYn}		)
    </update>

</sqlMap>
