		SELECT 
			 SYS_CMN_CD_SEQ
			,UNT_CD
			,CMN_CD_GRP
			,CMN_CD_TYP
			,CMN_CD
			,CMN_CD_DESC
		FROM TB_SYS_CMN_CD T1
		<include refid="where-List"/>





<?xml version="1.0" encoding="UTF-8"?>
<!DOCTYPE sqlMap PUBLIC "-//iBATIS.com//DTD SQL Map 2.0//EN" "http://ibatis.apache.org/dtd/sql-map-2.dtd">
<sqlMap namespace="SQL">
    <typeAlias alias="" type="kr.co.crewmate.site.model.#biz#."/>

	<sql id="where-List">
		<trim prefix="WHERE" prefixOverrides="AND">
			<if test="sysCmnCdSeq != null and sysCmnCdSeq != 0">
				AND SYS_CMN_CD_SEQ = #{sysCmnCdSeq}
			</if>
			<if test="untCd != null and untCd != ''">
				AND UNT_CD = #{untCd}
			</if>
			<if test="cmnCdGrp != null and cmnCdGrp != ''">
				AND CMN_CD_GRP = #{cmnCdGrp}
			</if>
			<if test="cmnCdTyp != null and cmnCdTyp != ''">
				AND CMN_CD_TYP = #{cmnCdTyp}
			</if>
			<if test="cmnCd != null and cmnCd != ''">
				AND CMN_CD = #{cmnCd}
			</if>
			<if test="cmnCdDesc != null and cmnCdDesc != ''">
				AND CMN_CD_DESC = #{cmnCdDesc}
			</if>
			<if test="updSabun != null and updSabun != ''">
				AND UPD_SABUN = #{updSabun}
			</if>
			<if test="updDtm != null and updDtm != ''">
				AND UPD_DTM = #{updDtm}
			</if>
			<if test="regSabun != null and regSabun != ''">
				AND REG_SABUN = #{regSabun}
			</if>
			<if test="regDtm != null and regDtm != ''">
				AND REG_DTM = #{regDtm}
			</if>
			<if test="delYn != null and delYn != ''">
				AND DEL_YN = #{delYn}
			</if>
		</trim>

	</sql>

    <select id="getList" parameterClass="osEventDetail" resultClass="">
		SELECT 
			 SYS_CMN_CD_SEQ
			,UNT_CD
			,CMN_CD_GRP
			,CMN_CD_TYP
			,CMN_CD
			,CMN_CD_DESC
		FROM TB_SYS_CMN_CD T1
		<include refid="where-List"/>
    </select>

    <select id="getListCount" parameterClass="" resultClass="int">
		SELECT 
COUNT(*) FROM TB_SYS_CMN_CD T1
		<include refid="where-List"/>
    </select>

    <insert id="insert" parameterClass="">
	INSERT INTO TB_SYS_CMN_CD (
  SYS_CMN_CD_SEQ
		, UNT_CD, CMN_CD_GRP, CMN_CD_TYP, CMN_CD
		, CMN_CD_DESC, UPD_SABUN, UPD_DTM, REG_SABUN
		, REG_DTM, DEL_YN		) 
  #{sysCmnCdSeq}
		, #{untCd}, #{cmnCdGrp}, #{cmnCdTyp}, #{cmnCd}
		, #{cmnCdDesc}, #{updSabun}, #{updDtm}, #{regSabun}
		, #{regDtm}, #{delYn}	)
    </insert>

    <update id="update" parameterClass="">
		UPDATE TB_SYS_CMN_CD
		 SET 
			<if test="sysCmnCdSeq != null"> SYS_CMN_CD_SEQ= #{sysCmnCdSeq},</if>
			<if test="untCd != null"> UNT_CD= #{untCd},</if>
			<if test="cmnCdGrp != null"> CMN_CD_GRP= #{cmnCdGrp},</if>
			<if test="cmnCdTyp != null"> CMN_CD_TYP= #{cmnCdTyp},</if>
			<if test="cmnCd != null"> CMN_CD= #{cmnCd},</if>
			<if test="cmnCdDesc != null"> CMN_CD_DESC= #{cmnCdDesc},</if>
			<if test="updSabun != null"> UPD_SABUN= #{updSabun},</if>
			<if test="updDtm != null"> UPD_DTM= #{updDtm},</if>
			<if test="regSabun != null"> REG_SABUN= #{regSabun},</if>
			<if test="regDtm != null"> REG_DTM= #{regDtm},</if>
			<if test="delYn != null"> DEL_YN= #{delYn},</if>

		WHERE 1=1 AND SYS_CMN_CD_SEQ = #{sysCmnCdSeq}AND UNT_CD = #{untCd}
    </update>

    <update id="merge" parameterClass="">
		MERGE INTO TB_SYS_CMN_CD
		USING DUAL
			ON (SYS_CMN_CD_SEQ = #{sysCmnCdSeq}AND UNT_CD = #{untCd})
		WHEN MATCHED THEN
			UPDATE
		<trim prefix="WHERE" prefixOverrides="AND">
			<isNotEmpty property="cmnCdGrp" prepend="," removeFirstPrepend="true">CMN_CD_GRP= #{cmnCdGrp}</isNotEmpty>
			<isNotEmpty property="cmnCdTyp" prepend="," removeFirstPrepend="true">CMN_CD_TYP= #{cmnCdTyp}</isNotEmpty>
			<isNotEmpty property="cmnCd" prepend="," removeFirstPrepend="true">CMN_CD= #{cmnCd}</isNotEmpty>
			<isNotEmpty property="cmnCdDesc" prepend="," removeFirstPrepend="true">CMN_CD_DESC= #{cmnCdDesc}</isNotEmpty>
			<isNotEmpty property="updSabun" prepend="," removeFirstPrepend="true">UPD_SABUN= #{updSabun}</isNotEmpty>
			<isNotEmpty property="updDtm" prepend="," removeFirstPrepend="true">UPD_DTM= #{updDtm}</isNotEmpty>
			<isNotEmpty property="regSabun" prepend="," removeFirstPrepend="true">REG_SABUN= #{regSabun}</isNotEmpty>
			<isNotEmpty property="regDtm" prepend="," removeFirstPrepend="true">REG_DTM= #{regDtm}</isNotEmpty>
			<isNotEmpty property="delYn" prepend="," removeFirstPrepend="true">DEL_YN= #{delYn}</isNotEmpty>
		</trim>
		WHEN NOT MATCHED THEN
			INSERT (
  SYS_CMN_CD_SEQ
				, UNT_CD, CMN_CD_GRP, CMN_CD_TYP, CMN_CD
				, CMN_CD_DESC, UPD_SABUN, UPD_DTM, REG_SABUN
				, REG_DTM, DEL_YN		) values (
	  #{sysCmnCdSeq}
				, #{untCd}, #{cmnCdGrp}, #{cmnCdTyp}, #{cmnCd}
				, #{cmnCdDesc}, #{updSabun}, #{updDtm}, #{regSabun}
				, #{regDtm}, #{delYn}		)
    </update>

</sqlMap>
