		SELECT 
			 SAWON_SEQ
			,ENTER_CD
			,SABUN
			,NAME
			,ORG_CODE
			,ORG_CD
			,STATUS_CD
			,STATE_NAME
			,JIKCHAK_CD
			,JIKCHAK_NAME
			,JIKGUB_CD
			,JIKGUB_NAME
			,JIKGUN_CD
			,JIKGUN_NAME
			,JOB_CD
			,JOB_NM
			,SDATE
			,EDATE
			,GEMP_YMD
			,EMP_YMD
			,RET_YMD
		FROM TB_SAWON_INFO T1
		<include refid="where-List"/>





<?xml version="1.0" encoding="UTF-8"?>
<!DOCTYPE sqlMap PUBLIC "-//iBATIS.com//DTD SQL Map 2.0//EN" "http://ibatis.apache.org/dtd/sql-map-2.dtd">
<sqlMap namespace="SQL">
    <typeAlias alias="" type="kr.co.crewmate.site.model.#biz#."/>

	<sql id="where-List">
		<trim prefix="WHERE" prefixOverrides="AND">
			<if test="sawonSeq != null and sawonSeq != 0">
				AND SAWON_SEQ = #{sawonSeq}
			</if>
			<if test="enterCd != null and enterCd != ''">
				AND ENTER_CD = #{enterCd}
			</if>
			<if test="sabun != null and sabun != ''">
				AND SABUN = #{sabun}
			</if>
			<if test="name != null and name != ''">
				AND NAME = #{name}
			</if>
			<if test="orgCode != null and orgCode != ''">
				AND ORG_CODE = #{orgCode}
			</if>
			<if test="orgCd != null and orgCd != ''">
				AND ORG_CD = #{orgCd}
			</if>
			<if test="statusCd != null and statusCd != ''">
				AND STATUS_CD = #{statusCd}
			</if>
			<if test="stateName != null and stateName != ''">
				AND STATE_NAME = #{stateName}
			</if>
			<if test="jikchakCd != null and jikchakCd != ''">
				AND JIKCHAK_CD = #{jikchakCd}
			</if>
			<if test="jikchakName != null and jikchakName != ''">
				AND JIKCHAK_NAME = #{jikchakName}
			</if>
			<if test="jikgubCd != null and jikgubCd != ''">
				AND JIKGUB_CD = #{jikgubCd}
			</if>
			<if test="jikgubName != null and jikgubName != ''">
				AND JIKGUB_NAME = #{jikgubName}
			</if>
			<if test="jikgunCd != null and jikgunCd != ''">
				AND JIKGUN_CD = #{jikgunCd}
			</if>
			<if test="jikgunName != null and jikgunName != ''">
				AND JIKGUN_NAME = #{jikgunName}
			</if>
			<if test="jobCd != null and jobCd != ''">
				AND JOB_CD = #{jobCd}
			</if>
			<if test="jobNm != null and jobNm != ''">
				AND JOB_NM = #{jobNm}
			</if>
			<if test="sdate != null and sdate != ''">
				AND SDATE = #{sdate}
			</if>
			<if test="edate != null and edate != ''">
				AND EDATE = #{edate}
			</if>
			<if test="gempYmd != null and gempYmd != ''">
				AND GEMP_YMD = #{gempYmd}
			</if>
			<if test="empYmd != null and empYmd != ''">
				AND EMP_YMD = #{empYmd}
			</if>
			<if test="retYmd != null and retYmd != ''">
				AND RET_YMD = #{retYmd}
			</if>
			<if test="updSabun != null and updSabun != ''">
				AND UPD_SABUN = #{updSabun}
			</if>
			<if test="updDtm != null and updDtm != ''">
				AND UPD_DTM = #{updDtm}
			</if>
			<if test="regSabun != null and regSabun != ''">
				AND REG_SABUN = #{regSabun}
			</if>
			<if test="regDtm != null and regDtm != ''">
				AND REG_DTM = #{regDtm}
			</if>
			<if test="delYn != null and delYn != ''">
				AND DEL_YN = #{delYn}
			</if>
		</trim>

	</sql>

    <select id="getList" parameterClass="osEventDetail" resultClass="">
		SELECT 
			 SAWON_SEQ
			,ENTER_CD
			,SABUN
			,NAME
			,ORG_CODE
			,ORG_CD
			,STATUS_CD
			,STATE_NAME
			,JIKCHAK_CD
			,JIKCHAK_NAME
			,JIKGUB_CD
			,JIKGUB_NAME
			,JIKGUN_CD
			,JIKGUN_NAME
			,JOB_CD
			,JOB_NM
			,SDATE
			,EDATE
			,GEMP_YMD
			,EMP_YMD
			,RET_YMD
		FROM TB_SAWON_INFO T1
		<include refid="where-List"/>
    </select>

    <select id="getListCount" parameterClass="" resultClass="int">
		SELECT 
COUNT(*) FROM TB_SAWON_INFO T1
		<include refid="where-List"/>
    </select>

    <insert id="insert" parameterClass="">
	INSERT INTO TB_SAWON_INFO (
  SAWON_SEQ
		, ENTER_CD, SABUN, NAME, ORG_CODE
		, ORG_CD, STATUS_CD, STATE_NAME, JIKCHAK_CD
		, JIKCHAK_NAME, JIKGUB_CD, JIKGUB_NAME, JIKGUN_CD
		, JIKGUN_NAME, JOB_CD, JOB_NM, SDATE
		, EDATE, GEMP_YMD, EMP_YMD, RET_YMD
		, UPD_SABUN, UPD_DTM, REG_SABUN, REG_DTM
		, DEL_YN		) 
  #{sawonSeq}
		, #{enterCd}, #{sabun}, #{name}, #{orgCode}
		, #{orgCd}, #{statusCd}, #{stateName}, #{jikchakCd}
		, #{jikchakName}, #{jikgubCd}, #{jikgubName}, #{jikgunCd}
		, #{jikgunName}, #{jobCd}, #{jobNm}, #{sdate}
		, #{edate}, #{gempYmd}, #{empYmd}, #{retYmd}
		, #{updSabun}, #{updDtm}, #{regSabun}, #{regDtm}
		, #{delYn}	)
    </insert>

    <update id="update" parameterClass="">
		UPDATE TB_SAWON_INFO
		 SET 
			<if test="sawonSeq != null"> SAWON_SEQ= #{sawonSeq},</if>
			<if test="enterCd != null"> ENTER_CD= #{enterCd},</if>
			<if test="sabun != null"> SABUN= #{sabun},</if>
			<if test="name != null"> NAME= #{name},</if>
			<if test="orgCode != null"> ORG_CODE= #{orgCode},</if>
			<if test="orgCd != null"> ORG_CD= #{orgCd},</if>
			<if test="statusCd != null"> STATUS_CD= #{statusCd},</if>
			<if test="stateName != null"> STATE_NAME= #{stateName},</if>
			<if test="jikchakCd != null"> JIKCHAK_CD= #{jikchakCd},</if>
			<if test="jikchakName != null"> JIKCHAK_NAME= #{jikchakName},</if>
			<if test="jikgubCd != null"> JIKGUB_CD= #{jikgubCd},</if>
			<if test="jikgubName != null"> JIKGUB_NAME= #{jikgubName},</if>
			<if test="jikgunCd != null"> JIKGUN_CD= #{jikgunCd},</if>
			<if test="jikgunName != null"> JIKGUN_NAME= #{jikgunName},</if>
			<if test="jobCd != null"> JOB_CD= #{jobCd},</if>
			<if test="jobNm != null"> JOB_NM= #{jobNm},</if>
			<if test="sdate != null"> SDATE= #{sdate},</if>
			<if test="edate != null"> EDATE= #{edate},</if>
			<if test="gempYmd != null"> GEMP_YMD= #{gempYmd},</if>
			<if test="empYmd != null"> EMP_YMD= #{empYmd},</if>
			<if test="retYmd != null"> RET_YMD= #{retYmd},</if>
			<if test="updSabun != null"> UPD_SABUN= #{updSabun},</if>
			<if test="updDtm != null"> UPD_DTM= #{updDtm},</if>
			<if test="regSabun != null"> REG_SABUN= #{regSabun},</if>
			<if test="regDtm != null"> REG_DTM= #{regDtm},</if>
			<if test="delYn != null"> DEL_YN= #{delYn},</if>

		WHERE 1=1 AND SAWON_SEQ = #{sawonSeq}AND ENTER_CD = #{enterCd}AND SABUN = #{sabun}
    </update>

    <update id="merge" parameterClass="">
		MERGE INTO TB_SAWON_INFO
		USING DUAL
			ON (SAWON_SEQ = #{sawonSeq}AND ENTER_CD = #{enterCd}AND SABUN = #{sabun})
		WHEN MATCHED THEN
			UPDATE
		<trim prefix="WHERE" prefixOverrides="AND">
			<isNotEmpty property="name" prepend="," removeFirstPrepend="true">NAME= #{name}</isNotEmpty>
			<isNotEmpty property="orgCode" prepend="," removeFirstPrepend="true">ORG_CODE= #{orgCode}</isNotEmpty>
			<isNotEmpty property="orgCd" prepend="," removeFirstPrepend="true">ORG_CD= #{orgCd}</isNotEmpty>
			<isNotEmpty property="statusCd" prepend="," removeFirstPrepend="true">STATUS_CD= #{statusCd}</isNotEmpty>
			<isNotEmpty property="stateName" prepend="," removeFirstPrepend="true">STATE_NAME= #{stateName}</isNotEmpty>
			<isNotEmpty property="jikchakCd" prepend="," removeFirstPrepend="true">JIKCHAK_CD= #{jikchakCd}</isNotEmpty>
			<isNotEmpty property="jikchakName" prepend="," removeFirstPrepend="true">JIKCHAK_NAME= #{jikchakName}</isNotEmpty>
			<isNotEmpty property="jikgubCd" prepend="," removeFirstPrepend="true">JIKGUB_CD= #{jikgubCd}</isNotEmpty>
			<isNotEmpty property="jikgubName" prepend="," removeFirstPrepend="true">JIKGUB_NAME= #{jikgubName}</isNotEmpty>
			<isNotEmpty property="jikgunCd" prepend="," removeFirstPrepend="true">JIKGUN_CD= #{jikgunCd}</isNotEmpty>
			<isNotEmpty property="jikgunName" prepend="," removeFirstPrepend="true">JIKGUN_NAME= #{jikgunName}</isNotEmpty>
			<isNotEmpty property="jobCd" prepend="," removeFirstPrepend="true">JOB_CD= #{jobCd}</isNotEmpty>
			<isNotEmpty property="jobNm" prepend="," removeFirstPrepend="true">JOB_NM= #{jobNm}</isNotEmpty>
			<isNotEmpty property="sdate" prepend="," removeFirstPrepend="true">SDATE= #{sdate}</isNotEmpty>
			<isNotEmpty property="edate" prepend="," removeFirstPrepend="true">EDATE= #{edate}</isNotEmpty>
			<isNotEmpty property="gempYmd" prepend="," removeFirstPrepend="true">GEMP_YMD= #{gempYmd}</isNotEmpty>
			<isNotEmpty property="empYmd" prepend="," removeFirstPrepend="true">EMP_YMD= #{empYmd}</isNotEmpty>
			<isNotEmpty property="retYmd" prepend="," removeFirstPrepend="true">RET_YMD= #{retYmd}</isNotEmpty>
			<isNotEmpty property="updSabun" prepend="," removeFirstPrepend="true">UPD_SABUN= #{updSabun}</isNotEmpty>
			<isNotEmpty property="updDtm" prepend="," removeFirstPrepend="true">UPD_DTM= #{updDtm}</isNotEmpty>
			<isNotEmpty property="regSabun" prepend="," removeFirstPrepend="true">REG_SABUN= #{regSabun}</isNotEmpty>
			<isNotEmpty property="regDtm" prepend="," removeFirstPrepend="true">REG_DTM= #{regDtm}</isNotEmpty>
			<isNotEmpty property="delYn" prepend="," removeFirstPrepend="true">DEL_YN= #{delYn}</isNotEmpty>
		</trim>
		WHEN NOT MATCHED THEN
			INSERT (
  SAWON_SEQ
				, ENTER_CD, SABUN, NAME, ORG_CODE
				, ORG_CD, STATUS_CD, STATE_NAME, JIKCHAK_CD
				, JIKCHAK_NAME, JIKGUB_CD, JIKGUB_NAME, JIKGUN_CD
				, JIKGUN_NAME, JOB_CD, JOB_NM, SDATE
				, EDATE, GEMP_YMD, EMP_YMD, RET_YMD
				, UPD_SABUN, UPD_DTM, REG_SABUN, REG_DTM
				, DEL_YN		) values (
	  #{sawonSeq}
				, #{enterCd}, #{sabun}, #{name}, #{orgCode}
				, #{orgCd}, #{statusCd}, #{stateName}, #{jikchakCd}
				, #{jikchakName}, #{jikgubCd}, #{jikgubName}, #{jikgunCd}
				, #{jikgunName}, #{jobCd}, #{jobNm}, #{sdate}
				, #{edate}, #{gempYmd}, #{empYmd}, #{retYmd}
				, #{updSabun}, #{updDtm}, #{regSabun}, #{regDtm}
				, #{delYn}		)
    </update>

</sqlMap>
