		SELECT 
			 USER_SET_ENV_SEQ
			,UNT_CD
			,SABUN
			,USER_ENV_GRP
			,USER_ENV_TYP
			,USER_ENV_CD
		FROM TB_USER_SET_ENV T1
		<include refid="where-List"/>





<?xml version="1.0" encoding="UTF-8"?>
<!DOCTYPE sqlMap PUBLIC "-//iBATIS.com//DTD SQL Map 2.0//EN" "http://ibatis.apache.org/dtd/sql-map-2.dtd">
<sqlMap namespace="SQL">
    <typeAlias alias="" type="kr.co.crewmate.site.model.#biz#."/>

	<sql id="where-List">
		<trim prefix="WHERE" prefixOverrides="AND">
			<if test="userSetEnvSeq != null and userSetEnvSeq != 0">
				AND USER_SET_ENV_SEQ = #{userSetEnvSeq}
			</if>
			<if test="untCd != null and untCd != ''">
				AND UNT_CD = #{untCd}
			</if>
			<if test="sabun != null and sabun != ''">
				AND SABUN = #{sabun}
			</if>
			<if test="userEnvGrp != null and userEnvGrp != ''">
				AND USER_ENV_GRP = #{userEnvGrp}
			</if>
			<if test="userEnvTyp != null and userEnvTyp != ''">
				AND USER_ENV_TYP = #{userEnvTyp}
			</if>
			<if test="userEnvCd != null and userEnvCd != ''">
				AND USER_ENV_CD = #{userEnvCd}
			</if>
			<if test="updSabun != null and updSabun != ''">
				AND UPD_SABUN = #{updSabun}
			</if>
			<if test="updDtm != null and updDtm != ''">
				AND UPD_DTM = #{updDtm}
			</if>
			<if test="regSabun != null and regSabun != ''">
				AND REG_SABUN = #{regSabun}
			</if>
			<if test="regDtm != null and regDtm != ''">
				AND REG_DTM = #{regDtm}
			</if>
			<if test="delYn != null and delYn != ''">
				AND DEL_YN = #{delYn}
			</if>
		</trim>

	</sql>

    <select id="getList" parameterClass="osEventDetail" resultClass="">
		SELECT 
			 USER_SET_ENV_SEQ
			,UNT_CD
			,SABUN
			,USER_ENV_GRP
			,USER_ENV_TYP
			,USER_ENV_CD
		FROM TB_USER_SET_ENV T1
		<include refid="where-List"/>
    </select>

    <select id="getListCount" parameterClass="" resultClass="int">
		SELECT 
COUNT(*) FROM TB_USER_SET_ENV T1
		<include refid="where-List"/>
    </select>

    <insert id="insert" parameterClass="">
	INSERT INTO TB_USER_SET_ENV (
  USER_SET_ENV_SEQ
		, UNT_CD, SABUN, USER_ENV_GRP, USER_ENV_TYP
		, USER_ENV_CD, UPD_SABUN, UPD_DTM, REG_SABUN
		, REG_DTM, DEL_YN		) 
  #{userSetEnvSeq}
		, #{untCd}, #{sabun}, #{userEnvGrp}, #{userEnvTyp}
		, #{userEnvCd}, #{updSabun}, #{updDtm}, #{regSabun}
		, #{regDtm}, #{delYn}	)
    </insert>

    <update id="update" parameterClass="">
		UPDATE TB_USER_SET_ENV
		 SET 
			<if test="userSetEnvSeq != null"> USER_SET_ENV_SEQ= #{userSetEnvSeq},</if>
			<if test="untCd != null"> UNT_CD= #{untCd},</if>
			<if test="sabun != null"> SABUN= #{sabun},</if>
			<if test="userEnvGrp != null"> USER_ENV_GRP= #{userEnvGrp},</if>
			<if test="userEnvTyp != null"> USER_ENV_TYP= #{userEnvTyp},</if>
			<if test="userEnvCd != null"> USER_ENV_CD= #{userEnvCd},</if>
			<if test="updSabun != null"> UPD_SABUN= #{updSabun},</if>
			<if test="updDtm != null"> UPD_DTM= #{updDtm},</if>
			<if test="regSabun != null"> REG_SABUN= #{regSabun},</if>
			<if test="regDtm != null"> REG_DTM= #{regDtm},</if>
			<if test="delYn != null"> DEL_YN= #{delYn},</if>

		WHERE 1=1 AND USER_SET_ENV_SEQ = #{userSetEnvSeq}AND UNT_CD = #{untCd}AND SABUN = #{sabun}
    </update>

    <update id="merge" parameterClass="">
		MERGE INTO TB_USER_SET_ENV
		USING DUAL
			ON (USER_SET_ENV_SEQ = #{userSetEnvSeq}AND UNT_CD = #{untCd}AND SABUN = #{sabun})
		WHEN MATCHED THEN
			UPDATE
		<trim prefix="WHERE" prefixOverrides="AND">
			<isNotEmpty property="userEnvGrp" prepend="," removeFirstPrepend="true">USER_ENV_GRP= #{userEnvGrp}</isNotEmpty>
			<isNotEmpty property="userEnvTyp" prepend="," removeFirstPrepend="true">USER_ENV_TYP= #{userEnvTyp}</isNotEmpty>
			<isNotEmpty property="userEnvCd" prepend="," removeFirstPrepend="true">USER_ENV_CD= #{userEnvCd}</isNotEmpty>
			<isNotEmpty property="updSabun" prepend="," removeFirstPrepend="true">UPD_SABUN= #{updSabun}</isNotEmpty>
			<isNotEmpty property="updDtm" prepend="," removeFirstPrepend="true">UPD_DTM= #{updDtm}</isNotEmpty>
			<isNotEmpty property="regSabun" prepend="," removeFirstPrepend="true">REG_SABUN= #{regSabun}</isNotEmpty>
			<isNotEmpty property="regDtm" prepend="," removeFirstPrepend="true">REG_DTM= #{regDtm}</isNotEmpty>
			<isNotEmpty property="delYn" prepend="," removeFirstPrepend="true">DEL_YN= #{delYn}</isNotEmpty>
		</trim>
		WHEN NOT MATCHED THEN
			INSERT (
  USER_SET_ENV_SEQ
				, UNT_CD, SABUN, USER_ENV_GRP, USER_ENV_TYP
				, USER_ENV_CD, UPD_SABUN, UPD_DTM, REG_SABUN
				, REG_DTM, DEL_YN		) values (
	  #{userSetEnvSeq}
				, #{untCd}, #{sabun}, #{userEnvGrp}, #{userEnvTyp}
				, #{userEnvCd}, #{updSabun}, #{updDtm}, #{regSabun}
				, #{regDtm}, #{delYn}		)
    </update>

</sqlMap>
