		SELECT 
			 USER_LOG_SEQ
			,TYPE
			,ORG_CD
			,ORG_NM
			,SABUN
			,IP_ADDR
			,OS
			,BROWSER
			,NAME
			,CONNECT_DTM
		FROM TB_USER_LOG_INFO T1
		<include refid="where-List"/>





<?xml version="1.0" encoding="UTF-8"?>
<!DOCTYPE sqlMap PUBLIC "-//iBATIS.com//DTD SQL Map 2.0//EN" "http://ibatis.apache.org/dtd/sql-map-2.dtd">
<sqlMap namespace="SQL">
    <typeAlias alias="" type="kr.co.crewmate.site.model.#biz#."/>

	<sql id="where-List">
		<trim prefix="WHERE" prefixOverrides="AND">
			<if test="userLogSeq != null and userLogSeq != 0">
				AND USER_LOG_SEQ = #{userLogSeq}
			</if>
			<if test="type != null and type != ''">
				AND TYPE = #{type}
			</if>
			<if test="orgCd != null and orgCd != ''">
				AND ORG_CD = #{orgCd}
			</if>
			<if test="orgNm != null and orgNm != ''">
				AND ORG_NM = #{orgNm}
			</if>
			<if test="sabun != null and sabun != ''">
				AND SABUN = #{sabun}
			</if>
			<if test="ipAddr != null and ipAddr != ''">
				AND IP_ADDR = #{ipAddr}
			</if>
			<if test="os != null and os != ''">
				AND OS = #{os}
			</if>
			<if test="browser != null and browser != ''">
				AND BROWSER = #{browser}
			</if>
			<if test="name != null and name != ''">
				AND NAME = #{name}
			</if>
			<if test="connectDtm != null and connectDtm != ''">
				AND CONNECT_DTM = #{connectDtm}
			</if>
			<if test="updSabun != null and updSabun != ''">
				AND UPD_SABUN = #{updSabun}
			</if>
			<if test="updDtm != null and updDtm != ''">
				AND UPD_DTM = #{updDtm}
			</if>
			<if test="regSabun != null and regSabun != ''">
				AND REG_SABUN = #{regSabun}
			</if>
			<if test="regDtm != null and regDtm != ''">
				AND REG_DTM = #{regDtm}
			</if>
			<if test="delYn != null and delYn != ''">
				AND DEL_YN = #{delYn}
			</if>
		</trim>

	</sql>

    <select id="getList" parameterClass="osEventDetail" resultClass="">
		SELECT 
			 USER_LOG_SEQ
			,TYPE
			,ORG_CD
			,ORG_NM
			,SABUN
			,IP_ADDR
			,OS
			,BROWSER
			,NAME
			,CONNECT_DTM
		FROM TB_USER_LOG_INFO T1
		<include refid="where-List"/>
    </select>

    <select id="getListCount" parameterClass="" resultClass="int">
		SELECT 
COUNT(*) FROM TB_USER_LOG_INFO T1
		<include refid="where-List"/>
    </select>

    <insert id="insert" parameterClass="">
	INSERT INTO TB_USER_LOG_INFO (
  USER_LOG_SEQ
		, TYPE, ORG_CD, ORG_NM, SABUN
		, IP_ADDR, OS, BROWSER, NAME
		, CONNECT_DTM, UPD_SABUN, UPD_DTM, REG_SABUN
		, REG_DTM, DEL_YN		) 
  #{userLogSeq}
		, #{type}, #{orgCd}, #{orgNm}, #{sabun}
		, #{ipAddr}, #{os}, #{browser}, #{name}
		, #{connectDtm}, #{updSabun}, #{updDtm}, #{regSabun}
		, #{regDtm}, #{delYn}	)
    </insert>

    <update id="update" parameterClass="">
		UPDATE TB_USER_LOG_INFO
		 SET 
			<if test="userLogSeq != null"> USER_LOG_SEQ= #{userLogSeq},</if>
			<if test="type != null"> TYPE= #{type},</if>
			<if test="orgCd != null"> ORG_CD= #{orgCd},</if>
			<if test="orgNm != null"> ORG_NM= #{orgNm},</if>
			<if test="sabun != null"> SABUN= #{sabun},</if>
			<if test="ipAddr != null"> IP_ADDR= #{ipAddr},</if>
			<if test="os != null"> OS= #{os},</if>
			<if test="browser != null"> BROWSER= #{browser},</if>
			<if test="name != null"> NAME= #{name},</if>
			<if test="connectDtm != null"> CONNECT_DTM= #{connectDtm},</if>
			<if test="updSabun != null"> UPD_SABUN= #{updSabun},</if>
			<if test="updDtm != null"> UPD_DTM= #{updDtm},</if>
			<if test="regSabun != null"> REG_SABUN= #{regSabun},</if>
			<if test="regDtm != null"> REG_DTM= #{regDtm},</if>
			<if test="delYn != null"> DEL_YN= #{delYn},</if>

		WHERE 1=1 AND USER_LOG_SEQ = #{userLogSeq}
    </update>

    <update id="merge" parameterClass="">
		MERGE INTO TB_USER_LOG_INFO
		USING DUAL
			ON (USER_LOG_SEQ = #{userLogSeq})
		WHEN MATCHED THEN
			UPDATE
		<trim prefix="WHERE" prefixOverrides="AND">
			<isNotEmpty property="type" prepend="," removeFirstPrepend="true">TYPE= #{type}</isNotEmpty>
			<isNotEmpty property="orgCd" prepend="," removeFirstPrepend="true">ORG_CD= #{orgCd}</isNotEmpty>
			<isNotEmpty property="orgNm" prepend="," removeFirstPrepend="true">ORG_NM= #{orgNm}</isNotEmpty>
			<isNotEmpty property="sabun" prepend="," removeFirstPrepend="true">SABUN= #{sabun}</isNotEmpty>
			<isNotEmpty property="ipAddr" prepend="," removeFirstPrepend="true">IP_ADDR= #{ipAddr}</isNotEmpty>
			<isNotEmpty property="os" prepend="," removeFirstPrepend="true">OS= #{os}</isNotEmpty>
			<isNotEmpty property="browser" prepend="," removeFirstPrepend="true">BROWSER= #{browser}</isNotEmpty>
			<isNotEmpty property="name" prepend="," removeFirstPrepend="true">NAME= #{name}</isNotEmpty>
			<isNotEmpty property="connectDtm" prepend="," removeFirstPrepend="true">CONNECT_DTM= #{connectDtm}</isNotEmpty>
			<isNotEmpty property="updSabun" prepend="," removeFirstPrepend="true">UPD_SABUN= #{updSabun}</isNotEmpty>
			<isNotEmpty property="updDtm" prepend="," removeFirstPrepend="true">UPD_DTM= #{updDtm}</isNotEmpty>
			<isNotEmpty property="regSabun" prepend="," removeFirstPrepend="true">REG_SABUN= #{regSabun}</isNotEmpty>
			<isNotEmpty property="regDtm" prepend="," removeFirstPrepend="true">REG_DTM= #{regDtm}</isNotEmpty>
			<isNotEmpty property="delYn" prepend="," removeFirstPrepend="true">DEL_YN= #{delYn}</isNotEmpty>
		</trim>
		WHEN NOT MATCHED THEN
			INSERT (
  USER_LOG_SEQ
				, TYPE, ORG_CD, ORG_NM, SABUN
				, IP_ADDR, OS, BROWSER, NAME
				, CONNECT_DTM, UPD_SABUN, UPD_DTM, REG_SABUN
				, REG_DTM, DEL_YN		) values (
	  #{userLogSeq}
				, #{type}, #{orgCd}, #{orgNm}, #{sabun}
				, #{ipAddr}, #{os}, #{browser}, #{name}
				, #{connectDtm}, #{updSabun}, #{updDtm}, #{regSabun}
				, #{regDtm}, #{delYn}		)
    </update>

</sqlMap>
