		SELECT 
			 USER_SEQ
			,ENTER_CD
			,SABUN
			,PASSWORD
			,NAME
			,ORG_CD
			,ORG_NAME
			,IMG_PATH
		FROM TB_USER_INFO T1
		<include refid="where-List"/>





<?xml version="1.0" encoding="UTF-8"?>
<!DOCTYPE sqlMap PUBLIC "-//iBATIS.com//DTD SQL Map 2.0//EN" "http://ibatis.apache.org/dtd/sql-map-2.dtd">
<sqlMap namespace="SQL">
    <typeAlias alias="" type="kr.co.crewmate.site.model.#biz#."/>

	<sql id="where-List">
		<trim prefix="WHERE" prefixOverrides="AND">
			<if test="userSeq != null and userSeq != 0">
				AND USER_SEQ = #{userSeq}
			</if>
			<if test="enterCd != null and enterCd != ''">
				AND ENTER_CD = #{enterCd}
			</if>
			<if test="sabun != null and sabun != ''">
				AND SABUN = #{sabun}
			</if>
			<if test="password != null and password != ''">
				AND PASSWORD = #{password}
			</if>
			<if test="name != null and name != ''">
				AND NAME = #{name}
			</if>
			<if test="orgCd != null and orgCd != ''">
				AND ORG_CD = #{orgCd}
			</if>
			<if test="orgName != null and orgName != ''">
				AND ORG_NAME = #{orgName}
			</if>
			<if test="imgPath != null and imgPath != ''">
				AND IMG_PATH = #{imgPath}
			</if>
			<if test="updSabun != null and updSabun != ''">
				AND UPD_SABUN = #{updSabun}
			</if>
			<if test="updDtm != null and updDtm != ''">
				AND UPD_DTM = #{updDtm}
			</if>
			<if test="regSabun != null and regSabun != ''">
				AND REG_SABUN = #{regSabun}
			</if>
			<if test="regDtm != null and regDtm != ''">
				AND REG_DTM = #{regDtm}
			</if>
			<if test="delYn != null and delYn != ''">
				AND DEL_YN = #{delYn}
			</if>
		</trim>

	</sql>

    <select id="getList" parameterClass="osEventDetail" resultClass="">
		SELECT 
			 USER_SEQ
			,ENTER_CD
			,SABUN
			,PASSWORD
			,NAME
			,ORG_CD
			,ORG_NAME
			,IMG_PATH
		FROM TB_USER_INFO T1
		<include refid="where-List"/>
    </select>

    <select id="getListCount" parameterClass="" resultClass="int">
		SELECT 
COUNT(*) FROM TB_USER_INFO T1
		<include refid="where-List"/>
    </select>

    <insert id="insert" parameterClass="">
	INSERT INTO TB_USER_INFO (
  USER_SEQ
		, ENTER_CD, SABUN, PASSWORD, NAME
		, ORG_CD, ORG_NAME, IMG_PATH, UPD_SABUN
		, UPD_DTM, REG_SABUN, REG_DTM, DEL_YN
				) 
  #{userSeq}
		, #{enterCd}, #{sabun}, #{password}, #{name}
		, #{orgCd}, #{orgName}, #{imgPath}, #{updSabun}
		, #{updDtm}, #{regSabun}, #{regDtm}, #{delYn}
			)
    </insert>

    <update id="update" parameterClass="">
		UPDATE TB_USER_INFO
		 SET 
			<if test="userSeq != null"> USER_SEQ= #{userSeq},</if>
			<if test="enterCd != null"> ENTER_CD= #{enterCd},</if>
			<if test="sabun != null"> SABUN= #{sabun},</if>
			<if test="password != null"> PASSWORD= #{password},</if>
			<if test="name != null"> NAME= #{name},</if>
			<if test="orgCd != null"> ORG_CD= #{orgCd},</if>
			<if test="orgName != null"> ORG_NAME= #{orgName},</if>
			<if test="imgPath != null"> IMG_PATH= #{imgPath},</if>
			<if test="updSabun != null"> UPD_SABUN= #{updSabun},</if>
			<if test="updDtm != null"> UPD_DTM= #{updDtm},</if>
			<if test="regSabun != null"> REG_SABUN= #{regSabun},</if>
			<if test="regDtm != null"> REG_DTM= #{regDtm},</if>
			<if test="delYn != null"> DEL_YN= #{delYn},</if>

		WHERE 1=1 AND USER_SEQ = #{userSeq}AND ENTER_CD = #{enterCd}
    </update>

    <update id="merge" parameterClass="">
		MERGE INTO TB_USER_INFO
		USING DUAL
			ON (USER_SEQ = #{userSeq}AND ENTER_CD = #{enterCd})
		WHEN MATCHED THEN
			UPDATE
		<trim prefix="WHERE" prefixOverrides="AND">
			<isNotEmpty property="sabun" prepend="," removeFirstPrepend="true">SABUN= #{sabun}</isNotEmpty>
			<isNotEmpty property="password" prepend="," removeFirstPrepend="true">PASSWORD= #{password}</isNotEmpty>
			<isNotEmpty property="name" prepend="," removeFirstPrepend="true">NAME= #{name}</isNotEmpty>
			<isNotEmpty property="orgCd" prepend="," removeFirstPrepend="true">ORG_CD= #{orgCd}</isNotEmpty>
			<isNotEmpty property="orgName" prepend="," removeFirstPrepend="true">ORG_NAME= #{orgName}</isNotEmpty>
			<isNotEmpty property="imgPath" prepend="," removeFirstPrepend="true">IMG_PATH= #{imgPath}</isNotEmpty>
			<isNotEmpty property="updSabun" prepend="," removeFirstPrepend="true">UPD_SABUN= #{updSabun}</isNotEmpty>
			<isNotEmpty property="updDtm" prepend="," removeFirstPrepend="true">UPD_DTM= #{updDtm}</isNotEmpty>
			<isNotEmpty property="regSabun" prepend="," removeFirstPrepend="true">REG_SABUN= #{regSabun}</isNotEmpty>
			<isNotEmpty property="regDtm" prepend="," removeFirstPrepend="true">REG_DTM= #{regDtm}</isNotEmpty>
			<isNotEmpty property="delYn" prepend="," removeFirstPrepend="true">DEL_YN= #{delYn}</isNotEmpty>
		</trim>
		WHEN NOT MATCHED THEN
			INSERT (
  USER_SEQ
				, ENTER_CD, SABUN, PASSWORD, NAME
				, ORG_CD, ORG_NAME, IMG_PATH, UPD_SABUN
				, UPD_DTM, REG_SABUN, REG_DTM, DEL_YN
						) values (
	  #{userSeq}
				, #{enterCd}, #{sabun}, #{password}, #{name}
				, #{orgCd}, #{orgName}, #{imgPath}, #{updSabun}
				, #{updDtm}, #{regSabun}, #{regDtm}, #{delYn}
						)
    </update>

</sqlMap>
