<?xml version="1.0" encoding="UTF-8"?>
<!DOCTYPE mapper PUBLIC "-//mybatis.org//DTD Mapper 3.0//EN" "http://mybatis.org/dtd/mybatis-3-mapper.dtd">

<mapper namespace="조건검색식적용MapperXml">

    <insert id="merge">
    INSERT INTO 
        STOCK.조건검색식적용(
         user_id
        ,개발환경
        ,조건이름
        ,전략
        ,del_yn
    ) VALUES (
         #{user_id}
        ,#{개발환경}
        ,#{조건이름}
        ,#{전략}
        ,#{del_yn}
    ) ON DUPLICATE KEY UPDATE 
    <trim prefixOverrides=","> 
        , del_yn= #{del_yn}
        , update_date= #{update_date}
    </trim>
    </insert>

	<insert id="bulk_insert">
	INSERT INTO 
        STOCK.조건검색식적용 (
         user_id
        ,개발환경
        ,조건이름
        ,전략
        ,del_yn
        )
         VALUES
		<foreach collection="list" item="item" separator=",">
			(
                 #{item.user_id}
                ,#{item.개발환경}
                ,#{item.조건이름}
                ,#{item.전략}
                ,#{item.del_yn}
			)
	 	</foreach>
	</insert>
	
    <insert id="insert">
    INSERT INTO 
        STOCK.조건검색식적용 (
         user_id
        ,개발환경
        ,조건이름
        ,전략
        ,del_yn
        )
         VALUES 
        (
         #{user_id}
        ,#{개발환경}
        ,#{조건이름}
        ,#{전략}
        ,#{del_yn}
        )
    </insert>

    <update id="update">
    UPDATE 
        STOCK.조건검색식적용 T
         SET 
         <trim prefixOverrides=",">
            <if test="_del_yn != null and _del_yn != ''">, del_yn= #{_del_yn} </if>
            <if test="_update_date != null and _update_date != ''">, update_date= #{_update_date} </if>
        </trim>
        <include refid="where-list"/>
    </update>

	<delete id="delete">
    DELETE FROM 
        STOCK.조건검색식적용 T
        <include refid="where-list"/>
    </delete>
    
	<sql id="where-list">
    <trim prefix="WHERE" prefixOverrides="AND">
        <if test="user_id != null and user_id != ''">
            AND T.user_id = #{user_id}
        </if>
        <if test="개발환경 != null and 개발환경 != ''">
            AND T.개발환경 = #{개발환경}
        </if>
        <if test="조건이름 != null and 조건이름 != ''">
            AND T.조건이름 = #{조건이름}
        </if>
        <if test="전략 != null and 전략 != ''">
            AND T.전략 = #{전략}
        </if>
        <if test="del_yn != null and del_yn != ''">
            AND T.del_yn = #{del_yn}
        </if>
    </trim>
	</sql>

    <select id="select_count">
    SELECT COUNT(*) AS count FROM STOCK.조건검색식적용 T
    <include refid="where-list"/>
    </select>

	<select id="select_list">
    SELECT 
         T.user_id
        ,T.개발환경
        ,T.조건이름
        ,T.전략
        ,T.del_yn
        ,DATE_FORMAT(T.insert_date,'%Y-%m-%d %H:%i:%s') AS insert_date
        ,DATE_FORMAT(T.update_date,'%Y-%m-%d %H:%i:%s') AS update_date
    FROM STOCK.조건검색식적용 T
    <include refid="where-list"/>
	<choose>
		<when test="order_by != null and order_by != ''">
			${order_by}
		</when>
		<otherwise>
		</otherwise>
	</choose>
	<if test="limit != null and limit != ''">
		limit #{limit}
	</if>
	</select>

</mapper>
