<?xml version="1.0" encoding="UTF-8"?>
<!DOCTYPE mapper PUBLIC "-//mybatis.org//DTD Mapper 3.0//EN" "http://mybatis.org/dtd/mybatis-3-mapper.dtd">

<mapper namespace="com.hyundaicard.cse.app.filter.mapper.FilterMapper">

	<sql id="field">
	 A.FLTGRP_CD     AS fltgrpCd			/* 검색필터 그룹코드 */ 
	,A.FLTGRP_NM     AS fltgrpNm			/* 검색필터 그룹명 */ 
	,A.FLTGRP_DS     AS fltgrpDs			/* 검색필터 그룹설명 */ 
	,B.FLTCODE_CD    AS fltcodeCd			/* 검색필터 코드 */ 
	,B.FLTCODE_NM    AS fltcodeNm			/* 검색필터 코드명 */ 
	,B.FLTCODE_DS    AS fltcodeDs			/* 검색필터 코드설명 */ 
	</sql>

	<sql id="fragment">
		FROM TS_FILTER_GRP_INFO A 
			INNER JOIN TS_FILTER_CODE_INFO B ON 
				(A.FLTGRP_CD = B.FLTGRP_CD)
		<where>
			<trim prefixOverrides="AND|OR">
			<if test="fltgrpCdList != null">
				AND A.FLTGRP_CD IN
				<foreach collection="fltgrpCdList" close=")" item="item" open="(" separator=",">
					#{item}
				</foreach>
			</if>				
			<if test="@org.apache.commons.lang.StringUtils@isNotEmpty(fltgrpCd)">
				AND A.FLTGRP_CD = #{fltgrpCd}
			</if>				
			</trim>
		</where>				
	</sql>

    <select id="get" parameterType="FilterEntity" resultType="FilterEntity">
        SELECT  /* FilterMapper.xml, get */
			<include refid="com.hyundaicard.cse.app.filter.mapper.FilterMapper.field"/>
			<include refid="com.hyundaicard.cse.app.filter.mapper.FilterMapper.fragment"/>
	</select>
	
    <select id="getList" parameterType="FilterEntity" resultType="FilterEntity">
        <include refid="Common.PagingStart" />
	        SELECT  /* FilterMapper.xml, getList */
				<include refid="com.hyundaicard.cse.app.filter.mapper.FilterMapper.field"/>
				<include refid="com.hyundaicard.cse.app.filter.mapper.FilterMapper.fragment"/>
			ORDER BY A.ORDER_NO, B.ORDER_NO
        <include refid="Common.PagingEnd" />
	</select>

    <select id="getAllList" parameterType="FilterEntity" resultType="FilterEntity">
        SELECT  /* FilterMapper.xml, getAllList */
			<include refid="com.hyundaicard.cse.app.filter.mapper.FilterMapper.field"/>
			<include refid="com.hyundaicard.cse.app.filter.mapper.FilterMapper.fragment"/>
		ORDER BY A.ORDER_NO, B.ORDER_NO
	</select>		
</mapper>
