	#select#





<?xml version="1.0" encoding="UTF-8"?>
<!DOCTYPE sqlMap PUBLIC "-//iBATIS.com//DTD SQL Map 2.0//EN" "http://ibatis.apache.org/dtd/sql-map-2.dtd">
<sqlMap namespace="#tableName#SQL">
    <typeAlias alias="#voName#" type="kr.co.crewmate.site.model.#biz#.#tableName#"/>

	<sql id="where-#tableName#List">
		#where#
	</sql>

    <select id="get#tableName#List" parameterClass="osEventDetail" resultClass="#voName#">
	#select#
    </select>

    <select id="get#tableName#ListCount" parameterClass="#voName#" resultClass="int">
	#selectCount#
    </select>

    <insert id="insert#tableName#" parameterClass="#voName#">
	#insert#
    </insert>

    <update id="update#tableName#" parameterClass="#voName#">
	#update#
    </update>

    <update id="merge#tableName#" parameterClass="#voName#">
	#merge#
    </update>

</sqlMap>