<?xml version="1.0" encoding="UTF-8"?>
<!DOCTYPE mapper PUBLIC "-//mybatis.org//DTD Mapper 3.0//EN" "http://mybatis.org/dtd/mybatis-3-mapper.dtd">

<mapper namespace="com.hyundaicard.cse.app.auth.mapper.AuthMapper">

	<select id="checkAuthResult" parameterType="AuthEntity" resultType="AuthEntity">
		SELECT 
			RES_SUCCESS_CODE as successCode,
			AUTH_REQ_TIME as timeStamp,
			CUSTOMER_NO as customerNo,
			MARKETING_AGREE_YN as marketingAgreeYn,
			RESULT_CODE as resultCode,
			CANCEL_YN as cancelYn
		FROM TS_HCC_AUTH_RESULT
		WHERE AUTH_REQ_TIME = #{timeStamp}
		AND   UUID = #{uuid}
	</select>
	
	<!-- checkAlreadyJoinHCC -->
	<select id="checkAlreadyJoinHCC" parameterType="String" resultType="String">
		SELECT 
			LOGIN_ID AS userId
		FROM TS_MEMBER_INFO
		WHERE CUSTOMER_NO = #{customerNo}
		AND   USE_YN = 'Y'
	</select>
	
	<!-- checkAlreadyJoinSNS -->
	<select id="checkAlreadyJoinSNS" parameterType="String" resultType="String">
		SELECT 
			LOGIN_ID AS userId
		FROM TS_MEMBER_INFO
		WHERE SNS_UID = #{snsUid}
		AND   USE_YN = 'Y'
	</select>
	
	<update id="updateCustomerNo" parameterType="UserEntity">		  
		UPDATE TS_MEMBER_INFO
		SET
			CUSTOMER_NO = #{customerNo},
			HCC_AUTH_YN = 'Y',
			MARKETING_AGREE_YN = #{marketingAgreeYN},
			HCC_AUTH_DT = NOW(),
			UPDATE_DT = NOW()
		WHERE 
			LOGIN_ID = #{userId}
	</update>
	
</mapper>