<?xml version="1.0" encoding="UTF-8"?>
<!DOCTYPE mapper PUBLIC "-//mybatis.org//DTD Mapper 3.0//EN" "http://mybatis.org/dtd/mybatis-3-mapper.dtd">

<mapper namespace="거래량급증요청MapperXml">

    <insert id="merge">
    INSERT INTO 
        STOCK_KIWOOM.거래량급증요청(
         일자
        ,순번
        ,종목코드
        ,종목명
        ,현재가
        ,전일대비기호
        ,전일대비
        ,등락률
        ,이전거래량
        ,현재거래량
        ,급증량
        ,급증률
    ) VALUES (
         #{일자}
        ,#{순번}
        ,#{종목코드}
        ,#{종목명}
        ,#{현재가}
        ,#{전일대비기호}
        ,#{전일대비}
        ,#{등락률}
        ,#{이전거래량}
        ,#{현재거래량}
        ,#{급증량}
        ,#{급증률}
    ) ON DUPLICATE KEY UPDATE 
    <trim prefixOverrides=","> 
        , 종목명= #{종목명}
        , 현재가= #{현재가}
        , 전일대비기호= #{전일대비기호}
        , 전일대비= #{전일대비}
        , 등락률= #{등락률}
        , 이전거래량= #{이전거래량}
        , 현재거래량= #{현재거래량}
        , 급증량= #{급증량}
        , 급증률= #{급증률}
        , update_date= #{update_date}
    </trim>
    </insert>

	<insert id="bulk_insert">
	INSERT INTO 
        STOCK_KIWOOM.거래량급증요청 (
         일자
        ,순번
        ,종목코드
        ,종목명
        ,현재가
        ,전일대비기호
        ,전일대비
        ,등락률
        ,이전거래량
        ,현재거래량
        ,급증량
        ,급증률
        )
         VALUES
		<foreach collection="list" item="item" separator=",">
			(
                 #{item.일자}
                ,#{item.순번}
                ,#{item.종목코드}
                ,#{item.종목명}
                ,#{item.현재가}
                ,#{item.전일대비기호}
                ,#{item.전일대비}
                ,#{item.등락률}
                ,#{item.이전거래량}
                ,#{item.현재거래량}
                ,#{item.급증량}
                ,#{item.급증률}
			)
	 	</foreach>
	</insert>
	
    <insert id="insert">
    INSERT INTO 
        STOCK_KIWOOM.거래량급증요청 (
         일자
        ,순번
        ,종목코드
        ,종목명
        ,현재가
        ,전일대비기호
        ,전일대비
        ,등락률
        ,이전거래량
        ,현재거래량
        ,급증량
        ,급증률
        )
         VALUES 
        (
         #{일자}
        ,#{순번}
        ,#{종목코드}
        ,#{종목명}
        ,#{현재가}
        ,#{전일대비기호}
        ,#{전일대비}
        ,#{등락률}
        ,#{이전거래량}
        ,#{현재거래량}
        ,#{급증량}
        ,#{급증률}
        )
    </insert>

    <update id="update">
    UPDATE 
        STOCK_KIWOOM.거래량급증요청 T
         SET 
         <trim prefixOverrides=",">
            <if test="_종목명 != null and _종목명 != ''">, 종목명= #{_종목명} </if>
            <if test="_현재가 != null and _현재가 != ''">, 현재가= #{_현재가} </if>
            <if test="_전일대비기호 != null and _전일대비기호 != ''">, 전일대비기호= #{_전일대비기호} </if>
            <if test="_전일대비 != null and _전일대비 != ''">, 전일대비= #{_전일대비} </if>
            <if test="_등락률 != null and _등락률 != ''">, 등락률= #{_등락률} </if>
            <if test="_이전거래량 != null and _이전거래량 != ''">, 이전거래량= #{_이전거래량} </if>
            <if test="_현재거래량 != null and _현재거래량 != ''">, 현재거래량= #{_현재거래량} </if>
            <if test="_급증량 != null and _급증량 != ''">, 급증량= #{_급증량} </if>
            <if test="_급증률 != null and _급증률 != ''">, 급증률= #{_급증률} </if>
            <if test="_update_date != null and _update_date != ''">, update_date= #{_update_date} </if>
        </trim>
        <include refid="where-list"/>
    </update>

	<delete id="delete">
    DELETE FROM 
        STOCK_KIWOOM.거래량급증요청 T
        <include refid="where-list"/>
    </delete>
    
	<sql id="where-list">
    <trim prefix="WHERE" prefixOverrides="AND">
        <if test="일자 != null and 일자 != ''">
            AND T.일자 = #{일자}
        </if>
        <if test="순번 != null and 순번 != ''">
            AND T.순번 = #{순번}
        </if>
        <if test="종목코드 != null and 종목코드 != ''">
            AND T.종목코드 = #{종목코드}
        </if>
        <if test="종목명 != null and 종목명 != ''">
            AND T.종목명 = #{종목명}
        </if>
        <if test="현재가 != null and 현재가 != ''">
            AND T.현재가 = #{현재가}
        </if>
        <if test="전일대비기호 != null and 전일대비기호 != ''">
            AND T.전일대비기호 = #{전일대비기호}
        </if>
        <if test="전일대비 != null and 전일대비 != ''">
            AND T.전일대비 = #{전일대비}
        </if>
        <if test="등락률 != null and 등락률 != ''">
            AND T.등락률 = #{등락률}
        </if>
        <if test="이전거래량 != null and 이전거래량 != ''">
            AND T.이전거래량 = #{이전거래량}
        </if>
        <if test="현재거래량 != null and 현재거래량 != ''">
            AND T.현재거래량 = #{현재거래량}
        </if>
        <if test="급증량 != null and 급증량 != ''">
            AND T.급증량 = #{급증량}
        </if>
        <if test="급증률 != null and 급증률 != ''">
            AND T.급증률 = #{급증률}
        </if>
    </trim>
	</sql>

    <select id="select_count">
    SELECT COUNT(*) AS count FROM STOCK_KIWOOM.거래량급증요청 T
    <include refid="where-list"/>
    </select>

	<select id="select_list">
    SELECT 
         T.일자
        ,T.순번
        ,T.종목코드
        ,T.종목명
        ,T.현재가
        ,T.전일대비기호
        ,T.전일대비
        ,T.등락률
        ,T.이전거래량
        ,T.현재거래량
        ,T.급증량
        ,T.급증률
        ,DATE_FORMAT(T.insert_date,'%Y-%m-%d %H:%i:%s') AS insert_date
        ,DATE_FORMAT(T.update_date,'%Y-%m-%d %H:%i:%s') AS update_date
    FROM STOCK_KIWOOM.거래량급증요청 T
    <include refid="where-list"/>
	<choose>
		<when test="order_by != null and order_by != ''">
			${order_by}
		</when>
		<otherwise>
		</otherwise>
	</choose>
	<if test="limit != null and limit != ''">
		limit #{limit}
	</if>
	</select>

</mapper>
