<?xml version="1.0" encoding="UTF-8"?>
<!DOCTYPE mapper PUBLIC "-//mybatis.org//DTD Mapper 3.0//EN" "http://mybatis.org/dtd/mybatis-3-mapper.dtd">

<mapper namespace="Naver검색상위MapperXml">

    <insert id="merge">
    INSERT INTO 
        STOCK_NAVER.NAVER검색상위(
         일자
        ,순번
        ,순위
        ,종목코드
        ,종목명
        ,검색비율
        ,현재가
        ,전일비상태
        ,전일비
        ,등락률
        ,거래량
        ,시가
        ,고가
        ,저가
        ,PER
        ,ROE
    ) VALUES (
         #{일자}
        ,#{순번}
        ,#{순위}
        ,#{종목코드}
        ,#{종목명}
        ,#{검색비율}
        ,#{현재가}
        ,#{전일비상태}
        ,#{전일비}
        ,#{등락률}
        ,#{거래량}
        ,#{시가}
        ,#{고가}
        ,#{저가}
        ,#{PER}
        ,#{ROE}
    ) ON DUPLICATE KEY UPDATE 
    <trim prefixOverrides=","> 
        , 순번= #{순번}
        , 순위= #{순위}
        , 검색비율= #{검색비율}
        , 현재가= #{현재가}
        , 전일비상태= #{전일비상태}
        , 전일비= #{전일비}
        , 등락률= #{등락률}
        , 거래량= #{거래량}
        , 시가= #{시가}
        , 고가= #{고가}
        , 저가= #{저가}
        , PER= #{PER}
        , ROE= #{ROE}
        , update_date= #{update_date}
    </trim>
    </insert>

	<insert id="bulk_insert">
	INSERT INTO 
        STOCK_NAVER.NAVER검색상위 (
         일자
        ,순번
        ,순위
        ,종목코드
        ,종목명
        ,검색비율
        ,현재가
        ,전일비상태
        ,전일비
        ,등락률
        ,거래량
        ,시가
        ,고가
        ,저가
        ,PER
        ,ROE
        )
         VALUES
		<foreach collection="list" item="item" separator=",">
			(
                 #{item.일자}
                ,#{item.순번}
                ,#{item.순위}
                ,#{item.종목코드}
                ,#{item.종목명}
                ,#{item.검색비율}
                ,#{item.현재가}
                ,#{item.전일비상태}
                ,#{item.전일비}
                ,#{item.등락률}
                ,#{item.거래량}
                ,#{item.시가}
                ,#{item.고가}
                ,#{item.저가}
                ,#{item.PER}
                ,#{item.ROE}
			)
	 	</foreach>
	</insert>
	
    <insert id="insert">
    INSERT INTO 
        STOCK_NAVER.NAVER검색상위 (
         일자
        ,순번
        ,순위
        ,종목코드
        ,종목명
        ,검색비율
        ,현재가
        ,전일비상태
        ,전일비
        ,등락률
        ,거래량
        ,시가
        ,고가
        ,저가
        ,PER
        ,ROE
        )
         VALUES 
        (
         #{일자}
        ,#{순번}
        ,#{순위}
        ,#{종목코드}
        ,#{종목명}
        ,#{검색비율}
        ,#{현재가}
        ,#{전일비상태}
        ,#{전일비}
        ,#{등락률}
        ,#{거래량}
        ,#{시가}
        ,#{고가}
        ,#{저가}
        ,#{PER}
        ,#{ROE}
        )
    </insert>

    <update id="update">
    UPDATE 
        STOCK_NAVER.NAVER검색상위 T
         SET 
         <trim prefixOverrides=",">
            <if test="_순번 != null and _순번 != ''">, 순번= #{_순번} </if>
            <if test="_순위 != null and _순위 != ''">, 순위= #{_순위} </if>
            <if test="_검색비율 != null and _검색비율 != ''">, 검색비율= #{_검색비율} </if>
            <if test="_현재가 != null and _현재가 != ''">, 현재가= #{_현재가} </if>
            <if test="_전일비상태 != null and _전일비상태 != ''">, 전일비상태= #{_전일비상태} </if>
            <if test="_전일비 != null and _전일비 != ''">, 전일비= #{_전일비} </if>
            <if test="_등락률 != null and _등락률 != ''">, 등락률= #{_등락률} </if>
            <if test="_거래량 != null and _거래량 != ''">, 거래량= #{_거래량} </if>
            <if test="_시가 != null and _시가 != ''">, 시가= #{_시가} </if>
            <if test="_고가 != null and _고가 != ''">, 고가= #{_고가} </if>
            <if test="_저가 != null and _저가 != ''">, 저가= #{_저가} </if>
            <if test="_PER != null and _PER != ''">, PER= #{_PER} </if>
            <if test="_ROE != null and _ROE != ''">, ROE= #{_ROE} </if>
            <if test="_update_date != null and _update_date != ''">, update_date= #{_update_date} </if>
        </trim>
        <include refid="where-list"/>
    </update>

	<delete id="delete">
    DELETE FROM 
        STOCK_NAVER.NAVER검색상위 T
        <include refid="where-list"/>
    </delete>
    
	<sql id="where-list">
    <trim prefix="WHERE" prefixOverrides="AND">
        <if test="일자 != null and 일자 != ''">
            AND T.일자 = #{일자}
        </if>
        <if test="순번 != null and 순번 != ''">
            AND T.순번 = #{순번}
        </if>
        <if test="순위 != null and 순위 != ''">
            AND T.순위 = #{순위}
        </if>
        <if test="종목코드 != null and 종목코드 != ''">
            AND T.종목코드 = #{종목코드}
        </if>
        <if test="종목명 != null and 종목명 != ''">
            AND T.종목명 = #{종목명}
        </if>
        <if test="검색비율 != null and 검색비율 != ''">
            AND T.검색비율 = #{검색비율}
        </if>
        <if test="현재가 != null and 현재가 != ''">
            AND T.현재가 = #{현재가}
        </if>
        <if test="전일비상태 != null and 전일비상태 != ''">
            AND T.전일비상태 = #{전일비상태}
        </if>
        <if test="전일비 != null and 전일비 != ''">
            AND T.전일비 = #{전일비}
        </if>
        <if test="등락률 != null and 등락률 != ''">
            AND T.등락률 = #{등락률}
        </if>
        <if test="거래량 != null and 거래량 != ''">
            AND T.거래량 = #{거래량}
        </if>
        <if test="시가 != null and 시가 != ''">
            AND T.시가 = #{시가}
        </if>
        <if test="고가 != null and 고가 != ''">
            AND T.고가 = #{고가}
        </if>
        <if test="저가 != null and 저가 != ''">
            AND T.저가 = #{저가}
        </if>
        <if test="PER != null and PER != ''">
            AND T.PER = #{PER}
        </if>
        <if test="ROE != null and ROE != ''">
            AND T.ROE = #{ROE}
        </if>
    </trim>
	</sql>

    <select id="select_count">
    SELECT COUNT(*) AS count FROM STOCK_NAVER.NAVER검색상위 T
    <include refid="where-list"/>
    </select>

	<select id="select_list">
    SELECT 
         T.일자
        ,T.순번
        ,T.순위
        ,T.종목코드
        ,T.종목명
        ,T.검색비율
        ,T.현재가
        ,T.전일비상태
        ,T.전일비
        ,T.등락률
        ,T.거래량
        ,T.시가
        ,T.고가
        ,T.저가
        ,T.PER
        ,T.ROE
        ,DATE_FORMAT(T.insert_date,'%Y-%m-%d %H:%i:%s') AS insert_date
        ,DATE_FORMAT(T.update_date,'%Y-%m-%d %H:%i:%s') AS update_date
    FROM STOCK_NAVER.NAVER검색상위 T
    <include refid="where-list"/>
	<choose>
		<when test="order_by != null and order_by != ''">
			${order_by}
		</when>
		<otherwise>
		</otherwise>
	</choose>
	<if test="limit != null and limit != ''">
		limit ${limit}
	</if>
	</select>

</mapper>
