<?xml version="1.0" encoding="UTF-8"?>
<!DOCTYPE mapper PUBLIC "-//mybatis.org//DTD Mapper 3.0//EN" "http://mybatis.org/dtd/mybatis-3-mapper.dtd">

<mapper namespace="TransWatchMapperXml">

    <insert id="merge">
    INSERT INTO 
        STOCK_ACTION.TRANS_WATCH(
    ) VALUES (
    ) ON DUPLICATE KEY UPDATE 
    <trim prefixOverrides=","> 
    </trim>
    </insert>

	<insert id="bulk_insert">
	INSERT INTO 
        STOCK_ACTION.TRANS_WATCH (
        )
         VALUES
		<foreach collection="list" item="item" separator=",">
			(
			)
	 	</foreach>
	</insert>
	
    <insert id="insert">
    INSERT INTO 
        STOCK_ACTION.TRANS_WATCH (
        )
         VALUES 
        (
        )
    </insert>

    <update id="update">
    UPDATE 
        STOCK_ACTION.TRANS_WATCH T
        </trim>
        <include refid="where-list"/>
    </update>

	<delete id="delete">
    DELETE FROM 
        STOCK_ACTION.TRANS_WATCH T
        <include refid="where-list"/>
    </delete>
    
	<sql id="where-list">

	</sql>

    <select id="select_count">
    SELECT COUNT(*) AS count FROM STOCK_ACTION.TRANS_WATCH T
    <include refid="where-list"/>
    </select>

	<select id="select_list">
    SELECT 
    FROM STOCK_ACTION.TRANS_WATCH T
    <include refid="where-list"/>
	<choose>
		<when test="order_by != null and order_by != ''">
			${order_by}
		</when>
		<otherwise>
		</otherwise>
	</choose>
	<if test="limit != null and limit != ''">
		limit ${limit}
	</if>
	</select>

</mapper>
