<beans xmlns="http://www.springframework.org/schema/beans"
	xmlns:xsi="http://www.w3.org/2001/XMLSchema-instance" xmlns:context="http://www.springframework.org/schema/context"
	xmlns:p="http://www.springframework.org/schema/p" xmlns:mvc="http://www.springframework.org/schema/mvc"
	xsi:schemaLocation="http://www.springframework.org/schema/mvc http://www.springframework.org/schema/mvc/spring-mvc-4.0.xsd
		http://www.springframework.org/schema/beans http://www.springframework.org/schema/beans/spring-beans-4.0.xsd
		http://www.springframework.org/schema/util http://www.springframework.org/schema/util/spring-util-4.0.xsd
		http://www.springframework.org/schema/context http://www.springframework.org/schema/context/spring-context-4.0.xsd">

	<bean class="org.springframework.web.servlet.mvc.method.annotation.RequestMappingHandlerMapping">
		<property name="order" value="10" />
	</bean>
	
	<bean class="org.springframework.web.servlet.mvc.SimpleControllerHandlerAdapter" />
	
	<mvc:interceptors>
		<!-- RSA 복호화 & client SEED암호화 -->
		<mvc:interceptor>
			<mvc:mapping path="/api/init/init0101"/>
			<bean class="com.hyundaicard.cse.common.interceptor.RSAInterceptor" />
		</mvc:interceptor>
		
		<!-- 자동로그인 처리 -->
		<mvc:interceptor>
			<mvc:mapping path="/**"/>
			<bean class="com.hyundaicard.cse.common.interceptor.AutoLoginInterceptor" />
		</mvc:interceptor>
		
		<!-- SEED 복호화 -->
		<mvc:interceptor>
			<mvc:mapping path="/api/**"/>
			<bean class="com.hyundaicard.cse.common.interceptor.SEEDInterceptor" />
		</mvc:interceptor>
		
		<!-- Session 검증 -->
		<mvc:interceptor>
			<mvc:mapping path="/api/**"/>
			<bean class="com.hyundaicard.cse.common.interceptor.SessionInterceptor" />
		</mvc:interceptor>
	
	</mvc:interceptors>

</beans>