<?xml version="1.0" encoding="UTF-8"?>
<beans xmlns="http://www.springframework.org/schema/beans"
	xmlns:xsi="http://www.w3.org/2001/XMLSchema-instance"
	xmlns:context="http://www.springframework.org/schema/context"
	xmlns:p="http://www.springframework.org/schema/p"
	xmlns:mvc="http://www.springframework.org/schema/mvc"
	xmlns:task="http://www.springframework.org/schema/task"
	xsi:schemaLocation="http://www.springframework.org/schema/mvc http://www.springframework.org/schema/mvc/spring-mvc-4.0.xsd
		http://www.springframework.org/schema/beans http://www.springframework.org/schema/beans/spring-beans-4.0.xsd
		http://www.springframework.org/schema/util http://www.springframework.org/schema/util/spring-util-4.0.xsd
		http://www.springframework.org/schema/context http://www.springframework.org/schema/context/spring-context-4.0.xsd
		http://www.springframework.org/schema/task http://www.springframework.org/schema/task/spring-task-3.0.xsd">		

	<!-- Annotation Driven -->
	<mvc:annotation-driven>
		<mvc:message-converters>
			<!-- @ResponseBody 로 String 처리할때 한글처리 -->
			<bean class="org.springframework.http.converter.StringHttpMessageConverter">
				<constructor-arg value="UTF-8"></constructor-arg>
				<property name="supportedMediaTypes">
					<list>
						<value>text/html;charset=UTF-8</value>
						<value>text/plain;charset=UTF-8</value>
						<value>application/json;charset=UTF-8</value>
					</list>
				</property>
			</bean>
		</mvc:message-converters>
		<!-- @Requst 타입 파라미터를 받기위한 resolver -->
		<mvc:argument-resolvers> 
			<bean class="com.hyundaicard.cse.common.support.RequestHandlerMethodArgumentResolver" /> 
		</mvc:argument-resolvers>
	</mvc:annotation-driven>

	<!-- RESTful setting config -->
	<mvc:default-servlet-handler/>

	<!-- Auto-detecting components -->
	<context:component-scan base-package="com.hyundaicard.cse.app" use-default-filters="false">
		<context:include-filter type="annotation" expression="org.springframework.stereotype.Controller"/>
	</context:component-scan>

	<!-- Resources -->
	<mvc:resources location="/resources/" mapping="/resources/**"/>

	<!-- Bean Name URL Handler mapping definition for "/**/" invoker -->
	<bean class="org.springframework.web.servlet.handler.BeanNameUrlHandlerMapping" />
	
	<!-- view name tanslator -->
	<bean id="viewNameTranslator" class="org.springframework.web.servlet.view.DefaultRequestToViewNameTranslator" />

	<!-- Exception Resolver -->
	<bean class="org.springframework.web.servlet.handler.SimpleMappingExceptionResolver">
		<property name="exceptionMappings">
			<props>
				<prop key="java.lang.Exception">
					error/exception
				</prop>
			</props>
		</property>
	</bean>

	<!-- view resolver -->
	<bean class="org.springframework.web.servlet.view.ContentNegotiatingViewResolver">
		<property name="contentNegotiationManager">
			<bean class="org.springframework.web.accept.ContentNegotiationManager">
				<constructor-arg>
					<bean class="org.springframework.web.accept.PathExtensionContentNegotiationStrategy">
						<constructor-arg>
							<map>
								<entry key="atom"	value="application/atom+xml" />
								<entry key="xml" 	value="application/xml" />
								<entry key="json"	value="application/json" />
								<entry key="htm"	value="text/html" />
							</map>
						</constructor-arg>
					</bean>
				</constructor-arg>
			</bean>
		</property>
		<property name="viewResolvers">
			<list>
				<bean class="org.springframework.web.servlet.view.BeanNameViewResolver">
					<property name="order" value="0"></property>
				</bean>
				<bean class="org.springframework.web.servlet.view.InternalResourceViewResolver">
					<property name="exposeContextBeansAsAttributes" value="true"/>
					<property name="prefix" value="/WEB-INF/views/" />
					<property name="suffix" value=".jsp" />
					<property name="order" value="1"></property>
				</bean>
			</list>
		</property>
		<property name="defaultViews">
			<list>
				<!-- JSON View -->
				<bean class="org.springframework.web.servlet.view.json.MappingJackson2JsonView">
					<property name="prefixJson" value="true" />
				</bean>
			</list>
		</property>
	</bean>
	
	<bean id="defaultJsonView" name="defaultJsonView" class="org.springframework.web.servlet.view.json.MappingJackson2JsonView" />
	
	<context:component-scan base-package="com.hyundaicard.cse.app.data" />
	
	<task:scheduler id="DataAnalyzer" pool-size="10" />
    <task:annotation-driven scheduler="DataAnalyzer" />

	
	<!-- Import -->
	<import resource="classpath:config/spring/application/application-interceptor.xml"/>
</beans>