<?xml version="1.0" encoding="UTF-8"?>
<beans xmlns="http://www.springframework.org/schema/beans"
	xmlns:xsi="http://www.w3.org/2001/XMLSchema-instance"
	xmlns:context="http://www.springframework.org/schema/context"
	xmlns:mvc="http://www.springframework.org/schema/mvc"
	xmlns:aop="http://www.springframework.org/schema/aop"
	xmlns:tx="http://www.springframework.org/schema/tx"
	xsi:schemaLocation="http://www.springframework.org/schema/aop http://www.springframework.org/schema/aop/spring-aop-4.0.xsd
		http://www.springframework.org/schema/mvc http://www.springframework.org/schema/mvc/spring-mvc-4.0.xsd
		http://www.springframework.org/schema/beans http://www.springframework.org/schema/beans/spring-beans-4.0.xsd
		http://www.springframework.org/schema/util http://www.springframework.org/schema/util/spring-util-4.0.xsd
		http://www.springframework.org/schema/tx http://www.springframework.org/schema/tx/spring-tx-4.0.xsd
		http://www.springframework.org/schema/context http://www.springframework.org/schema/context/spring-context-4.0.xsd">

	<!-- Component Scan -->
	<context:component-scan base-package="com.hyundaicard.cse">
		<context:exclude-filter type="annotation" expression="org.springframework.stereotype.Controller"/>
	</context:component-scan>

	<!-- aop:aspectj-autoproxy -->
	<aop:aspectj-autoproxy proxy-target-class="true" />

	<!-- Ant Path Mater -->
	<bean id="antPathMater" class="org.springframework.util.AntPathMatcher" />
	
	<!-- Apache Common Configuration -->
	<bean id="config" class="com.hyundaicard.cse.common.util.Config">
		<property name="common" ref="commonConfig"></property>
	</bean>
	
	<!-- commonConfig -->
	<bean id="commonConfig" class="org.apache.commons.configuration.CompositeConfiguration">
		<constructor-arg>
			<list>
				<bean class="org.apache.commons.configuration.XMLConfiguration">
					<constructor-arg type="java.lang.String">
						<value>config/CommonConfig.xml</value>
					</constructor-arg>
					<property name="reloadingStrategy">
						<bean class="org.apache.commons.configuration.reloading.FileChangedReloadingStrategy" />
					</property>
				</bean>
			</list>
		</constructor-arg>
	</bean>	
	
	<bean id="httpClient" class="org.apache.http.impl.client.DefaultHttpClient">
        <constructor-arg>
            <bean class="org.apache.http.impl.conn.PoolingClientConnectionManager"/>
        </constructor-arg>
    </bean>

	<bean id="httpClientFactory" class="org.springframework.http.client.HttpComponentsClientHttpRequestFactory">
	    <constructor-arg ref="httpClient"/>
	</bean>

 	<!-- API Rest Template -->
	<bean id="apiRestTemplate" class="org.springframework.web.client.RestTemplate">
		<constructor-arg ref="httpClientFactory" />
		<property name="messageConverters">
			<list>
				<bean class="org.springframework.http.converter.FormHttpMessageConverter">
					<property name="partConverters">
						<list>
							<bean class="org.springframework.http.converter.ByteArrayHttpMessageConverter">
							</bean>
							<bean class="org.springframework.http.converter.StringHttpMessageConverter">
								<constructor-arg>
									<bean class="java.nio.charset.Charset" factory-method="forName">
										<constructor-arg value="UTF-8" />
									</bean>
								</constructor-arg>
								<property name="writeAcceptCharset" value="false" />
							</bean>
							<bean class="org.springframework.http.converter.ResourceHttpMessageConverter">
							</bean>
						</list>
					</property>
				</bean>
				<bean class="org.springframework.http.converter.StringHttpMessageConverter">
					<constructor-arg>
						<bean class="java.nio.charset.Charset" factory-method="forName">
							<constructor-arg value="UTF-8" />
						</bean>
					</constructor-arg>
				</bean>
			</list>
		</property>
	</bean>
	
	   <!-- Jackson object mapper -->
    <bean id="objectMapper" class="com.fasterxml.jackson.databind.ObjectMapper" />
    <bean class="org.springframework.beans.factory.config.MethodInvokingFactoryBean">
        <property name="targetObject" ref="objectMapper"/>
        <property name="targetMethod" value="configure"/>
        <property name="arguments">
            <list>
                <value type="com.fasterxml.jackson.databind.DeserializationFeature">FAIL_ON_UNKNOWN_PROPERTIES</value>
                <value>false</value>
            </list>
        </property>
    </bean>

	<!-- Import -->
	<import resource="classpath:config/spring/context/context-properties.xml"/>
	<import resource="classpath:config/spring/context/context-system-database.xml"/>
	<import resource="classpath:config/spring/context/context-message.xml"/>
</beans>