<beans xmlns="http://www.springframework.org/schema/beans"
	xmlns:xsi="http://www.w3.org/2001/XMLSchema-instance" xmlns:context="http://www.springframework.org/schema/context"
	xmlns:p="http://www.springframework.org/schema/p" xmlns:mvc="http://www.springframework.org/schema/mvc"
	xsi:schemaLocation="http://www.springframework.org/schema/mvc http://www.springframework.org/schema/mvc/spring-mvc-4.0.xsd
		http://www.springframework.org/schema/beans http://www.springframework.org/schema/beans/spring-beans-4.0.xsd
		http://www.springframework.org/schema/util http://www.springframework.org/schema/util/spring-util-4.0.xsd
		http://www.springframework.org/schema/context http://www.springframework.org/schema/context/spring-context-4.0.xsd">

	<!-- Global Message -->
	<bean id="messageSource" class="org.springframework.context.support.ReloadableResourceBundleMessageSource">
		<property name="basenames">
			<list>
				<value>classpath:/message/messages</value>
            </list>
        </property>
        <property name="defaultEncoding" value="UTF-8" />
        <property name="cacheSeconds">
            <value>60</value>
        </property>
    </bean>

    <!-- MessageSourceAccessor -->
    <bean id="messageSourceAccessor" class="org.springframework.context.support.MessageSourceAccessor">
    	<constructor-arg ref="messageSource" />
    </bean>

    <!-- MessageManager -->
    <bean id="messageManager" class="com.hyundaicard.cse.common.util.MessageManage">
    	<property name="messageSourceAccessor" ref="messageSourceAccessor" />
    </bean>
</beans>