<?xml version="1.0" encoding="UTF-8"?>
<!DOCTYPE mapper PUBLIC "-//mybatis.org//DTD Mapper 3.0//EN" "http://mybatis.org/dtd/mybatis-3-mapper.dtd">

<mapper namespace="com.hyundaicard.cse.app.main.mapper.MainMapper">
	
	<select id="getHotKeyGrp" resultType="Integer">
		SELECT KEYWORD_GRP_SQ
		FROM TS_HOT_KEYWORD_GRP_INFO
		WHERE DATE_FORMAT(GET_KST_NOW(), '%Y%m%d') BETWEEN DISPLAY_STR_DT AND DISPLAY_END_DT
		AND DATE_FORMAT(GET_KST_NOW(),'%H%i%S') BETWEEN DISPLAY_STR_HM AND DISPLAY_END_HM
		AND USE_YN = 'Y'
	</select>
	
	<select id="getHotKeyList" parameterType="Integer" resultType='HotKeywordEntity'>
		SELECT 
			KEYWORD_GRP_SQ   AS keywordGrpSq,
			KEYWORD_SEQ      AS keywordSeq,
			KEYWORD          AS keyword
		FROM
		    TS_HOT_KEYWORD_DETAIL_INFO
		WHERE KEYWORD_GRP_SQ = #{hotKeySq}
		ORDER BY KEYWORD_SEQ ASC
	</select>
	
	<!-- MainMapper.xml, getDate - 상세 -->
	<select id="getDate" parameterType="string" resultType="string">
		SELECT DATE_FORMAT(GET_KST_NOW(),#{value}) AS CUR_DATE
	</select>
	
	<select id="getLogoImg" resultType="string">
		SELECT LOGO_DGN_IMG
		FROM TS_LOGO_DESIGN_INFO
		WHERE DISPLAY_YN = 'Y'
		AND DATE_FORMAT(GET_KST_NOW(), '%Y%m%d%H%i%S') BETWEEN DISPLAY_STR_DT AND DISPLAY_END_DT
		ORDER BY LOGO_DGN_SQ DESC
		LIMIT 1
	</select>
</mapper>