<?xml version="1.0" encoding="UTF-8"?>
<!DOCTYPE mapper PUBLIC "-//mybatis.org//DTD Mapper 3.0//EN" "http://mybatis.org/dtd/mybatis-3-mapper.dtd">
<mapper namespace="web.townsi.com.work.tibero02.#camelTableName#.mapper.#camelTableFirstUpperName#Mapper">

<sql id="where-list">
#where#
</sql>

<select id="selectCount" parameterType="hashMap" resultType="int" flushCache="true">
#selectCount#
</select>

<select id="selectList" parameterType="hashMap" resultType="web.townsi.com.work.tibero02.#camelTableName#.vo.#camelTableFirstUpperName#VO" flushCache="true">
SELECT * FROM (
SELECT AA.*, ROWNUM AS RNUM
FROM (

#select#

) AA WHERE ROWNUM <![CDATA[<=]]> ${limit} ) BB WHERE RNUM <![CDATA[>]]> #{offset}
</select>

<select id="selectAllList" parameterType="hashMap" resultType="web.townsi.com.work.tibero02.#camelTableName#.vo.#camelTableFirstUpperName#VO" flushCache="true">
#infoSelect#
</select>

<insert id="bulkInsert" parameterType="hashMap" flushCache="true">
#bulkInsert#
	<foreach collection="list" item="item" separator=",">
#bulkInsertValSql#
 	</foreach>
</insert>

<insert id="insert" parameterType="web.townsi.com.work.tibero02.#camelTableName#.vo.#camelTableFirstUpperName#VO">
#insert#
</insert>

<update id="update" parameterType="web.townsi.com.work.tibero02.#camelTableName#.vo.#camelTableFirstUpperName#VO">
#update#
</update>

<delete id="delete" parameterType="web.townsi.com.work.tibero02.#camelTableName#.vo.#camelTableFirstUpperName#VO">
#delete#
</delete>

</mapper>
