<?xml version="1.0" encoding="UTF-8"?>
<!DOCTYPE mapper PUBLIC "-//mybatis.org//DTD Mapper 3.0//EN" "http://mybatis.org/dtd/mybatis-3-mapper.dtd">

<mapper namespace="#tableName#MapperXml">

    <insert id="merge">
#merge#
    </insert>

	<insert id="bulk_insert">
	#bulkInsert#
		<foreach collection="list" item="item" separator=",">
	#bulkInsertValSql#
	 	</foreach>
	</insert>
	
    <insert id="insert">
#insert#
    </insert>

    <update id="update">
#update#
    </update>

	<delete id="delete">
#delete#
    </delete>
    
	<sql id="where-list">
#where#
	</sql>

    <select id="select_count">
#selectCount#
    </select>

	<select id="select_list">
#select#
	<choose>
		<when test="order_by != null and order_by != ''">
			${order_by}
		</when>
		<otherwise>
		</otherwise>
	</choose>
	<if test="limit != null and limit != ''">
		limit ${limit}
	</if>
	</select>

</mapper>