<?xml version="1.0" encoding="UTF-8"?>
<!DOCTYPE mapper PUBLIC "-//mybatis.org//DTD Mapper 3.0//EN" "http://mybatis.org/dtd/mybatis-3-mapper.dtd">

<mapper namespace="#packageNm#.service.dao.#tableNewFirstUpperName#DAO">

    <insert id="insert#tableNewFirstUpperName#">
	/* [#tableNewFirstUpperName#DAO.insert#tableNewFirstUpperName#] */    
#insert#
    </insert>

    <update id="update#tableNewFirstUpperName#">
    /* [#tableNewFirstUpperName#DAO.update#tableNewFirstUpperName#] */
#update#
    </update>

	<delete id="delete#tableNewFirstUpperName#">
    /* [#tableNewFirstUpperName#DAO.delete#tableNewFirstUpperName#] */
#delete#
    </delete>
    
	<sql id="where-list">
#where#
	</sql>
	
    <select id="select#tableNewFirstUpperName#">
#select#
    </select>	

    <select id="select#tableNewFirstUpperName#Cnt">
	/* [#tableNewFirstUpperName#DAO.select#tableNewFirstUpperName#Cnt] */
#selectCount#
    </select>

	<select id="select#tableNewFirstUpperName#List">
	/* [#tableNewFirstUpperName#DAO.select#tableNewFirstUpperName#List] */
	<include refid="SalCommDAO.paging-pre" />
#select#
	<include refid="SalCommDAO.paging-post" />
	</select>

</mapper>