<?xml version="1.0" encoding="UTF-8"?>
<!DOCTYPE mapper PUBLIC "-//mybatis.org//DTD Mapper 3.0//EN" "http://mybatis.org/dtd/mybatis-3-mapper.dtd">

<mapper namespace="com.hyundaicard.cse.app.share.mapper.ShareMapper">

	<sql id="field">
		 A.SHORTEN_URL   AS shortenUrl			/* 그룹코드명 */ 
		,A.REAL_URL      AS realUrl			/* 그룸코드설명 */ 
		,A.MEMBER_ID_SQ  AS memberIdSq			/* 회원아이디 일련번호 */ 
		,A.UUID          AS uuid			/* 비회원 단말 식별값 */ 
		,A.INSERT_DT     AS insertDt			/* 등록일시 */ 
	</sql>

	<sql id="fragment">
		FROM TS_SHORTEN_URL_INFO A
		<where>
			<trim prefixOverrides="AND|OR">
				<if test="@org.apache.commons.lang.StringUtils@isNotEmpty(shortenUrl)">
					AND A.SHORTEN_URL = #{shortenUrl}
				</if>
			</trim>
		</where>
	</sql>

    <select id="get" parameterType="ShareEntity" resultType="ShareEntity">
        SELECT  /* ShareMapper.xml, get */
			<include refid="com.hyundaicard.cse.app.share.mapper.ShareMapper.field"/>
			<include refid="com.hyundaicard.cse.app.share.mapper.ShareMapper.fragment"/>
	</select>

	
	<insert id="insert" parameterType="ShareEntity">
	   <selectKey keyProperty="shortenUrl" resultType="string" order="BEFORE">
        		SELECT CONCAT(#{path1},date_format(now(6), '%y%m%d%H%i%s%f'))
   		</selectKey>
		INSERT /* ShareMapper.xml, insert */
		INTO TS_SHORTEN_URL_INFO (
			 SHORTEN_URL			                      /* 그룹코드명 */ 
			,REAL_URL			                         /* 그룸코드설명 */ 
			,MEMBER_ID_SQ			                     /* 회원아이디 일련번호 */ 
			,UUID			                             /* 비회원 단말 식별값 */ 
			,INSERT_DT			                        /* 등록일시 */ 
		) VALUES (
			 #{shortenUrl}
			,#{realUrl}
			,#{memberIdSq}
			,#{uuid}
			,NOW()
		)
	</insert>
</mapper>
