<?xml version="1.0" encoding="UTF-8"?>
<!DOCTYPE mapper PUBLIC "-//mybatis.org//DTD Mapper 3.0//EN" "http://mybatis.org/dtd/mybatis-3-mapper.dtd">

<mapper namespace="kr.innovationpark.sample.sampleDAO">
	<!-- #desc# -->
	<select id="selectList" parameterType="HashMap" resultType="HashMap">
		#select#
	</select>

	<insert id="insert" parameterType="HashMap" useGeneratedKeys="true"
		keyProperty="HashMap">
		#insert#
	</insert>

	<update id="update" parameterType="HashMap">
		#update#
	</update>

	<delete id="delete" parameterType="HashMap">
		#delete#
	</delete>
</mapper>
