<?xml version="1.0" encoding="UTF-8"?>
<!DOCTYPE mapper PUBLIC "-//mybatis.org//DTD Mapper 3.0//EN" "http://mybatis.org/dtd/mybatis-3-mapper.dtd">

<mapper namespace="com.hyundaicard.cse.app.search.mapper.ReviewSiteMapper">

	<sql id="field">
		R.REVIEW_SITE_SQ			AS reviewSiteSq,		/* 사이트 리뷰 순번 */ 
		R.MEMBER_ID_SQ			AS memberIdSq,		/* 회원아이디 일련번호 */ 
		R.UUID					AS uuid,				/* 비회원 단말 식별값 */ 
		R.PASSWD					AS passwd,			/* 비회원 단말 식별값 */ 
		R.SITE_KEY				AS siteKey,			/* 사이트 키 */ 
		R.GRADE					AS grade, 			/* 별점 */
		IF(R.HIDDEN_YN = 'Y' ,'',R.REVIEW)		AS review,	/* 사이트 리뷰 내용 */ 
		R.INSERT_DT				AS insertDt,			/* 등록 일시 */
		R.INSERT_ID				AS insertId,			/* 등록 ID */
		R.UPDATE_DT				AS updateDt,			/* 수정 일시 */
		R.UPDATE_ID				AS updateId			/* 수정 ID */
	</sql>

	<sql id="fragment">
		FROM TS_REVIEW_SITE_INFO R
		<where>
			<trim prefixOverrides="AND|OR">
				<if test="@org.apache.commons.lang.StringUtils@isNotEmpty(reviewSiteSq)">
					AND R.REVIEW_SITE_SQ = #{reviewSiteSq}
				</if>
				<if test="@org.apache.commons.lang.StringUtils@isNotEmpty(siteKey)">
					AND R.SITE_KEY = #{siteKey}
				</if>
				<if test="@org.apache.commons.lang.StringUtils@isNotEmpty(passwd)">
					AND R.PASSWD = #{passwd}
				</if>
			</trim>
		</where>
	</sql>

    <select id="get" parameterType="ReviewSiteEntity" resultType="ReviewSiteEntity">
        SELECT  /* ReviewSiteMapper.xml, get */
			<include refid="com.hyundaicard.cse.app.search.mapper.ReviewSiteMapper.field"/>
			<include refid="com.hyundaicard.cse.app.search.mapper.ReviewSiteMapper.fragment"/>
	</select>
	
    <select id="getList" parameterType="ReviewSiteEntity" resultType="ReviewSiteEntity">
        <include refid="Common.PagingStart" />
	        SELECT  /* ReviewSiteMapper.xml, getList */
	        		(SELECT LOGIN_ID FROM TS_MEMBER_INFO WHERE MEMBER_ID_SQ = R.MEMBER_ID_SQ) userId,
				<include refid="com.hyundaicard.cse.app.search.mapper.ReviewSiteMapper.field"/>
				<include refid="com.hyundaicard.cse.app.search.mapper.ReviewSiteMapper.fragment"/>
			ORDER BY R.REVIEW_SITE_SQ DESC
		<choose>
		<when test="pageSize > 3">
	        <![CDATA[
	        LIMIT #{startNum}, #{endRownum}
	    ]]>
	    </when>
	    <otherwise>
	        <![CDATA[
	        LIMIT #{startRownum}, #{endRownum}
	    ]]>
	    </otherwise>
	    </choose>
	</select>
	
	<select id="getCount" parameterType="ReviewSiteEntity" resultType = "Integer">
		SELECT COUNT(1) AS count
			<include refid="com.hyundaicard.cse.app.search.mapper.ReviewSiteMapper.fragment"/>
	</select>
	
	<!-- 별점 평균 -->
    <select id="getGrade" parameterType="ReviewSiteEntity" resultType="float">
		SELECT IFNULL(AVG(R.GRADE),0) 
			<include refid="com.hyundaicard.cse.app.search.mapper.ReviewSiteMapper.fragment"/>
	</select>
	
	<insert id="insert" parameterType="ReviewSiteEntity">
		INSERT
		INTO TS_REVIEW_SITE_INFO(
			MEMBER_ID_SQ, UUID, PASSWD,
			SITE_KEY, GRADE, REVIEW,
			INSERT_DT, INSERT_ID, UPDATE_DT, UPDATE_ID
		)
		VALUES (
			#{memberIdSq}, #{uuid}, #{passwd},
			#{siteKey}, #{grade}, #{review},
			now(), #{loginIDInSession}, now(), #{loginIDInSession}
		)
		
	</insert>
	
	<update id="update" parameterType="ReviewSiteEntity">
		UPDATE	TS_REVIEW_SITE_INFO
		SET		GRADE 				= #{grade},
				REVIEW		 		= #{review},
				UPDATE_DT			= NOW(),
				UPDATE_ID			= #{loginIDInSession}
		WHERE	REVIEW_SITE_SQ = #{reviewSiteSq}
	</update>
	
	<delete id="delete" parameterType="ReviewSiteEntity">
		DELETE
		FROM		TS_REVIEW_SITE_INFO
		WHERE	REVIEW_SITE_SQ = #{reviewSiteSq}
	</delete>
</mapper>
