<?xml version="1.0" encoding="UTF-8"?>
<!DOCTYPE mapper PUBLIC "-//mybatis.org//DTD Mapper 3.0//EN" "http://mybatis.org/dtd/mybatis-3-mapper.dtd">

<mapper namespace="com.hyundaicard.cse.app.join.mapper.JoinMapper">
	
	<!-- checkUserId -->
	<select id="checkUserIdDuplicate" parameterType="String" resultType="String">
		SELECT 
			CASE COUNT(0)
			WHEN 0
			THEN 'Y'
			ELSE 'N' 
		    END
		    AS usePossibleYN
		FROM TS_MEMBER_INFO
		WHERE LOGIN_ID = #{userId}
	</select>
	
	<!-- registUserId -->
	<insert id="registUserId" parameterType="UserEntity">
		INSERT 
		INTO TS_MEMBER_INFO (
			MEMBER_ID_SQ,
			LOGIN_ID, 
			CUSTOMER_NO,
			UUID,
			OS_TYPE,
			HCC_AUTH_YN,
			HCC_AUTH_DT,
			JOIN_CHANNEL,
			SNS_UID,
			USE_YN,
			LAST_LOGIN_DT,
			INSERT_DT, 
			INSERT_ID, 
			UPDATE_DT, 
			UPDATE_ID
		) VALUES (
			SEQ_TS_MEMBER_INFO_NEXTVAL(),
			#{userId}, 
			#{customerNo}, 
			#{uuid},
			#{osType},
			#{hccAuthYN},
			NOW(),
			#{joinChannel},
			#{snsUid},
			'Y',
			NOW(),
			NOW(), 
			#{userId}, 
			NOW(), 
			#{userId}
		)
	</insert>
		
	<update id="updateCustomerNoDefault" parameterType="UserEntity">		  
		UPDATE TS_MEMBER_INFO
		SET
			CUSTOMER_NO = '',
			HCC_AUTH_YN = 'N',
			UPDATE_DT = NOW()
		WHERE 
			CUSTOMER_NO = #{customerNo} 
	</update>
	
	<select id="selectMemberIdSq" parameterType="UserEntity" resultType="String">
		SELECT 
			MEMBER_ID_SQ
		FROM TS_MEMBER_INFO
		WHERE UUID = #{uuid}
		AND   LOGIN_ID = #{userId}
	</select>
	
	<update id="migrationBookmarkInfo" parameterType="UserEntity">		  
		UPDATE TS_FAV_SITE_CAT_INFO
		SET
			MEMBER_ID_SQ = #{memberIdSq}
		WHERE 
			UUID = #{uuid}
		AND MEMBER_ID_SQ = 'T999999999999999'	 
	</update>
	
	<update id="migrationLikeInfo" parameterType="UserEntity">		  
		UPDATE TS_LIKE_SITE_CAT_INFO
		SET
			MEMBER_ID_SQ = #{memberIdSq}
		WHERE 
			UUID = #{uuid} 
		AND MEMBER_ID_SQ = 'T999999999999999'
	</update>
	
	<update id="migrationReviewInfo" parameterType="UserEntity">		  
		UPDATE TS_REVIEW_SITE_INFO
		SET
			MEMBER_ID_SQ = #{memberIdSq}
		WHERE 
			UUID = #{uuid} 
		AND MEMBER_ID_SQ = 'T999999999999999'
	</update>
	
	<update id="migrationSurveyInfo" parameterType="UserEntity">		  
		UPDATE TS_PSNL_SURVEY_ANSWER_INFO
		SET
			MEMBER_ID_SQ = #{memberIdSq}
		WHERE 
			UUID = #{uuid} 
		AND MEMBER_ID_SQ = 'T999999999999999'
	</update>
	
</mapper>