<?xml version="1.0" encoding="UTF-8"?>
<!DOCTYPE mapper PUBLIC "-//mybatis.org//DTD Mapper 3.0//EN" "http://mybatis.org/dtd/mybatis-3-mapper.dtd">

<mapper namespace="TransWatchMapperXml">

    <insert id="merge">
    INSERT INTO 
        STOCK_TRANS.TRANS_WATCH(
         watch_id
        ,user_id
        ,watch_pid
        ,rept_id
        ,접수상태
        ,등록출처
        ,등록출처_nm
        ,투자금액1회
        ,손절률
        ,전략
        ,시장구분
        ,종목코드
        ,종목명
        ,watch_kind
        ,평균체결가
        ,quantity
        ,del_yn
    ) VALUES (
         #{watch_id}
        ,#{user_id}
        ,#{watch_pid}
        ,#{rept_id}
        ,#{접수상태}
        ,#{등록출처}
        ,#{등록출처_nm}
        ,#{투자금액1회}
        ,#{손절률}
        ,#{전략}
        ,#{시장구분}
        ,#{종목코드}
        ,#{종목명}
        ,#{watch_kind}
        ,#{평균체결가}
        ,#{quantity}
        ,#{del_yn}
    ) ON DUPLICATE KEY UPDATE 
    <trim prefixOverrides=","> 
        , watch_pid= #{watch_pid}
        , rept_id= #{rept_id}
        , 접수상태= #{접수상태}
        , 등록출처= #{등록출처}
        , 등록출처_nm= #{등록출처_nm}
        , 투자금액1회= #{투자금액1회}
        , 손절률= #{손절률}
        , 전략= #{전략}
        , 시장구분= #{시장구분}
        , 종목코드= #{종목코드}
        , 종목명= #{종목명}
        , watch_kind= #{watch_kind}
        , 평균체결가= #{평균체결가}
        , quantity= #{quantity}
        , del_yn= #{del_yn}
        , update_date= #{update_date}
    </trim>
    </insert>

	<insert id="bulk_insert">
	INSERT INTO 
        STOCK_TRANS.TRANS_WATCH (
         watch_id
        ,user_id
        ,watch_pid
        ,rept_id
        ,접수상태
        ,등록출처
        ,등록출처_nm
        ,투자금액1회
        ,손절률
        ,전략
        ,시장구분
        ,종목코드
        ,종목명
        ,watch_kind
        ,평균체결가
        ,quantity
        ,del_yn
        )
         VALUES
		<foreach collection="list" item="item" separator=",">
			(
                 #{item.watch_id}
                ,#{item.user_id}
                ,#{item.watch_pid}
                ,#{item.rept_id}
                ,#{item.접수상태}
                ,#{item.등록출처}
                ,#{item.등록출처_nm}
                ,#{item.투자금액1회}
                ,#{item.손절률}
                ,#{item.전략}
                ,#{item.시장구분}
                ,#{item.종목코드}
                ,#{item.종목명}
                ,#{item.watch_kind}
                ,#{item.평균체결가}
                ,#{item.quantity}
                ,#{item.del_yn}
			)
	 	</foreach>
	</insert>
	
    <insert id="insert">
    INSERT INTO 
        STOCK_TRANS.TRANS_WATCH (
         watch_id
        ,user_id
        ,watch_pid
        ,rept_id
        ,접수상태
        ,등록출처
        ,등록출처_nm
        ,투자금액1회
        ,손절률
        ,전략
        ,시장구분
        ,종목코드
        ,종목명
        ,watch_kind
        ,평균체결가
        ,quantity
        ,del_yn
        )
         VALUES 
        (
         #{watch_id}
        ,#{user_id}
        ,#{watch_pid}
        ,#{rept_id}
        ,#{접수상태}
        ,#{등록출처}
        ,#{등록출처_nm}
        ,#{투자금액1회}
        ,#{손절률}
        ,#{전략}
        ,#{시장구분}
        ,#{종목코드}
        ,#{종목명}
        ,#{watch_kind}
        ,#{평균체결가}
        ,#{quantity}
        ,#{del_yn}
        )
    </insert>

    <update id="update">
    UPDATE 
        STOCK_TRANS.TRANS_WATCH T
         SET 
         <trim prefixOverrides=",">
            <if test="_watch_pid != null and _watch_pid != ''">, watch_pid= #{_watch_pid} </if>
            <if test="_rept_id != null and _rept_id != ''">, rept_id= #{_rept_id} </if>
            <if test="_접수상태 != null and _접수상태 != ''">, 접수상태= #{_접수상태} </if>
            <if test="_등록출처 != null and _등록출처 != ''">, 등록출처= #{_등록출처} </if>
            <if test="_등록출처_nm != null and _등록출처_nm != ''">, 등록출처_nm= #{_등록출처_nm} </if>
            <if test="_투자금액1회 != null and _투자금액1회 != ''">, 투자금액1회= #{_투자금액1회} </if>
            <if test="_손절률 != null and _손절률 != ''">, 손절률= #{_손절률} </if>
            <if test="_전략 != null and _전략 != ''">, 전략= #{_전략} </if>
            <if test="_시장구분 != null and _시장구분 != ''">, 시장구분= #{_시장구분} </if>
            <if test="_종목코드 != null and _종목코드 != ''">, 종목코드= #{_종목코드} </if>
            <if test="_종목명 != null and _종목명 != ''">, 종목명= #{_종목명} </if>
            <if test="_watch_kind != null and _watch_kind != ''">, watch_kind= #{_watch_kind} </if>
            <if test="_평균체결가 != null and _평균체결가 != ''">, 평균체결가= #{_평균체결가} </if>
            <if test="_quantity != null and _quantity != ''">, quantity= #{_quantity} </if>
            <if test="_del_yn != null and _del_yn != ''">, del_yn= #{_del_yn} </if>
            <if test="_update_date != null and _update_date != ''">, update_date= #{_update_date} </if>
        </trim>
        <include refid="where-list"/>
    </update>

	<delete id="delete">
    DELETE FROM 
        STOCK_TRANS.TRANS_WATCH T
        <include refid="where-list"/>
    </delete>
    
	<sql id="where-list">
    <trim prefix="WHERE" prefixOverrides="AND">
        <if test="watch_id != null and watch_id != ''">
            AND T.watch_id = #{watch_id}
        </if>
        <if test="user_id != null and user_id != ''">
            AND T.user_id = #{user_id}
        </if>
        <if test="watch_pid != null and watch_pid != ''">
            AND T.watch_pid = #{watch_pid}
        </if>
        <if test="rept_id != null and rept_id != ''">
            AND T.rept_id = #{rept_id}
        </if>
        <if test="접수상태 != null and 접수상태 != ''">
            AND T.접수상태 = #{접수상태}
        </if>
        <if test="등록출처 != null and 등록출처 != ''">
            AND T.등록출처 = #{등록출처}
        </if>
        <if test="등록출처_nm != null and 등록출처_nm != ''">
            AND T.등록출처_nm = #{등록출처_nm}
        </if>
        <if test="투자금액1회 != null and 투자금액1회 != ''">
            AND T.투자금액1회 = #{투자금액1회}
        </if>
        <if test="손절률 != null and 손절률 != ''">
            AND T.손절률 = #{손절률}
        </if>
        <if test="전략 != null and 전략 != ''">
            AND T.전략 = #{전략}
        </if>
        <if test="시장구분 != null and 시장구분 != ''">
            AND T.시장구분 = #{시장구분}
        </if>
        <if test="종목코드 != null and 종목코드 != ''">
            AND T.종목코드 = #{종목코드}
        </if>
        <if test="종목명 != null and 종목명 != ''">
            AND T.종목명 = #{종목명}
        </if>
        <if test="watch_kind != null and watch_kind != ''">
            AND T.watch_kind = #{watch_kind}
        </if>
        <if test="평균체결가 != null and 평균체결가 != ''">
            AND T.평균체결가 = #{평균체결가}
        </if>
        <if test="quantity != null and quantity != ''">
            AND T.quantity = #{quantity}
        </if>
        <if test="del_yn != null and del_yn != ''">
            AND T.del_yn = #{del_yn}
        </if>
    </trim>
	</sql>

    <select id="select_count">
    SELECT COUNT(*) AS count FROM STOCK_TRANS.TRANS_WATCH T
    <include refid="where-list"/>
    </select>

	<select id="select_list">
    SELECT 
         T.watch_id
        ,T.user_id
        ,T.watch_pid
        ,T.rept_id
        ,T.접수상태
        ,T.등록출처
        ,T.등록출처_nm
        ,T.투자금액1회
        ,T.손절률
        ,T.전략
        ,T.시장구분
        ,T.종목코드
        ,T.종목명
        ,T.watch_kind
        ,T.평균체결가
        ,T.quantity
        ,T.del_yn
        ,DATE_FORMAT(T.insert_date,'%Y-%m-%d %H:%i:%s') AS insert_date
        ,DATE_FORMAT(T.update_date,'%Y-%m-%d %H:%i:%s') AS update_date
    FROM STOCK_TRANS.TRANS_WATCH T
    <include refid="where-list"/>
	<choose>
		<when test="order_by != null and order_by != ''">
			${order_by}
		</when>
		<otherwise>
		</otherwise>
	</choose>
	<if test="limit != null and limit != ''">
		limit ${limit}
	</if>
	</select>

</mapper>
