{
	"bizDetlPlanSeq" : "",
	"untCd" : "",
	"bizPlanSeq" : "",
	"hstSeq" : "",
	"upperSeq" : "",
	"upperPrjCd" : "",
	"prjCd" : "",
	"prjCdNm" : "",
	"contrProg" : "",
	"prog" : "",
	"prjPoints" : "",
	"contrPrjRto" : "",
	"prjRto" : "",
	"startDt" : "",
	"endDt" : "",
	"respSabun" : "",
	"respName" : "",
	"prjImpt" : "",
	"prjDfclty" : "",
	"reqCap" : "",
	"assignRsn" : "",
	"prjEvalRes" : "",
	"state" : "",
	"duration" : "",
	"reqTm" : "",
	"prevSeq" : "",
	"ord" : "",
	"lvl" : "",
	"mileYn" : "",
	"planMark" : "",
	"planDesc" : "",
	"cmplYn" : "",
	"updSabun" : "",
	"updDtm" : "",
	"regSabun" : "",
	"regDtm" : "",
	"delYn" : ""
}