{
	"bizActSeq" : "",
	"untCd" : "",
	"bizPlanSeq" : "",
	"hstSeq" : "",
	"bizDetlPlanSeq" : "",
	"upperActSeq" : "",
	"relpActSeq" : "",
	"typ" : "",
	"coopCd" : "",
	"sabun" : "",
	"name" : "",
	"actDt" : "",
	"startTm" : "",
	"endTm" : "",
	"prjCd" : "",
	"prjCdNm" : "",
	"res" : "",
	"score" : "",
	"evalScore" : "",
	"prjTyp" : "",
	"descr" : "",
	"category" : "",
	"attr" : "",
	"jntSchedSeq" : "",
	"lunchIncYn" : "",
	"updSabun" : "",
	"updDtm" : "",
	"regSabun" : "",
	"regDtm" : "",
	"delYn" : ""
}