<?xml version="1.0" encoding="UTF-8"?>
<!DOCTYPE mapper PUBLIC "-//mybatis.org//DTD Mapper 3.0//EN" "http://mybatis.org/dtd/mybatis-3-mapper.dtd">

<mapper namespace="KafkaMapperXml">

    <insert id="merge">
    INSERT INTO 
        STOCK.KAFKA(
         순번
        ,sender
        ,recipient
        ,command
        ,conn_kind
        ,user_id
        ,watch_id
        ,종목코드
        ,종목명
        ,command_json
        ,send_time
        ,is_response
    ) VALUES (
         #{순번}
        ,#{sender}
        ,#{recipient}
        ,#{command}
        ,#{conn_kind}
        ,#{user_id}
        ,#{watch_id}
        ,#{종목코드}
        ,#{종목명}
        ,#{command_json}
        ,#{send_time}
        ,#{is_response}
    ) ON DUPLICATE KEY UPDATE 
    <trim prefixOverrides=","> 
        , sender= #{sender}
        , recipient= #{recipient}
        , command= #{command}
        , conn_kind= #{conn_kind}
        , user_id= #{user_id}
        , watch_id= #{watch_id}
        , 종목코드= #{종목코드}
        , 종목명= #{종목명}
        , command_json= #{command_json}
        , send_time= #{send_time}
        , is_response= #{is_response}
        , update_date= #{update_date}
    </trim>
    </insert>

	<insert id="bulk_insert">
	INSERT INTO 
        STOCK.KAFKA (
         순번
        ,sender
        ,recipient
        ,command
        ,conn_kind
        ,user_id
        ,watch_id
        ,종목코드
        ,종목명
        ,command_json
        ,send_time
        ,is_response
        )
         VALUES
		<foreach collection="list" item="item" separator=",">
			(
                 #{item.순번}
                ,#{item.sender}
                ,#{item.recipient}
                ,#{item.command}
                ,#{item.conn_kind}
                ,#{item.user_id}
                ,#{item.watch_id}
                ,#{item.종목코드}
                ,#{item.종목명}
                ,#{item.command_json}
                ,#{item.send_time}
                ,#{item.is_response}
			)
	 	</foreach>
	</insert>
	
    <insert id="insert">
    INSERT INTO 
        STOCK.KAFKA (
         순번
        ,sender
        ,recipient
        ,command
        ,conn_kind
        ,user_id
        ,watch_id
        ,종목코드
        ,종목명
        ,command_json
        ,send_time
        ,is_response
        )
         VALUES 
        (
         #{순번}
        ,#{sender}
        ,#{recipient}
        ,#{command}
        ,#{conn_kind}
        ,#{user_id}
        ,#{watch_id}
        ,#{종목코드}
        ,#{종목명}
        ,#{command_json}
        ,#{send_time}
        ,#{is_response}
        )
    </insert>

    <update id="update">
    UPDATE 
        STOCK.KAFKA T
         SET 
         <trim prefixOverrides=",">
            <if test="_sender != null and _sender != ''">, sender= #{_sender} </if>
            <if test="_recipient != null and _recipient != ''">, recipient= #{_recipient} </if>
            <if test="_command != null and _command != ''">, command= #{_command} </if>
            <if test="_conn_kind != null and _conn_kind != ''">, conn_kind= #{_conn_kind} </if>
            <if test="_user_id != null and _user_id != ''">, user_id= #{_user_id} </if>
            <if test="_watch_id != null and _watch_id != ''">, watch_id= #{_watch_id} </if>
            <if test="_종목코드 != null and _종목코드 != ''">, 종목코드= #{_종목코드} </if>
            <if test="_종목명 != null and _종목명 != ''">, 종목명= #{_종목명} </if>
            <if test="_command_json != null and _command_json != ''">, command_json= #{_command_json} </if>
            <if test="_send_time != null and _send_time != ''">, send_time= #{_send_time} </if>
            <if test="_is_response != null and _is_response != ''">, is_response= #{_is_response} </if>
            <if test="_update_date != null and _update_date != ''">, update_date= #{_update_date} </if>
        </trim>
        <include refid="where-list"/>
    </update>

	<delete id="delete">
    DELETE FROM 
        STOCK.KAFKA T
        <include refid="where-list"/>
    </delete>
    
	<sql id="where-list">
    <trim prefix="WHERE" prefixOverrides="AND">
        <if test="순번 != null and 순번 != ''">
            AND T.순번 = #{순번}
        </if>
        <if test="sender != null and sender != ''">
            AND T.sender = #{sender}
        </if>
        <if test="recipient != null and recipient != ''">
            AND T.recipient = #{recipient}
        </if>
        <if test="command != null and command != ''">
            AND T.command = #{command}
        </if>
        <if test="conn_kind != null and conn_kind != ''">
            AND T.conn_kind = #{conn_kind}
        </if>
        <if test="user_id != null and user_id != ''">
            AND T.user_id = #{user_id}
        </if>
        <if test="watch_id != null and watch_id != ''">
            AND T.watch_id = #{watch_id}
        </if>
        <if test="종목코드 != null and 종목코드 != ''">
            AND T.종목코드 = #{종목코드}
        </if>
        <if test="종목명 != null and 종목명 != ''">
            AND T.종목명 = #{종목명}
        </if>
        <if test="command_json != null and command_json != ''">
            AND T.command_json = #{command_json}
        </if>
        <if test="send_time != null and send_time != ''">
            AND T.send_time = #{send_time}
        </if>
        <if test="is_response != null and is_response != ''">
            AND T.is_response = #{is_response}
        </if>
    </trim>
	</sql>

    <select id="select_count">
    SELECT COUNT(*) AS count FROM STOCK.KAFKA T
    <include refid="where-list"/>
    </select>

	<select id="select_list">
    SELECT 
         T.순번
        ,T.sender
        ,T.recipient
        ,T.command
        ,T.conn_kind
        ,T.user_id
        ,T.watch_id
        ,T.종목코드
        ,T.종목명
        ,T.command_json
        ,T.send_time
        ,T.is_response
        ,DATE_FORMAT(T.insert_date,'%Y-%m-%d %H:%i:%s') AS insert_date
        ,DATE_FORMAT(T.update_date,'%Y-%m-%d %H:%i:%s') AS update_date
    FROM STOCK.KAFKA T
    <include refid="where-list"/>
	<choose>
		<when test="order_by != null and order_by != ''">
			${order_by}
		</when>
		<otherwise>
		</otherwise>
	</choose>
	<if test="limit != null and limit != ''">
		limit ${limit}
	</if>
	</select>

</mapper>
