<?xml version="1.0" encoding="UTF-8"?>
<!DOCTYPE mapper PUBLIC "-//mybatis.org//DTD Mapper 3.0//EN" "http://mybatis.org/dtd/mybatis-3-mapper.dtd">

<mapper namespace="com.hyundaicard.cse.app.like.mapper.LikeMapper">

	<sql id="field">
	 A.LIKE_SITE_CAT_SQ AS likeSiteCatSq			/* 좋아요 사이트 순번 */ 
	,A.MEMBER_ID_SQ  	AS memberIdSq			/* 회원아이디 일련번호 */ 
	,A.UUID          	AS uuid			/* 비회원 단말 식별값 */ 
	,A.SITE_KEY      	AS siteKey			/* 사이트키 */ 
	,A.CAT_KEY       	AS catKey			/* 카테고리키 */ 
	,A.INSERT_DT     	AS insertDt			/* 등록일시 */ 
	,A.INSERT_ID    	AS insertId			/* 등록자ID */ 
	</sql>

	<sql id="fragment">
		FROM TS_LIKE_SITE_CAT_INFO A
		<where>
			<trim prefixOverrides="AND|OR">
				<if test="@org.apache.commons.lang.StringUtils@isNotEmpty(memberIdSq)">
					AND A.MEMBER_ID_SQ = #{memberIdSq}
				</if>
				<if test="@org.apache.commons.lang.StringUtils@isNotEmpty(uuid)">
					AND A.UUID = #{uuid}
				</if>
				<if test="@org.apache.commons.lang.StringUtils@isNotEmpty(siteKey)">
					AND A.SITE_KEY = #{siteKey}
				</if>
				<if test="@org.apache.commons.lang.StringUtils@isNotEmpty(catKey)">
					AND A.CAT_KEY = #{catKey}
				</if>
				<if test="@org.apache.commons.lang.StringUtils@isNotEmpty(catKeys)">
					AND A.CAT_KEY IN ${catKeys}
				</if>
			</trim>
		</where>
	</sql>

	<select id="get" parameterType="LikeEntity" resultType="LikeEntity">
		SELECT /* LikeMapper.xml, get */
		<include refid="com.hyundaicard.cse.app.like.mapper.LikeMapper.field" />
		<include refid="com.hyundaicard.cse.app.like.mapper.LikeMapper.fragment" />
	</select>

	<select id="getAllList" parameterType="LikeEntity" resultType="LikeEntity">
		SELECT /* LikeMapper.xml, getAllList */
		<include refid="com.hyundaicard.cse.app.like.mapper.LikeMapper.field" />
		<include refid="com.hyundaicard.cse.app.like.mapper.LikeMapper.fragment" />
		ORDER BY 1
	</select>
	
<!-- 
	<select id="count" parameterType="LikeEntity" resultType="Integer">
        SELECT  /* LikeMapper.xml, count*/
                COUNT(1) AS CNT
		  <include refid="com.hyundaicard.cse.app.like.mapper.LikeMapper.fragment"/>
	</select>
	 -->
	<insert id="insert" parameterType="LikeEntity" useGeneratedKeys="true" keyProperty="likeSiteCatSq">
		INSERT /* LikeMapper.xml, insert */
		INTO TS_LIKE_SITE_CAT_INFO (
			 LIKE_SITE_CAT_SQ			                 /* 좋아요 사이트 순번 */ 
			,MEMBER_ID_SQ			                     /* 회원아이디 일련번호 */ 
			,UUID			                             /* 비회원 단말 식별값 */ 
			,SITE_KEY			                         /* 사이트키 */ 
			,CAT_KEY			                         /* 카테고리키 */ 
			,INSERT_DT			                         /* 등록일시 */ 
			,INSERT_ID			                         /* 등록자ID */ 
		) VALUES (
			 #{likeSiteCatSq}
			,#{memberIdSq}
			,#{uuid}
			,#{siteKey}
			,#{catKey}
			,NOW()
			,#{memberIdSq}
		)
	</insert>
	
	<delete id="delete" parameterType="LikeEntity">
		DELETE  /* LikeMapper.xml, delete */
			FROM TS_LIKE_SITE_CAT_INFO
			 WHERE LIKE_SITE_CAT_SQ = #{likeSiteCatSq} 
			   AND MEMBER_ID_SQ = #{memberIdSq}
	</delete>

</mapper>
