<?xml version="1.0" encoding="UTF-8"?>
<!DOCTYPE mapper PUBLIC "-//mybatis.org//DTD Mapper 3.0//EN" "http://mybatis.org/dtd/mybatis-3-mapper.dtd">

<mapper namespace="com.hyundaicard.cse.app.like.mapper.LikeCountMapper">

	<sql id="field">
		A.SITE_KEY AS siteKey /* 사이트키 */ ,A.CAT_KEY AS catKey /* 카테고리키 */ ,A.LIKE_CNT AS
		likeCnt /* 좋아요수 */
	</sql>

	<sql id="fragment">
		FROM TS_LIKE_SITE_CAT_COUNT_INFO A
		<where>
			<trim prefixOverrides="AND|OR">
				<if test="@org.apache.commons.lang.StringUtils@isNotEmpty(siteKey)">
					AND A.SITE_KEY = #{siteKey}
				</if>
				<if test="@org.apache.commons.lang.StringUtils@isNotEmpty(catKey)">
					AND A.CAT_KEY = #{catKey}
				</if>
				<if test="@org.apache.commons.lang.StringUtils@isNotEmpty(catKeys)">
					AND A.CAT_KEY IN ${catKeys}
				</if>
			</trim>
		</where>
	</sql>

	<select id="get" parameterType="LikeCountEntity" resultType="LikeCountEntity">
		SELECT /* LikeCountMapper.xml, get */
		<include refid="com.hyundaicard.cse.app.like.mapper.LikeCountMapper.field" />
		<include refid="com.hyundaicard.cse.app.like.mapper.LikeCountMapper.fragment" />
	</select>


	<select id="getAllList" parameterType="LikeCountEntity" resultType="LikeCountEntity">
		SELECT /* LikeCountMapper.xml, getAllList */
		<include refid="com.hyundaicard.cse.app.like.mapper.LikeCountMapper.field" />
		<include refid="com.hyundaicard.cse.app.like.mapper.LikeCountMapper.fragment" />
			ORDER BY 1
	</select>
	
	
	<!-- <select id="count" parameterType="LikeCountEntity" resultType="Integer"> 
		SELECT /* LikeCountMapper.xml, count*/ COUNT(1) AS CNT <include refid="com.hyundaicard.cse.app.like.mapper.LikeCountMapper.fragment"/> 
		</select> -->
		
	<insert id="insert" parameterType="LikeCountEntity">
		INSERT /* LikeCountMapper.xml, insert */ 
			INTO TS_LIKE_SITE_CAT_COUNT_INFO (
				 SITE_KEY /* 사이트키 */ 
				,CAT_KEY /* 카테고리키 */ 
				,LIKE_CNT /* 좋아요수 */ ) 
			VALUES
				( #{siteKey} 
				,#{catKey} ,'1' )
		ON DUPLICATE KEY UPDATE
		LIKE_CNT = (LIKE_CNT+1)
	</insert>

	<update id="update" parameterType="LikeCountEntity">
		UPDATE /* LikeCountMapper.xml, update */ TS_LIKE_SITE_CAT_COUNT_INFO SET
		SITE_KEY = #{siteKey} /* 사이트키 */ ,CAT_KEY = #{catKey} /* 카테고리키 */
		,LIKE_CNT = (CASE WHEN LIKE_CNT = 0 THEN 0
		ELSE LIKE_CNT - 1 END) /* 좋아요수 */ WHERE 1=1 AND SITE_KEY = #{siteKey} AND
		CAT_KEY = #{catKey}
	</update>

</mapper>
