<?xml version="1.0" encoding="UTF-8"?>
<!DOCTYPE mapper PUBLIC "-//mybatis.org//DTD Mapper 3.0//EN" "http://mybatis.org/dtd/mybatis-3-mapper.dtd">

<mapper namespace="com.hyundaicard.cse.app.question.mapper.AnswerMapper">

	<select id="getAnswerCnt" resultType="Integer" parameterType="AnswerEntity">
	SELECT count(1)      AS count
	FROM TS_PSNL_SURVEY_ANSWER_INFO
	WHERE MEMBER_ID_SQ = #{loginIDInSession}
	<if test="@org.apache.commons.lang.StringUtils@isNotEmpty(uuid)">
		AND UUID = #{uuid}
	</if>
	</select>

	<select id="getAnswerList" resultType="AnswerDetailEntity" parameterType="AnswerEntity">
		SELECT 
			SURVEY_ANSWER_DET_SQ    AS surveyAnswerDetSq,
			SURVEY_ANSWER_SQ        AS surveyAnswerSq,
			SURVEY_QUESTION_SQ      AS surveyQuestionSq,
			ANSWER_VAL              AS answerVal,
			QUESTION_TYPE_CD		   AS questionTypeCd,
			ETC_FLAG_YN             AS etcFlagYn
		FROM TS_PSNL_SURVEY_ANSWER_DETAIL_INFO 
		WHERE SURVEY_ANSWER_SQ = (
			SELECT SURVEY_ANSWER_SQ
			FROM TS_PSNL_SURVEY_ANSWER_INFO
			<where>
				<if test="@org.apache.commons.lang.StringUtils@isNotEmpty(loginIDInSession)">
					AND MEMBER_ID_SQ = #{loginIDInSession}
				</if>
				<if test="@org.apache.commons.lang.StringUtils@isNotEmpty(uuid)">
					AND UUID = #{uuid}
				</if>
			</where>
			ORDER BY SURVEY_ANSWER_SQ DESC
			LIMIT 1
		)
		ORDER BY SURVEY_QUESTION_SQ ASC

	</select>
	
	<insert id="insert" parameterType="AnswerEntity" useGeneratedKeys="true" keyProperty="surveyAnswerSq" keyColumn="surveyAnswerSq" >
		INSERT
		INTO TS_PSNL_SURVEY_ANSWER_INFO(
			MEMBER_ID_SQ, UUID, SURVEY_SQ,
			INSERT_DT, INSERT_ID
		) VALUES (
			#{loginIDInSession}, #{uuid}, #{surveySq},
			NOW(), #{loginIDInSession}
		)
	</insert>
	
	<insert id="insertDetail" parameterType="AnswerDetailEntity">
		INSERT
		INTO TS_PSNL_SURVEY_ANSWER_DETAIL_INFO(
			SURVEY_ANSWER_SQ, SURVEY_QUESTION_SQ, ANSWER_VAL, ETC_FLAG_YN, QUESTION_TYPE_CD,
			INSERT_DT, INSERT_ID
		) VALUES (
			#{surveyAnswerSq}, #{surveyQuestionSq}, #{answerVal}, #{etcFlagYn}, #{questionTypeCd},
			NOW(), #{loginIDInSession}
		)
	</insert>
	
	
	<select id="getTagList" resultType="SurveyTagEntity" parameterType="SurveyTagEntity">
		SELECT
	    			TAG.TAG_VAL AS tagVal
		FROM 	TS_PSNL_SURVEY_TAG_MAPPING_INFO TAG, (
			SELECT 	* 
		    FROM 	TS_PSNL_SURVEY_ANSWER_DETAIL_INFO
		    WHERE 	SURVEY_ANSWER_SQ = (
				SELECT 	SURVEY_ANSWER_SQ
				FROM 	TS_PSNL_SURVEY_ANSWER_INFO
				<where>
					<if test="@org.apache.commons.lang.StringUtils@isNotEmpty(loginIDInSession)">
						AND MEMBER_ID_SQ = #{loginIDInSession}
					</if>
					<if test="@org.apache.commons.lang.StringUtils@isNotEmpty(uuid)">
						AND UUID = #{uuid}
					</if>
				</where>
				ORDER BY SURVEY_ANSWER_SQ DESC
				LIMIT 1
		    )
		)INFO
		WHERE 	TAG.QUESTION_TYPE_CD = INFO.QUESTION_TYPE_CD
		AND 		TAG.ANSWER_VAL = INFO.ANSWER_VAL
		AND 		USE_YN = 'Y'
	</select>
</mapper>