<?xml version="1.0" encoding="UTF-8"?>
<!DOCTYPE mapper PUBLIC "-//mybatis.org//DTD Mapper 3.0//EN" "http://mybatis.org/dtd/mybatis-3-mapper.dtd">

<mapper namespace="키움종목MapperXml">

    <insert id="merge">
    INSERT INTO 
        STOCK_KIWOOM.키움종목(
         일자
        ,종목코드
        ,시장구분
        ,종목명
    ) VALUES (
         #{일자}
        ,#{종목코드}
        ,#{시장구분}
        ,#{종목명}
    ) ON DUPLICATE KEY UPDATE 
    <trim prefixOverrides=","> 
        , 종목명= #{종목명}
        , update_date= #{update_date}
    </trim>
    </insert>

	<insert id="bulk_insert">
	INSERT INTO 
        STOCK_KIWOOM.키움종목 (
         일자
        ,종목코드
        ,시장구분
        ,종목명
        )
         VALUES
		<foreach collection="list" item="item" separator=",">
			(
                 #{item.일자}
                ,#{item.종목코드}
                ,#{item.시장구분}
                ,#{item.종목명}
			)
	 	</foreach>
	</insert>
	
    <insert id="insert">
    INSERT INTO 
        STOCK_KIWOOM.키움종목 (
         일자
        ,종목코드
        ,시장구분
        ,종목명
        )
         VALUES 
        (
         #{일자}
        ,#{종목코드}
        ,#{시장구분}
        ,#{종목명}
        )
    </insert>

    <update id="update">
    UPDATE 
        STOCK_KIWOOM.키움종목 T
         SET 
         <trim prefixOverrides=",">
            <if test="_종목명 != null and _종목명 != ''">, 종목명= #{_종목명} </if>
            <if test="_update_date != null and _update_date != ''">, update_date= #{_update_date} </if>
        </trim>
        <include refid="where-list"/>
    </update>

	<delete id="delete">
    DELETE FROM 
        STOCK_KIWOOM.키움종목 T
        <include refid="where-list"/>
    </delete>
    
	<sql id="where-list">
    <trim prefix="WHERE" prefixOverrides="AND">
        <if test="일자 != null and 일자 != ''">
            AND T.일자 = #{일자}
        </if>
        <if test="종목코드 != null and 종목코드 != ''">
            AND T.종목코드 = #{종목코드}
        </if>
        <if test="시장구분 != null and 시장구분 != ''">
            AND T.시장구분 = #{시장구분}
        </if>
        <if test="종목명 != null and 종목명 != ''">
            AND T.종목명 = #{종목명}
        </if>
    </trim>
	</sql>

    <select id="select_count">
    SELECT COUNT(*) AS count FROM STOCK_KIWOOM.키움종목 T
    <include refid="where-list"/>
    </select>

	<select id="select_list">
    SELECT 
         T.일자
        ,T.종목코드
        ,T.시장구분
        ,T.종목명
        ,DATE_FORMAT(T.insert_date,'%Y-%m-%d %H:%i:%s') AS insert_date
        ,DATE_FORMAT(T.update_date,'%Y-%m-%d %H:%i:%s') AS update_date
    FROM STOCK_KIWOOM.키움종목 T
    <include refid="where-list"/>
	<choose>
		<when test="order_by != null and order_by != ''">
			${order_by}
		</when>
		<otherwise>
		</otherwise>
	</choose>
	<if test="limit != null and limit != ''">
		limit #{limit}
	</if>
	</select>

</mapper>
