<?xml version="1.0" encoding="UTF-8"?>
<!DOCTYPE mapper PUBLIC "-//mybatis.org//DTD Mapper 3.0//EN" "http://mybatis.org/dtd/mybatis-3-mapper.dtd">

<mapper namespace="투자자별일별매매종목요청MapperXml">

    <insert id="merge">
    INSERT INTO 
        STOCK_KIWOOM.투자자별일별매매종목요청(
         투자자구분
        ,시장구분
        ,매매구분
        ,시작일자
        ,종료일자
        ,순번
        ,일자
        ,종목코드
        ,종목명
        ,순매도수량
        ,순매도금액
        ,추청평균가
        ,현재가
        ,대비기호
        ,전일대비
        ,평균가대비
        ,대비율
        ,기간거래량
    ) VALUES (
         #{투자자구분}
        ,#{시장구분}
        ,#{매매구분}
        ,#{시작일자}
        ,#{종료일자}
        ,#{순번}
        ,#{일자}
        ,#{종목코드}
        ,#{종목명}
        ,#{순매도수량}
        ,#{순매도금액}
        ,#{추청평균가}
        ,#{현재가}
        ,#{대비기호}
        ,#{전일대비}
        ,#{평균가대비}
        ,#{대비율}
        ,#{기간거래량}
    ) ON DUPLICATE KEY UPDATE 
    <trim prefixOverrides=","> 
        , 일자= #{일자}
        , 종목코드= #{종목코드}
        , 종목명= #{종목명}
        , 순매도수량= #{순매도수량}
        , 순매도금액= #{순매도금액}
        , 추청평균가= #{추청평균가}
        , 현재가= #{현재가}
        , 대비기호= #{대비기호}
        , 전일대비= #{전일대비}
        , 평균가대비= #{평균가대비}
        , 대비율= #{대비율}
        , 기간거래량= #{기간거래량}
        , update_date= #{update_date}
    </trim>
    </insert>

	<insert id="bulk_insert">
	INSERT INTO 
        STOCK_KIWOOM.투자자별일별매매종목요청 (
         투자자구분
        ,시장구분
        ,매매구분
        ,시작일자
        ,종료일자
        ,순번
        ,일자
        ,종목코드
        ,종목명
        ,순매도수량
        ,순매도금액
        ,추청평균가
        ,현재가
        ,대비기호
        ,전일대비
        ,평균가대비
        ,대비율
        ,기간거래량
        )
         VALUES
		<foreach collection="list" item="item" separator=",">
			(
                 #{item.투자자구분}
                ,#{item.시장구분}
                ,#{item.매매구분}
                ,#{item.시작일자}
                ,#{item.종료일자}
                ,#{item.순번}
                ,#{item.일자}
                ,#{item.종목코드}
                ,#{item.종목명}
                ,#{item.순매도수량}
                ,#{item.순매도금액}
                ,#{item.추청평균가}
                ,#{item.현재가}
                ,#{item.대비기호}
                ,#{item.전일대비}
                ,#{item.평균가대비}
                ,#{item.대비율}
                ,#{item.기간거래량}
			)
	 	</foreach>
	</insert>
	
    <insert id="insert">
    INSERT INTO 
        STOCK_KIWOOM.투자자별일별매매종목요청 (
         투자자구분
        ,시장구분
        ,매매구분
        ,시작일자
        ,종료일자
        ,순번
        ,일자
        ,종목코드
        ,종목명
        ,순매도수량
        ,순매도금액
        ,추청평균가
        ,현재가
        ,대비기호
        ,전일대비
        ,평균가대비
        ,대비율
        ,기간거래량
        )
         VALUES 
        (
         #{투자자구분}
        ,#{시장구분}
        ,#{매매구분}
        ,#{시작일자}
        ,#{종료일자}
        ,#{순번}
        ,#{일자}
        ,#{종목코드}
        ,#{종목명}
        ,#{순매도수량}
        ,#{순매도금액}
        ,#{추청평균가}
        ,#{현재가}
        ,#{대비기호}
        ,#{전일대비}
        ,#{평균가대비}
        ,#{대비율}
        ,#{기간거래량}
        )
    </insert>

    <update id="update">
    UPDATE 
        STOCK_KIWOOM.투자자별일별매매종목요청 T
         SET 
         <trim prefixOverrides=",">
            <if test="_일자 != null and _일자 != ''">, 일자= #{_일자} </if>
            <if test="_종목코드 != null and _종목코드 != ''">, 종목코드= #{_종목코드} </if>
            <if test="_종목명 != null and _종목명 != ''">, 종목명= #{_종목명} </if>
            <if test="_순매도수량 != null and _순매도수량 != ''">, 순매도수량= #{_순매도수량} </if>
            <if test="_순매도금액 != null and _순매도금액 != ''">, 순매도금액= #{_순매도금액} </if>
            <if test="_추청평균가 != null and _추청평균가 != ''">, 추청평균가= #{_추청평균가} </if>
            <if test="_현재가 != null and _현재가 != ''">, 현재가= #{_현재가} </if>
            <if test="_대비기호 != null and _대비기호 != ''">, 대비기호= #{_대비기호} </if>
            <if test="_전일대비 != null and _전일대비 != ''">, 전일대비= #{_전일대비} </if>
            <if test="_평균가대비 != null and _평균가대비 != ''">, 평균가대비= #{_평균가대비} </if>
            <if test="_대비율 != null and _대비율 != ''">, 대비율= #{_대비율} </if>
            <if test="_기간거래량 != null and _기간거래량 != ''">, 기간거래량= #{_기간거래량} </if>
            <if test="_update_date != null and _update_date != ''">, update_date= #{_update_date} </if>
        </trim>
        <include refid="where-list"/>
    </update>

	<delete id="delete">
    DELETE FROM 
        STOCK_KIWOOM.투자자별일별매매종목요청 T
        <include refid="where-list"/>
    </delete>
    
	<sql id="where-list">
    <trim prefix="WHERE" prefixOverrides="AND">
        <if test="투자자구분 != null and 투자자구분 != ''">
            AND T.투자자구분 = #{투자자구분}
        </if>
        <if test="시장구분 != null and 시장구분 != ''">
            AND T.시장구분 = #{시장구분}
        </if>
        <if test="매매구분 != null and 매매구분 != ''">
            AND T.매매구분 = #{매매구분}
        </if>
        <if test="시작일자 != null and 시작일자 != ''">
            AND T.시작일자 = #{시작일자}
        </if>
        <if test="종료일자 != null and 종료일자 != ''">
            AND T.종료일자 = #{종료일자}
        </if>
        <if test="순번 != null and 순번 != ''">
            AND T.순번 = #{순번}
        </if>
        <if test="일자 != null and 일자 != ''">
            AND T.일자 = #{일자}
        </if>
        <if test="종목코드 != null and 종목코드 != ''">
            AND T.종목코드 = #{종목코드}
        </if>
        <if test="종목명 != null and 종목명 != ''">
            AND T.종목명 = #{종목명}
        </if>
        <if test="순매도수량 != null and 순매도수량 != ''">
            AND T.순매도수량 = #{순매도수량}
        </if>
        <if test="순매도금액 != null and 순매도금액 != ''">
            AND T.순매도금액 = #{순매도금액}
        </if>
        <if test="추청평균가 != null and 추청평균가 != ''">
            AND T.추청평균가 = #{추청평균가}
        </if>
        <if test="현재가 != null and 현재가 != ''">
            AND T.현재가 = #{현재가}
        </if>
        <if test="대비기호 != null and 대비기호 != ''">
            AND T.대비기호 = #{대비기호}
        </if>
        <if test="전일대비 != null and 전일대비 != ''">
            AND T.전일대비 = #{전일대비}
        </if>
        <if test="평균가대비 != null and 평균가대비 != ''">
            AND T.평균가대비 = #{평균가대비}
        </if>
        <if test="대비율 != null and 대비율 != ''">
            AND T.대비율 = #{대비율}
        </if>
        <if test="기간거래량 != null and 기간거래량 != ''">
            AND T.기간거래량 = #{기간거래량}
        </if>
    </trim>
	</sql>

    <select id="select_count">
    SELECT COUNT(*) AS count FROM STOCK_KIWOOM.투자자별일별매매종목요청 T
    <include refid="where-list"/>
    </select>

	<select id="select_list">
    SELECT 
         T.투자자구분
        ,T.시장구분
        ,T.매매구분
        ,T.시작일자
        ,T.종료일자
        ,T.순번
        ,T.일자
        ,T.종목코드
        ,T.종목명
        ,T.순매도수량
        ,T.순매도금액
        ,T.추청평균가
        ,T.현재가
        ,T.대비기호
        ,T.전일대비
        ,T.평균가대비
        ,T.대비율
        ,T.기간거래량
        ,DATE_FORMAT(T.insert_date,'%Y-%m-%d %H:%i:%s') AS insert_date
        ,DATE_FORMAT(T.update_date,'%Y-%m-%d %H:%i:%s') AS update_date
    FROM STOCK_KIWOOM.투자자별일별매매종목요청 T
    <include refid="where-list"/>
	<choose>
		<when test="order_by != null and order_by != ''">
			${order_by}
		</when>
		<otherwise>
		</otherwise>
	</choose>
	<if test="limit != null and limit != ''">
		limit #{limit}
	</if>
	</select>

</mapper>
