<?xml version="1.0" encoding="UTF-8"?>
<beans xmlns:xsi="http://www.w3.org/2001/XMLSchema-instance" xmlns="http://www.springframework.org/schema/beans"
       xsi:schemaLocation="http://www.springframework.org/schema/beans http://www.springframework.org/schema/beans/spring-beans-4.0.xsd">

    <!-- 2018-08-17_220237
    PROTOTYPE TABLE ID Generation Config

    blockSize: Id Generation 내부적으로 사용하는 정보로 ID 요청시마다 DB접속을 하지 않기 위한 정보(지정한 횟수 마다 DB 접속 처리 . IDGEN_NEXT_ID 가 NUMBER형 일 때 동작 )
    table:테이블별 ID정보를 가지고있는 메인 테이블
    tableName: 사용하고자 하는 아이디 개별 인식을 위한 키 값.(대소문자 구분.)(대개의 경우는 테이블 별로 아이디가 필요하기에 tableName이라고 지정함)

    strategy: 아래에 정의된 MixPrefix 의 bean name 설정
    prefix: 아이디의 앞에 고정적으로 붙이고자 하는 설정값 지정
    cipers: prefix를 제외한 아이디의 길이 지정
    fillChar: 0을 대신하여 표현되는 문자

    DROP TABLE IDS;
    CREATE TABLE IDS
            (
                    IDGEN_TABLE_NM           VARCHAR2(30) NOT NULL ,
                    IDGEN_NEXT_ID              NUMBER(30) NOT NULL ,
                    DESCRIPT       VARCHAR2(100 BYTE)         NULL,
                    CONSTRAINT  IDX_COM_ID_CREAT_MNG PRIMARY KEY (TABLE_NAME)
            );
    INSERT INTO IDS (TABLE_NAME , IDGEN_NEXT_ID ) VALUES ('PROTOTYPE' , 0);
    -->
    <bean name="#camelTableName#IdGnrService" class="egovframework.rte.fdl.idgnr.impl.EgovTableIdGnrServiceImpl" destroy-method="destroy">
<!--        <property name="dataSource" ref="globals.dataSource"/>-->
        <property name="dataSource" ref="dataSource"/>
        <property name="strategy" ref="#camelTableName#Strategy"/>
        <property name="blockSize" value="10"/>
        <property name="table" value="COMTECOPSEQ"/>
        <property name="tableNameFieldName" value="COM_SEQUENECE"/>
        <property name="nextIdFieldName" value="NEXT_ID"/>
        <property name="tableName" value="COM_CLASS_CODE"/>
    </bean>
    <!-- 테이블 TEST ID Generation Strategy Config : 반환 Key 문자열 길이(15) = prefix(3) + cipers(12) -->
    <bean name="#camelTableName#Strategy" class="egovframework.rte.fdl.idgnr.impl.strategy.EgovIdGnrStrategyImpl">
        <property name="prefix" value="#prefix#"/>
        <property name="cipers" value="#cipers#"/>
        <property name="fillChar" value="0"/>
    </bean>


</beans>
